{"type":"FeatureCollection","features":[{"type":"Feature","properties":{"OBJECTID":45646,"KDPPUM":"64","NAMOBJ":"Kelurahan Air Hitam","REMARK":null,"KDPBPS":null,"FCODE":"BA03070040","LUASWH":null,"UUPP":"Hasil Delineasi Batas Desa 2018","SRS_ID":"SRGI 2013","METADATA":"TASWIL1000020200326DATA_BATAS_DESA_KELURAHAN","KDEBPS":null,"KDEPUM":"64.72.03.1006","KDCBPS":null,"KDCPUM":"64.72.03","KDBBPS":null,"WADMKD":"Kelurahan Air Hitam","WIADKD":null,"WADMKC":"Samarinda Ulu","WIADKC":null,"WADMKK":"Kota Samarinda","WIADKK":null,"WADMPR":"Kalimantan Timur","WIADPR":null,"TIPADM":2,"KDPKAB":"64.72","SHAPE_Leng":0.111776754348278,"SHAPE_Area":0.000374783414722},"geometry":{"type":"MultiPolygon","coordinates":[[[[117.139528,-0.452928,0],[117.138929,-0.448285,0],[117.13845,-0.448424,0],[117.138264,-0.448524,0],[117.138107,-0.448635,0],[117.137979,-0.448763,0],[117.137779,-0.449188,0],[117.137536,-0.449688,0],[117.137219,-0.450434,0],[117.136919,-0.451065,0],[117.136719,-0.451533,0],[117.136519,-0.451893,0],[117.136351,-0.452108,0],[117.136187,-0.452293,0],[117.135991,-0.452489,0],[117.135677,-0.452757,0],[117.135484,-0.452971,0],[117.135309,-0.4532,0],[117.135177,-0.453442,0],[117.135081,-0.45371,0],[117.135024,-0.454024,0],[117.135013,-0.454281,0],[117.134977,-0.454663,0],[117.134902,-0.455077,0],[117.134824,-0.455384,0],[117.134702,-0.45563,0],[117.134599,-0.455859,0],[117.134267,-0.456319,0],[117.134024,-0.456601,0],[117.133721,-0.456919,0],[117.133303,-0.457326,0],[117.132825,-0.45779,0],[117.132404,-0.4581,0],[117.131822,-0.458443,0],[117.131497,-0.458628,0],[117.130923,-0.458839,0],[117.13027,-0.45906,0],[117.12998,-0.459171,0],[117.129729,-0.459271,0],[117.129209,-0.459604,0],[117.128906,-0.459889,0],[117.128503,-0.460489,0],[117.128339,-0.460756,0],[117.127907,-0.46126,0],[117.127618,-0.461524,0],[117.127064,-0.461889,0],[117.126593,-0.462316,0],[117.126365,-0.46258,0],[117.12606,-0.463014,0],[117.125708,-0.463751,0],[117.125412,-0.464497,0],[117.125187,-0.465064,0],[117.124827,-0.465718,0],[117.124598,-0.466107,0],[117.124366,-0.466456,0],[117.124081,-0.466763,0],[117.123724,-0.467117,0],[117.123673,-0.467159,0],[117.123962,-0.46767,0],[117.124016,-0.467823,0],[117.124023,-0.467837,0],[117.124092,-0.467967,0],[117.12413,-0.468102,0],[117.124207,-0.468309,0],[117.124229,-0.468453,0],[117.124298,-0.468596,0],[117.124329,-0.468704,0],[117.124382,-0.468956,0],[117.124405,-0.469055,0],[117.124428,-0.469208,0],[117.124451,-0.469307,0],[117.124527,-0.469451,0],[117.124588,-0.469703,0],[117.124634,-0.469856,0],[117.124687,-0.470044,0],[117.124687,-0.470152,0],[117.124733,-0.470287,0],[117.124768,-0.470446,0],[117.124771,-0.470458,0],[117.124809,-0.470638,0],[117.124832,-0.470737,0],[117.124855,-0.470836,0],[117.124878,-0.47098,0],[117.124924,-0.471187,0],[117.124947,-0.471439,0],[117.124947,-0.471547,0],[117.124992,-0.47178,0],[117.124992,-0.47196,0],[117.125031,-0.472104,0],[117.125031,-0.472248,0],[117.125046,-0.472446,0],[117.125067,-0.472548,0],[117.125069,-0.472554,0],[117.125069,-0.472563,0],[117.125069,-0.472653,0],[117.12508,-0.472702,0],[117.125099,-0.472788,0],[117.125137,-0.473004,0],[117.12516,-0.473211,0],[117.125183,-0.473373,0],[117.125229,-0.473507,0],[117.125229,-0.473625,0],[117.125229,-0.473678,0],[117.125259,-0.473777,0],[117.125305,-0.473966,0],[117.125336,-0.474092,0],[117.125389,-0.474272,0],[117.125427,-0.474389,0],[117.125488,-0.47456,0],[117.125542,-0.474704,0],[117.12558,-0.474829,0],[117.125641,-0.474964,0],[117.125664,-0.475099,0],[117.125732,-0.475288,0],[117.125839,-0.475531,0],[117.125931,-0.475756,0],[117.125977,-0.475855,0],[117.126022,-0.475945,0],[117.126083,-0.476097,0],[117.12619,-0.476295,0],[117.126259,-0.476457,0],[117.126328,-0.476574,0],[117.126411,-0.476727,0],[117.126503,-0.47688,0],[117.126526,-0.47697,0],[117.126633,-0.477122,0],[117.126724,-0.477266,0],[117.126762,-0.477356,0],[117.126808,-0.477446,0],[117.126869,-0.477554,0],[117.126953,-0.477698,0],[117.127052,-0.477833,0],[117.127151,-0.477995,0],[117.127213,-0.478121,0],[117.127373,-0.47839,0],[117.127457,-0.478507,0],[117.127502,-0.478597,0],[117.127579,-0.478714,0],[117.127625,-0.478804,0],[117.127716,-0.478948,0],[117.127762,-0.479047,0],[117.127899,-0.479289,0],[117.127983,-0.479441,0],[117.127983,-0.479442,0],[117.127986,-0.479447,0],[117.128075,-0.479613,0],[117.128113,-0.479703,0],[117.128159,-0.479811,0],[117.128233,-0.479907,0],[117.128242,-0.479919,0],[117.128249,-0.479939,0],[117.128349,-0.48026,0],[117.128387,-0.48035,0],[117.128479,-0.480602,0],[117.128555,-0.480728,0],[117.128639,-0.480971,0],[117.128677,-0.481061,0],[117.128746,-0.48125,0],[117.128792,-0.481555,0],[117.12883,-0.481726,0],[117.128845,-0.481852,0],[117.128868,-0.481996,0],[117.128868,-0.482104,0],[117.128891,-0.482302,0],[117.128883,-0.482734,0],[117.128922,-0.48286,0],[117.128921,-0.485208,0],[117.128876,-0.485541,0],[117.128876,-0.485702,0],[117.128845,-0.486044,0],[117.128845,-0.486251,0],[117.128815,-0.486395,0],[117.128815,-0.486512,0],[117.128792,-0.486674,0],[117.128784,-0.48716,0],[117.128761,-0.487313,0],[117.128738,-0.487502,0],[117.128708,-0.487709,0],[117.128708,-0.488042,0],[117.128685,-0.488221,0],[117.128662,-0.488338,0],[117.128662,-0.488599,0],[117.128632,-0.488779,0],[117.128586,-0.489067,0],[117.128586,-0.489733,0],[117.128563,-0.489823,0],[117.128563,-0.490983,0],[117.128593,-0.491109,0],[117.127174,-0.491467,0],[117.126671,-0.491594,0],[117.126719,-0.491817,0],[117.126448,-0.491953,0],[117.125809,-0.492231,0],[117.125862,-0.493034,0],[117.126292,-0.493057,0],[117.126406,-0.493047,0],[117.126403,-0.49303,0],[117.126666,-0.493038,0],[117.126863,-0.493018,0],[117.127137,-0.49298,0],[117.127369,-0.492951,0],[117.127362,-0.492674,0],[117.127322,-0.492343,0],[117.1273,-0.492165,0],[117.127285,-0.491947,0],[117.127384,-0.491931,0],[117.127537,-0.491894,0],[117.127675,-0.491851,0],[117.127777,-0.491837,0],[117.127983,-0.491851,0],[117.128101,-0.49186,0],[117.128195,-0.491844,0],[117.128255,-0.491864,0],[117.128282,-0.491913,0],[117.128245,-0.491984,0],[117.128228,-0.492077,0],[117.128278,-0.492216,0],[117.128329,-0.492337,0],[117.128418,-0.492419,0],[117.128387,-0.492488,0],[117.128411,-0.492558,0],[117.128398,-0.492598,0],[117.128417,-0.492639,0],[117.128542,-0.492788,0],[117.128633,-0.492899,0],[117.12873,-0.492917,0],[117.128809,-0.492856,0],[117.128878,-0.492786,0],[117.128965,-0.492725,0],[117.129046,-0.492728,0],[117.129202,-0.492771,0],[117.129302,-0.492737,0],[117.129397,-0.492699,0],[117.129549,-0.492676,0],[117.129692,-0.492674,0],[117.130273,-0.492353,0],[117.130361,-0.492196,0],[117.130401,-0.492053,0],[117.130401,-0.491889,0],[117.130349,-0.491658,0],[117.130335,-0.491525,0],[117.130361,-0.491432,0],[117.130444,-0.491323,0],[117.130546,-0.491268,0],[117.130571,-0.491208,0],[117.13065,-0.490915,0],[117.130826,-0.490767,0],[117.131169,-0.490634,0],[117.131459,-0.490572,0],[117.131611,-0.490496,0],[117.131702,-0.490425,0],[117.132044,-0.490315,0],[117.132273,-0.490139,0],[117.132325,-0.490049,0],[117.13241,-0.489928,0],[117.132584,-0.490002,0],[117.133031,-0.490334,0],[117.133365,-0.489451,0],[117.133567,-0.488517,0],[117.133751,-0.487952,0],[117.1339,-0.487381,0],[117.134049,-0.487042,0],[117.134287,-0.486661,0],[117.134394,-0.486346,0],[117.134477,-0.485935,0],[117.134525,-0.485721,0],[117.134584,-0.485549,0],[117.134787,-0.485352,0],[117.134976,-0.48523,0],[117.134947,-0.48434,0],[117.134988,-0.483844,0],[117.13494,-0.483432,0],[117.134812,-0.482987,0],[117.134745,-0.482685,0],[117.134681,-0.482617,0],[117.134388,-0.48261,0],[117.134242,-0.482624,0],[117.133768,-0.482673,0],[117.133575,-0.482174,0],[117.133387,-0.481822,0],[117.134261,-0.481409,0],[117.134598,-0.481121,0],[117.135273,-0.480606,0],[117.135709,-0.480186,0],[117.136606,-0.477921,0],[117.137666,-0.47528,0],[117.13814,-0.474408,0],[117.138136,-0.473951,0],[117.138107,-0.473685,0],[117.138155,-0.47337,0],[117.138566,-0.47243,0],[117.138536,-0.472155,0],[117.138682,-0.471705,0],[117.13885,-0.471313,0],[117.138989,-0.470949,0],[117.139056,-0.470581,0],[117.139056,-0.47044,0],[117.138979,-0.470131,0],[117.13892,-0.469786,0],[117.138842,-0.469119,0],[117.138743,-0.468346,0],[117.138724,-0.467689,0],[117.138705,-0.467227,0],[117.138777,-0.466918,0],[117.13893,-0.466389,0],[117.139039,-0.466003,0],[117.139149,-0.46558,0],[117.139419,-0.464602,0],[117.13964,-0.463896,0],[117.139719,-0.463492,0],[117.139758,-0.463171,0],[117.139769,-0.46258,0],[117.139805,-0.461932,0],[117.139867,-0.461369,0],[117.139906,-0.460801,0],[117.139873,-0.460257,0],[117.139805,-0.459733,0],[117.139757,-0.459452,0],[117.139737,-0.459332,0],[117.139656,-0.458116,0],[117.139656,-0.457764,0],[117.139756,-0.457454,0],[117.140251,-0.456117,0],[117.14028,-0.455732,0],[117.140251,-0.455455,0],[117.140099,-0.454975,0],[117.139874,-0.454286,0],[117.13996,-0.454044,0],[117.140227,-0.453308,0],[117.139528,-0.452928,0]]]]}},{"type":"Feature","properties":{"OBJECTID":45647,"KDPPUM":"64","NAMOBJ":"Kelurahan Air Putih","REMARK":null,"KDPBPS":null,"FCODE":"BA03070040","LUASWH":null,"UUPP":"Hasil Delineasi Batas Desa 2018","SRS_ID":"SRGI 2013","METADATA":"TASWIL1000020200326DATA_BATAS_DESA_KELURAHAN","KDEBPS":null,"KDEPUM":"64.72.03.1004","KDCBPS":null,"KDCPUM":"64.72.03","KDBBPS":null,"WADMKD":"Kelurahan Air Putih","WIADKD":null,"WADMKC":"Samarinda Ulu","WIADKC":null,"WADMKK":"Kota Samarinda","WIADKK":null,"WADMPR":"Kalimantan Timur","WIADPR":null,"TIPADM":2,"KDPKAB":"64.72","SHAPE_Leng":0.092443973931844,"SHAPE_Area":0.000388206755959},"geometry":{"type":"MultiPolygon","coordinates":[[[[117.126406,-0.493047,0],[117.126292,-0.493057,0],[117.125862,-0.493034,0],[117.125809,-0.492231,0],[117.126448,-0.491953,0],[117.126719,-0.491817,0],[117.126671,-0.491594,0],[117.127174,-0.491467,0],[117.128593,-0.491109,0],[117.128563,-0.490983,0],[117.128563,-0.489823,0],[117.128586,-0.489733,0],[117.128586,-0.489067,0],[117.128632,-0.488779,0],[117.128662,-0.488599,0],[117.128662,-0.488338,0],[117.128685,-0.488221,0],[117.128708,-0.488042,0],[117.128708,-0.487709,0],[117.128738,-0.487502,0],[117.128761,-0.487313,0],[117.128784,-0.48716,0],[117.128792,-0.486674,0],[117.128815,-0.486512,0],[117.128815,-0.486395,0],[117.128845,-0.486251,0],[117.128845,-0.486044,0],[117.128876,-0.485702,0],[117.128876,-0.485541,0],[117.128921,-0.485208,0],[117.128922,-0.48286,0],[117.128883,-0.482734,0],[117.128891,-0.482302,0],[117.128868,-0.482104,0],[117.128868,-0.481996,0],[117.128845,-0.481852,0],[117.12883,-0.481726,0],[117.128792,-0.481555,0],[117.128746,-0.48125,0],[117.128677,-0.481061,0],[117.128639,-0.480971,0],[117.128555,-0.480728,0],[117.128479,-0.480602,0],[117.128387,-0.48035,0],[117.128349,-0.48026,0],[117.128249,-0.479939,0],[117.128242,-0.479919,0],[117.128233,-0.479907,0],[117.128159,-0.479811,0],[117.128113,-0.479703,0],[117.128075,-0.479613,0],[117.127986,-0.479447,0],[117.127983,-0.479442,0],[117.127983,-0.479441,0],[117.127899,-0.479289,0],[117.127762,-0.479047,0],[117.127716,-0.478948,0],[117.127625,-0.478804,0],[117.127579,-0.478714,0],[117.127502,-0.478597,0],[117.127457,-0.478507,0],[117.127373,-0.47839,0],[117.127213,-0.478121,0],[117.127151,-0.477995,0],[117.127052,-0.477833,0],[117.126953,-0.477698,0],[117.126869,-0.477554,0],[117.126808,-0.477446,0],[117.126762,-0.477356,0],[117.126724,-0.477266,0],[117.126633,-0.477122,0],[117.126526,-0.47697,0],[117.126503,-0.47688,0],[117.126411,-0.476727,0],[117.126328,-0.476574,0],[117.126259,-0.476457,0],[117.12619,-0.476295,0],[117.126083,-0.476097,0],[117.126022,-0.475945,0],[117.125977,-0.475855,0],[117.125931,-0.475756,0],[117.125839,-0.475531,0],[117.125732,-0.475288,0],[117.125664,-0.475099,0],[117.125641,-0.474964,0],[117.12558,-0.474829,0],[117.125542,-0.474704,0],[117.125488,-0.47456,0],[117.125427,-0.474389,0],[117.125389,-0.474272,0],[117.125336,-0.474092,0],[117.125305,-0.473966,0],[117.125259,-0.473777,0],[117.125229,-0.473678,0],[117.125229,-0.473625,0],[117.125229,-0.473507,0],[117.125183,-0.473373,0],[117.12516,-0.473211,0],[117.125137,-0.473004,0],[117.125099,-0.472788,0],[117.12508,-0.472702,0],[117.125069,-0.472653,0],[117.125069,-0.472563,0],[117.125069,-0.472554,0],[117.125067,-0.472548,0],[117.125046,-0.472446,0],[117.125031,-0.472248,0],[117.125031,-0.472104,0],[117.124992,-0.47196,0],[117.124992,-0.47178,0],[117.124947,-0.471547,0],[117.124947,-0.471439,0],[117.124924,-0.471187,0],[117.124878,-0.47098,0],[117.124855,-0.470836,0],[117.124832,-0.470737,0],[117.124809,-0.470638,0],[117.124771,-0.470458,0],[117.124768,-0.470446,0],[117.124733,-0.470287,0],[117.124687,-0.470152,0],[117.124687,-0.470044,0],[117.124634,-0.469856,0],[117.124588,-0.469703,0],[117.124527,-0.469451,0],[117.124451,-0.469307,0],[117.124428,-0.469208,0],[117.124405,-0.469055,0],[117.124382,-0.468956,0],[117.124329,-0.468704,0],[117.124298,-0.468596,0],[117.124229,-0.468453,0],[117.124207,-0.468309,0],[117.12413,-0.468102,0],[117.124092,-0.467967,0],[117.124023,-0.467837,0],[117.124016,-0.467823,0],[117.123962,-0.46767,0],[117.123673,-0.467159,0],[117.123417,-0.467374,0],[117.122975,-0.467651,0],[117.122351,-0.467934,0],[117.122247,-0.467957,0],[117.122099,-0.467981,0],[117.121994,-0.467948,0],[117.121861,-0.4679,0],[117.121661,-0.467829,0],[117.121476,-0.467762,0],[117.121347,-0.467739,0],[117.121242,-0.467729,0],[117.121,-0.467753,0],[117.119686,-0.467651,0],[117.118588,-0.467651,0],[117.116602,-0.467589,0],[117.116394,-0.46761,0],[117.116273,-0.467648,0],[117.115939,-0.467872,0],[117.11509,-0.468793,0],[117.114758,-0.469269,0],[117.11394,-0.470068,0],[117.113252,-0.470871,0],[117.113055,-0.471219,0],[117.112913,-0.471472,0],[117.112527,-0.471794,0],[117.112209,-0.472008,0],[117.111909,-0.47219,0],[117.111527,-0.472433,0],[117.111353,-0.472604,0],[117.111235,-0.472779,0],[117.111131,-0.472993,0],[117.110971,-0.473382,0],[117.110828,-0.473782,0],[117.110683,-0.47407,0],[117.110542,-0.474442,0],[117.110389,-0.474681,0],[117.110196,-0.47491,0],[117.109986,-0.475102,0],[117.109736,-0.475313,0],[117.109522,-0.475445,0],[117.1093,-0.47557,0],[117.109161,-0.475606,0],[117.109018,-0.475606,0],[117.108804,-0.475556,0],[117.108454,-0.475424,0],[117.108037,-0.475252,0],[117.107434,-0.475088,0],[117.106752,-0.474844,0],[117.106327,-0.474733,0],[117.105974,-0.474686,0],[117.105481,-0.474761,0],[117.104944,-0.474842,0],[117.104443,-0.474945,0],[117.103824,-0.475081,0],[117.103764,-0.475093,0],[117.102905,-0.475311,0],[117.102546,-0.475392,0],[117.102198,-0.475525,0],[117.101954,-0.47568,0],[117.101728,-0.475879,0],[117.101401,-0.476256,0],[117.1014,-0.476257,0],[117.10207,-0.477019,0],[117.102837,-0.477891,0],[117.109268,-0.481699,0],[117.118367,-0.491684,0],[117.118927,-0.492119,0],[117.119169,-0.491907,0],[117.119453,-0.491598,0],[117.119953,-0.490821,0],[117.119977,-0.490617,0],[117.120039,-0.490553,0],[117.120138,-0.490348,0],[117.120412,-0.49041,0],[117.120923,-0.490657,0],[117.121001,-0.490814,0],[117.121538,-0.491071,0],[117.122297,-0.491107,0],[117.122635,-0.49099,0],[117.122843,-0.491006,0],[117.122891,-0.490549,0],[117.123391,-0.490391,0],[117.123436,-0.490624,0],[117.123439,-0.490735,0],[117.123486,-0.490849,0],[117.123581,-0.490917,0],[117.123557,-0.491242,0],[117.123592,-0.491453,0],[117.124124,-0.491356,0],[117.124188,-0.491588,0],[117.124231,-0.491816,0],[117.124324,-0.492069,0],[117.124543,-0.492035,0],[117.124565,-0.492278,0],[117.124763,-0.492185,0],[117.124842,-0.492406,0],[117.124767,-0.49247,0],[117.124895,-0.49287,0],[117.124881,-0.493031,0],[117.125059,-0.493082,0],[117.125213,-0.493159,0],[117.12546,-0.493187,0],[117.125563,-0.493227,0],[117.125591,-0.493196,0],[117.125956,-0.493252,0],[117.126227,-0.4933,0],[117.126445,-0.49333,0],[117.126406,-0.493047,0]]]]}},{"type":"Feature","properties":{"OBJECTID":45652,"KDPPUM":"64","NAMOBJ":"Kelurahan Bandara","REMARK":null,"KDPBPS":null,"FCODE":"BA03070040","LUASWH":null,"UUPP":"Hasil Delineasi Batas Desa 2018","SRS_ID":"SRGI 2013","METADATA":"TASWIL1000020200326DATA_BATAS_DESA_KELURAHAN","KDEBPS":null,"KDEPUM":"64.72.08.1005","KDCBPS":null,"KDCPUM":"64.72.08","KDBBPS":null,"WADMKD":"Kelurahan Bandara","WIADKD":null,"WADMKC":"Sungai Pinang","WIADKC":null,"WADMKK":"Kota Samarinda","WIADKK":null,"WADMPR":"Kalimantan Timur","WIADPR":null,"TIPADM":2,"KDPKAB":"64.72","SHAPE_Leng":0.037755671601279,"SHAPE_Area":0.00005514281214,"visibility":false},"geometry":{"type":"MultiPolygon","coordinates":[[[[117.157473,-0.480925,0],[117.157229,-0.48087,0],[117.156633,-0.480441,0],[117.156041,-0.480016,0],[117.15564,-0.479785,0],[117.154906,-0.479353,0],[117.154801,-0.479297,0],[117.154787,-0.47929,0],[117.153476,-0.480071,0],[117.152427,-0.480622,0],[117.152297,-0.48069,0],[117.15136,-0.481256,0],[117.150879,-0.481491,0],[117.150739,-0.482685,0],[117.150668,-0.482969,0],[117.150663,-0.483237,0],[117.150668,-0.483506,0],[117.150678,-0.483799,0],[117.150736,-0.484012,0],[117.150793,-0.484287,0],[117.150962,-0.48453,0],[117.151088,-0.484653,0],[117.151281,-0.484843,0],[117.151368,-0.484977,0],[117.151439,-0.485129,0],[117.151487,-0.485274,0],[117.151534,-0.485588,0],[117.151644,-0.486104,0],[117.151652,-0.486417,0],[117.151588,-0.487295,0],[117.15155,-0.487624,0],[117.151435,-0.487835,0],[117.151433,-0.487839,0],[117.151739,-0.4886,0],[117.152149,-0.489621,0],[117.152172,-0.48974,0],[117.152184,-0.489808,0],[117.152207,-0.489931,0],[117.152228,-0.490044,0],[117.152246,-0.490157,0],[117.152261,-0.490268,0],[117.15227,-0.490371,0],[117.152272,-0.490483,0],[117.152277,-0.490601,0],[117.152285,-0.490697,0],[117.152295,-0.490791,0],[117.152296,-0.490794,0],[117.152299,-0.49084,0],[117.152305,-0.490852,0],[117.152306,-0.490857,0],[117.152328,-0.490924,0],[117.152363,-0.490993,0],[117.152408,-0.491066,0],[117.15247,-0.491138,0],[117.152507,-0.491167,0],[117.152536,-0.491187,0],[117.152553,-0.491199,0],[117.152554,-0.4912,0],[117.15256,-0.491204,0],[117.152561,-0.491204,0],[117.15257,-0.49121,0],[117.152626,-0.491246,0],[117.152626,-0.491246,0],[117.152639,-0.491226,0],[117.153047,-0.490642,0],[117.152958,-0.489902,0],[117.152981,-0.489288,0],[117.152971,-0.489075,0],[117.153207,-0.489194,0],[117.15345,-0.489422,0],[117.153739,-0.489705,0],[117.153752,-0.489718,0],[117.154078,-0.489333,0],[117.154663,-0.488696,0],[117.154681,-0.488679,0],[117.154688,-0.488675,0],[117.154694,-0.488672,0],[117.154704,-0.488672,0],[117.154713,-0.488672,0],[117.15472,-0.488673,0],[117.154726,-0.488671,0],[117.154734,-0.488665,0],[117.154825,-0.48853,0],[117.15493,-0.488375,0],[117.155003,-0.488263,0],[117.155063,-0.488168,0],[117.155123,-0.488072,0],[117.155187,-0.487975,0],[117.155238,-0.487898,0],[117.155298,-0.487802,0],[117.155369,-0.487697,0],[117.155454,-0.487567,0],[117.155544,-0.487428,0],[117.155634,-0.487293,0],[117.15573,-0.487146,0],[117.155796,-0.487044,0],[117.155889,-0.486902,0],[117.155949,-0.486817,0],[117.156021,-0.486707,0],[117.156117,-0.486566,0],[117.156204,-0.486435,0],[117.156283,-0.486314,0],[117.156345,-0.486218,0],[117.15643,-0.486091,0],[117.156496,-0.485993,0],[117.156564,-0.485895,0],[117.15664,-0.485781,0],[117.156715,-0.485669,0],[117.156795,-0.485548,0],[117.156873,-0.48543,0],[117.156977,-0.485276,0],[117.15706,-0.48515,0],[117.157132,-0.485035,0],[117.157202,-0.484928,0],[117.15725,-0.484856,0],[117.157285,-0.484805,0],[117.157356,-0.484696,0],[117.157434,-0.484575,0],[117.157474,-0.484513,0],[117.157782,-0.484055,0],[117.159159,-0.482008,0],[117.159173,-0.481989,0],[117.159279,-0.481831,0],[117.160537,-0.479955,0],[117.159921,-0.479511,0],[117.159139,-0.480741,0],[117.159059,-0.480867,0],[117.158567,-0.481579,0],[117.157473,-0.480925,0]]]]}},{"type":"Feature","properties":{"OBJECTID":45653,"KDPPUM":"64","NAMOBJ":"Kelurahan Bantuas","REMARK":null,"KDPBPS":null,"FCODE":"BA03070040","LUASWH":null,"UUPP":"Hasil Delineasi Batas Desa 2018","SRS_ID":"SRGI 2013","METADATA":"TASWIL1000020200326DATA_BATAS_DESA_KELURAHAN","KDEBPS":null,"KDEPUM":"64.72.01.1005","KDCBPS":null,"KDCPUM":"64.72.01","KDBBPS":null,"WADMKD":"Kelurahan Bantuas","WIADKD":null,"WADMKC":"Palaran","WIADKC":null,"WADMKK":"Kota Samarinda","WIADKK":null,"WADMPR":"Kalimantan Timur","WIADPR":null,"TIPADM":2,"KDPKAB":"64.72","SHAPE_Leng":0.512848493735237,"SHAPE_Area":0.005178366496121,"visibility":false},"geometry":{"type":"MultiPolygon","coordinates":[[[[117.274709,-0.586279,0],[117.273378,-0.585366,0],[117.268924,-0.582741,0],[117.2642,-0.580841,0],[117.258133,-0.57851,0],[117.256195,-0.580782,0],[117.255899,-0.581246,0],[117.253889,-0.584661,0],[117.253353,-0.585518,0],[117.25327,-0.585898,0],[117.253187,-0.586434,0],[117.253127,-0.587214,0],[117.252973,-0.588123,0],[117.252757,-0.58929,0],[117.252703,-0.589614,0],[117.25157,-0.590785,0],[117.248617,-0.598698,0],[117.248936,-0.59988,0],[117.24796,-0.602073,0],[117.244725,-0.601392,0],[117.244605,-0.601375,0],[117.244487,-0.601454,0],[117.244451,-0.601596,0],[117.244398,-0.601768,0],[117.244254,-0.602037,0],[117.244062,-0.602181,0],[117.243809,-0.602413,0],[117.243612,-0.602616,0],[117.243466,-0.602866,0],[117.243441,-0.603069,0],[117.24348,-0.60324,0],[117.243742,-0.603479,0],[117.24499,-0.604486,0],[117.245029,-0.604659,0],[117.245561,-0.605147,0],[117.245474,-0.605881,0],[117.24515,-0.606318,0],[117.244743,-0.607049,0],[117.244624,-0.607471,0],[117.244326,-0.608669,0],[117.243606,-0.609251,0],[117.24348,-0.609249,0],[117.2421,-0.608036,0],[117.240395,-0.607519,0],[117.240352,-0.607521,0],[117.231886,-0.607825,0],[117.231077,-0.607863,0],[117.230827,-0.608042,0],[117.230259,-0.609231,0],[117.229217,-0.611982,0],[117.227341,-0.614089,0],[117.225649,-0.615517,0],[117.223114,-0.626585,0],[117.21435,-0.624842,0],[117.211589,-0.624828,0],[117.201383,-0.617529,0],[117.201256,-0.61777,0],[117.20109,-0.618052,0],[117.200985,-0.618302,0],[117.200816,-0.618621,0],[117.200708,-0.618793,0],[117.200422,-0.619285,0],[117.20033,-0.619453,0],[117.200262,-0.619601,0],[117.200185,-0.619842,0],[117.200051,-0.620263,0],[117.199908,-0.62065,0],[117.199857,-0.620818,0],[117.19978,-0.62106,0],[117.199616,-0.621417,0],[117.199423,-0.621786,0],[117.199323,-0.621977,0],[117.199165,-0.622252,0],[117.199042,-0.622447,0],[117.198977,-0.62266,0],[117.198889,-0.622995,0],[117.198793,-0.623384,0],[117.198692,-0.623725,0],[117.198616,-0.62397,0],[117.198491,-0.624202,0],[117.19835,-0.624397,0],[117.198224,-0.624541,0],[117.198153,-0.624695,0],[117.198119,-0.624831,0],[117.198116,-0.625041,0],[117.198162,-0.62558,0],[117.198165,-0.625796,0],[117.19816,-0.62601,0],[117.19813,-0.62616,0],[117.198084,-0.626296,0],[117.198005,-0.626471,0],[117.197918,-0.626588,0],[117.197799,-0.626693,0],[117.197612,-0.626888,0],[117.197458,-0.62704,0],[117.197385,-0.627134,0],[117.197315,-0.627275,0],[117.197255,-0.627405,0],[117.197235,-0.627476,0],[117.197268,-0.627618,0],[117.19737,-0.628027,0],[117.197468,-0.628411,0],[117.1976,-0.628962,0],[117.197795,-0.629518,0],[117.19791,-0.629789,0],[117.198032,-0.63006,0],[117.198186,-0.630295,0],[117.19835,-0.630484,0],[117.198451,-0.630588,0],[117.198563,-0.630702,0],[117.198688,-0.630777,0],[117.198809,-0.630819,0],[117.198971,-0.630845,0],[117.199108,-0.630817,0],[117.199252,-0.630806,0],[117.199467,-0.630783,0],[117.199684,-0.630724,0],[117.199925,-0.630614,0],[117.200076,-0.630541,0],[117.200291,-0.630437,0],[117.200506,-0.630351,0],[117.200684,-0.630305,0],[117.20081,-0.630277,0],[117.200962,-0.630273,0],[117.201093,-0.630293,0],[117.201275,-0.630333,0],[117.201456,-0.630394,0],[117.20171,-0.630496,0],[117.202009,-0.630631,0],[117.202328,-0.630762,0],[117.2027,-0.630864,0],[117.202897,-0.630869,0],[117.203045,-0.630847,0],[117.203222,-0.6308,0],[117.203375,-0.630719,0],[117.203692,-0.630546,0],[117.204046,-0.630397,0],[117.204225,-0.630349,0],[117.20434,-0.630318,0],[117.204497,-0.630302,0],[117.204667,-0.630304,0],[117.20481,-0.630328,0],[117.204893,-0.630386,0],[117.204955,-0.630478,0],[117.205002,-0.630637,0],[117.205031,-0.630776,0],[117.20505,-0.630912,0],[117.205064,-0.631058,0],[117.205064,-0.631191,0],[117.205043,-0.631276,0],[117.204977,-0.631505,0],[117.204896,-0.631763,0],[117.204786,-0.632066,0],[117.204648,-0.632487,0],[117.204612,-0.632692,0],[117.204594,-0.633018,0],[117.204647,-0.633318,0],[117.204728,-0.633533,0],[117.20485,-0.633705,0],[117.204973,-0.633852,0],[117.205173,-0.634048,0],[117.205326,-0.634209,0],[117.205525,-0.634346,0],[117.205718,-0.634524,0],[117.205829,-0.634616,0],[117.205896,-0.634675,0],[117.205999,-0.634801,0],[117.206061,-0.634934,0],[117.206102,-0.635086,0],[117.206147,-0.635303,0],[117.206199,-0.635585,0],[117.206323,-0.636174,0],[117.206393,-0.636603,0],[117.206433,-0.636909,0],[117.206463,-0.637267,0],[117.206492,-0.637623,0],[117.206535,-0.637889,0],[117.206561,-0.637977,0],[117.206643,-0.638183,0],[117.206643,-0.638203,0],[117.206755,-0.638358,0],[117.206891,-0.638588,0],[117.20699,-0.6388,0],[117.207009,-0.638847,0],[117.207095,-0.63906,0],[117.207277,-0.639455,0],[117.20734,-0.639552,0],[117.207974,-0.640141,0],[117.208288,-0.640452,0],[117.208393,-0.640576,0],[117.208611,-0.640728,0],[117.208866,-0.640914,0],[117.209479,-0.641173,0],[117.209888,-0.641199,0],[117.210253,-0.641187,0],[117.210448,-0.641214,0],[117.210753,-0.641509,0],[117.210934,-0.641737,0],[117.211172,-0.642028,0],[117.211314,-0.642237,0],[117.211419,-0.642489,0],[117.211491,-0.642946,0],[117.211464,-0.643351,0],[117.211419,-0.643853,0],[117.211303,-0.644606,0],[117.21127,-0.644966,0],[117.211232,-0.645129,0],[117.211143,-0.645233,0],[117.210931,-0.645266,0],[117.210324,-0.645335,0],[117.210178,-0.645361,0],[117.210011,-0.645415,0],[117.209864,-0.64552,0],[117.209773,-0.645629,0],[117.209705,-0.645738,0],[117.209684,-0.645946,0],[117.20967,-0.646164,0],[117.209705,-0.64639,0],[117.209827,-0.64679,0],[117.209844,-0.646908,0],[117.209839,-0.647038,0],[117.209812,-0.647148,0],[117.20974,-0.647282,0],[117.209424,-0.647569,0],[117.209383,-0.647611,0],[117.208905,-0.648025,0],[117.208684,-0.648189,0],[117.20838,-0.648289,0],[117.208184,-0.648353,0],[117.208002,-0.648389,0],[117.207891,-0.648364,0],[117.207781,-0.648275,0],[117.207609,-0.648093,0],[117.207442,-0.647932,0],[117.207235,-0.647789,0],[117.206949,-0.647643,0],[117.206653,-0.647536,0],[117.206396,-0.647486,0],[117.206228,-0.647525,0],[117.206032,-0.647611,0],[117.205846,-0.647718,0],[117.205643,-0.647936,0],[117.205504,-0.648218,0],[117.205243,-0.648628,0],[117.205008,-0.649023,0],[117.204965,-0.649083,0],[117.204917,-0.649119,0],[117.204814,-0.649185,0],[117.204628,-0.649281,0],[117.203487,-0.649925,0],[117.203246,-0.650026,0],[117.203124,-0.650056,0],[117.20302,-0.650071,0],[117.202895,-0.650071,0],[117.20272,-0.650062,0],[117.202401,-0.650038,0],[117.202199,-0.650017,0],[117.202068,-0.65,0],[117.201851,-0.649994,0],[117.201479,-0.65,0],[117.201143,-0.650006,0],[117.20095,-0.650017,0],[117.200587,-0.65,0],[117.200444,-0.649991,0],[117.200263,-0.649988,0],[117.200081,-0.649976,0],[117.199948,-0.649961,0],[117.199784,-0.649922,0],[117.199513,-0.649875,0],[117.19926,-0.649827,0],[117.199025,-0.649794,0],[117.198835,-0.64978,0],[117.19863,-0.64978,0],[117.198365,-0.649768,0],[117.198145,-0.64975,0],[117.197943,-0.649729,0],[117.197818,-0.649714,0],[117.197604,-0.649711,0],[117.197357,-0.649693,0],[117.197137,-0.649669,0],[117.19686,-0.649643,0],[117.196655,-0.649601,0],[117.196485,-0.649539,0],[117.196286,-0.649446,0],[117.196039,-0.649339,0],[117.19578,-0.649229,0],[117.19554,-0.649164,0],[117.195287,-0.649143,0],[117.195028,-0.649137,0],[117.194707,-0.649149,0],[117.194454,-0.649182,0],[117.194252,-0.649214,0],[117.194032,-0.649301,0],[117.193756,-0.649426,0],[117.193677,-0.649458,0],[117.19353,-0.649531,0],[117.193338,-0.649629,0],[117.193204,-0.649677,0],[117.193043,-0.649741,0],[117.192814,-0.649781,0],[117.192693,-0.649791,0],[117.192471,-0.649817,0],[117.192343,-0.649867,0],[117.192207,-0.649955,0],[117.191875,-0.650289,0],[117.191842,-0.650332,0],[117.191578,-0.650656,0],[117.19147,-0.650782,0],[117.191345,-0.650861,0],[117.191183,-0.650927,0],[117.190915,-0.651039,0],[117.1908,-0.651075,0],[117.190672,-0.651096,0],[117.190522,-0.651099,0],[117.190384,-0.651082,0],[117.190234,-0.651023,0],[117.190122,-0.650973,0],[117.189991,-0.650968,0],[117.189863,-0.650987,0],[117.189708,-0.651042,0],[117.189554,-0.651118,0],[117.189339,-0.65123,0],[117.189206,-0.651294,0],[117.189071,-0.651353,0],[117.188935,-0.651368,0],[117.188811,-0.651363,0],[117.188647,-0.651313,0],[117.188461,-0.65123,0],[117.188307,-0.65118,0],[117.188209,-0.651158,0],[117.188149,-0.651157,0],[117.188074,-0.651184,0],[117.187994,-0.651222,0],[117.187895,-0.651307,0],[117.187786,-0.651389,0],[117.187756,-0.65136,0],[117.187614,-0.651261,0],[117.187504,-0.651098,0],[117.187376,-0.650897,0],[117.187234,-0.650783,0],[117.187046,-0.650683,0],[117.186932,-0.650549,0],[117.186756,-0.650484,0],[117.186621,-0.650467,0],[117.186437,-0.650405,0],[117.186249,-0.650416,0],[117.186136,-0.650308,0],[117.185948,-0.650285,0],[117.185712,-0.650097,0],[117.185523,-0.650035,0],[117.185291,-0.650025,0],[117.184743,-0.650018,0],[117.18272,-0.650004,0],[117.181345,-0.649696,0],[117.180095,-0.649264,0],[117.178738,-0.648856,0],[117.1773,-0.648958,0],[117.176339,-0.649076,0],[117.175868,-0.649258,0],[117.175249,-0.649395,0],[117.17443,-0.649573,0],[117.173784,-0.649695,0],[117.17317,-0.649832,0],[117.172745,-0.64988,0],[117.172353,-0.649884,0],[117.171849,-0.649948,0],[117.171505,-0.649983,0],[117.171014,-0.649977,0],[117.170702,-0.649923,0],[117.170378,-0.649855,0],[117.16994,-0.649756,0],[117.169621,-0.649633,0],[117.169267,-0.649606,0],[117.168878,-0.649617,0],[117.168457,-0.64968,0],[117.168068,-0.649721,0],[117.167669,-0.649817,0],[117.167356,-0.64989,0],[117.167112,-0.650042,0],[117.166932,-0.65022,0],[117.166651,-0.650437,0],[117.166493,-0.650577,0],[117.166392,-0.650705,0],[117.166244,-0.650827,0],[117.166041,-0.650936,0],[117.165894,-0.650978,0],[117.16565,-0.65105,0],[117.165404,-0.651121,0],[117.165074,-0.651244,0],[117.164812,-0.651384,0],[117.164612,-0.651549,0],[117.164506,-0.651718,0],[117.164386,-0.651972,0],[117.164299,-0.652251,0],[117.164266,-0.65247,0],[117.16423,-0.652673,0],[117.164203,-0.653012,0],[117.164194,-0.653266,0],[117.164183,-0.653459,0],[117.164099,-0.653631,0],[117.163987,-0.653761,0],[117.163809,-0.653821,0],[117.163562,-0.653845,0],[117.163282,-0.653826,0],[117.163011,-0.653874,0],[117.162622,-0.654028,0],[117.162239,-0.654146,0],[117.161989,-0.654129,0],[117.161809,-0.654039,0],[117.161547,-0.653888,0],[117.161299,-0.653706,0],[117.161152,-0.653562,0],[117.16103,-0.653545,0],[117.160866,-0.653568,0],[117.160589,-0.653615,0],[117.160094,-0.653686,0],[117.159742,-0.653737,0],[117.159474,-0.653765,0],[117.159261,-0.653797,0],[117.158983,-0.653766,0],[117.158686,-0.653681,0],[117.158478,-0.653581,0],[117.158188,-0.653368,0],[117.157796,-0.653114,0],[117.157487,-0.652978,0],[117.15723,-0.652945,0],[117.15685,-0.653001,0],[117.156407,-0.653071,0],[117.155947,-0.653082,0],[117.15542,-0.653088,0],[117.15486,-0.653147,0],[117.154416,-0.653241,0],[117.154105,-0.653366,0],[117.153689,-0.653533,0],[117.153282,-0.653797,0],[117.152991,-0.654136,0],[117.152815,-0.654488,0],[117.152578,-0.655011,0],[117.152466,-0.655256,0],[117.152306,-0.655487,0],[117.152014,-0.65563,0],[117.151562,-0.655711,0],[117.151239,-0.655758,0],[117.150958,-0.655852,0],[117.150843,-0.656067,0],[117.150749,-0.656496,0],[117.15067,-0.657067,0],[117.15074,-0.657547,0],[117.150873,-0.65786,0],[117.151039,-0.65811,0],[117.151192,-0.658375,0],[117.151239,-0.658721,0],[117.151346,-0.658895,0],[117.151454,-0.658982,0],[117.151567,-0.659129,0],[117.15166,-0.659336,0],[117.151699,-0.659582,0],[117.151679,-0.659749,0],[117.151759,-0.659915,0],[117.151898,-0.660048,0],[117.152061,-0.660204,0],[117.152207,-0.66031,0],[117.152324,-0.660559,0],[117.152444,-0.660759,0],[117.152449,-0.660933,0],[117.152385,-0.661136,0],[117.152216,-0.661505,0],[117.151954,-0.662168,0],[117.151805,-0.662467,0],[117.151703,-0.662823,0],[117.151666,-0.663128,0],[117.151588,-0.663464,0],[117.151583,-0.663701,0],[117.151542,-0.664007,0],[117.151546,-0.664493,0],[117.15154,-0.664912,0],[117.151579,-0.665408,0],[117.151562,-0.665719,0],[117.151608,-0.666054,0],[117.151662,-0.666353,0],[117.151669,-0.666545,0],[117.151672,-0.666777,0],[117.151638,-0.66694,0],[117.151552,-0.667053,0],[117.151465,-0.667169,0],[117.151384,-0.667276,0],[117.151335,-0.667385,0],[117.151301,-0.667508,0],[117.151284,-0.667622,0],[117.151268,-0.667776,0],[117.151226,-0.667884,0],[117.151191,-0.66803,0],[117.151127,-0.668206,0],[117.151108,-0.66831,0],[117.15107,-0.668436,0],[117.151043,-0.668629,0],[117.151021,-0.668907,0],[117.150976,-0.669328,0],[117.150962,-0.669524,0],[117.150968,-0.669669,0],[117.150979,-0.67005,0],[117.150962,-0.670416,0],[117.150949,-0.670589,0],[117.1509,-0.670707,0],[117.150829,-0.670817,0],[117.150759,-0.670924,0],[117.150632,-0.671103,0],[117.150299,-0.671521,0],[117.150093,-0.67178,0],[117.14962,-0.672872,0],[117.149553,-0.673016,0],[117.149473,-0.673161,0],[117.149379,-0.673279,0],[117.149296,-0.673379,0],[117.14913,-0.673491,0],[117.14897,-0.673598,0],[117.148806,-0.67371,0],[117.148678,-0.673767,0],[117.148598,-0.673793,0],[117.148499,-0.673807,0],[117.148439,-0.673789,0],[117.148214,-0.673751,0],[117.147937,-0.673698,0],[117.147681,-0.673674,0],[117.147578,-0.673689,0],[117.147481,-0.673703,0],[117.147355,-0.673743,0],[117.147163,-0.673863,0],[117.147003,-0.673939,0],[117.14689,-0.674021,0],[117.14682,-0.674091,0],[117.146769,-0.674179,0],[117.146721,-0.674281,0],[117.146702,-0.674393,0],[117.146683,-0.674488,0],[117.146712,-0.674616,0],[117.146763,-0.674784,0],[117.14681,-0.674937,0],[117.146847,-0.675099,0],[117.146848,-0.67521,0],[117.146842,-0.675273,0],[117.146814,-0.675377,0],[117.146789,-0.675508,0],[117.146746,-0.675627,0],[117.146695,-0.675711,0],[117.146643,-0.675793,0],[117.146574,-0.675873,0],[117.146493,-0.675938,0],[117.146443,-0.676002,0],[117.146421,-0.676053,0],[117.146361,-0.676106,0],[117.14627,-0.67614,0],[117.146196,-0.676246,0],[117.146115,-0.6764,0],[117.146024,-0.676546,0],[117.145895,-0.676728,0],[117.145733,-0.676918,0],[117.145572,-0.677106,0],[117.145452,-0.67723,0],[117.145393,-0.67729,0],[117.145399,-0.677461,0],[117.145399,-0.677846,0],[117.145399,-0.678186,0],[117.145399,-0.678514,0],[117.14547,-0.678874,0],[117.145579,-0.679432,0],[117.145754,-0.680173,0],[117.145861,-0.680627,0],[117.146206,-0.68252,0],[117.146324,-0.68317,0],[117.146514,-0.684121,0],[117.146623,-0.684668,0],[117.146692,-0.685014,0],[117.146797,-0.685537,0],[117.146949,-0.686429,0],[117.146987,-0.686648,0],[117.147102,-0.687321,0],[117.147174,-0.687555,0],[117.14735,-0.688125,0],[117.148044,-0.689724,0],[117.148535,-0.690855,0],[117.149211,-0.692576,0],[117.150191,-0.694756,0],[117.151239,-0.69676,0],[117.15132,-0.696937,0],[117.151388,-0.697087,0],[117.152017,-0.698467,0],[117.15222,-0.698931,0],[117.152423,-0.69926,0],[117.152626,-0.699543,0],[117.152862,-0.699837,0],[117.153103,-0.700106,0],[117.153572,-0.70063,0],[117.153718,-0.700732,0],[117.153865,-0.700789,0],[117.154011,-0.700779,0],[117.154015,-0.700904,0],[117.154088,-0.70276,0],[117.154114,-0.703377,0],[117.154114,-0.703918,0],[117.154114,-0.704484,0],[117.154165,-0.704921,0],[117.154293,-0.705385,0],[117.154524,-0.706079,0],[117.154914,-0.706776,0],[117.155652,-0.708095,0],[117.155908,-0.708661,0],[117.15624,-0.709253,0],[117.156624,-0.709793,0],[117.156824,-0.710061,0],[117.157085,-0.710411,0],[117.157713,-0.711132,0],[117.157801,-0.711234,0],[117.158505,-0.711919,0],[117.159128,-0.712527,0],[117.15977,-0.713152,0],[117.160283,-0.713653,0],[117.161428,-0.714744,0],[117.162254,-0.715531,0],[117.162945,-0.715969,0],[117.163482,-0.716252,0],[117.163764,-0.716329,0],[117.164147,-0.716458,0],[117.164506,-0.716458,0],[117.164992,-0.716458,0],[117.16509,-0.716423,0],[117.165431,-0.716128,0],[117.165927,-0.715551,0],[117.16596,-0.715522,0],[117.166246,-0.715269,0],[117.166513,-0.715077,0],[117.166793,-0.715013,0],[117.167293,-0.71488,0],[117.167853,-0.714624,0],[117.168465,-0.714368,0],[117.169038,-0.714291,0],[117.169624,-0.714303,0],[117.170528,-0.71438,0],[117.17114,-0.714444,0],[117.17173,-0.71447,0],[117.172265,-0.714611,0],[117.172864,-0.71488,0],[117.173526,-0.715033,0],[117.174102,-0.715196,0],[117.174163,-0.715213,0],[117.174545,-0.715238,0],[117.175068,-0.715226,0],[117.175692,-0.71511,0],[117.176219,-0.714867,0],[117.176958,-0.714239,0],[117.177531,-0.713881,0],[117.178002,-0.713688,0],[117.178448,-0.713535,0],[117.17911,-0.713445,0],[117.18004,-0.713483,0],[117.181116,-0.713457,0],[117.181791,-0.71338,0],[117.182415,-0.713086,0],[117.183041,-0.71248,0],[117.183283,-0.712096,0],[117.183732,-0.711322,0],[117.183557,-0.71058,0],[117.183463,-0.709945,0],[117.183376,-0.709207,0],[117.18323,-0.708659,0],[117.183237,-0.707721,0],[117.183259,-0.707561,0],[117.183346,-0.707414,0],[117.183477,-0.7071,0],[117.183565,-0.706476,0],[117.183601,-0.706118,0],[117.183637,-0.70568,0],[117.183681,-0.705249,0],[117.183898,-0.704054,0],[117.184095,-0.703182,0],[117.18424,-0.702773,0],[117.184415,-0.702276,0],[117.184494,-0.701623,0],[117.184632,-0.701082,0],[117.184799,-0.700761,0],[117.185112,-0.700381,0],[117.185338,-0.700174,0],[117.185462,-0.699889,0],[117.185476,-0.699443,0],[117.185455,-0.699112,0],[117.185491,-0.698929,0],[117.185585,-0.698681,0],[117.185587,-0.698487,0],[117.185572,-0.698297,0],[117.185483,-0.697988,0],[117.185455,-0.697859,0],[117.185476,-0.697707,0],[117.185529,-0.697523,0],[117.185705,-0.697307,0],[117.186004,-0.696948,0],[117.186169,-0.696665,0],[117.186379,-0.696265,0],[117.18703,-0.695508,0],[117.187133,-0.695389,0],[117.188043,-0.694363,0],[117.188417,-0.693948,0],[117.188685,-0.693371,0],[117.188942,-0.692832,0],[117.189234,-0.692167,0],[117.189491,-0.690509,0],[117.189954,-0.68917,0],[117.190053,-0.688561,0],[117.190053,-0.687966,0],[117.190156,-0.684612,0],[117.190318,-0.682987,0],[117.191879,-0.680951,0],[117.194797,-0.677868,0],[117.196534,-0.676714,0],[117.198992,-0.675263,0],[117.201155,-0.673318,0],[117.203088,-0.671406,0],[117.204825,-0.670944,0],[117.207021,-0.671538,0],[117.208791,-0.671406,0],[117.212723,-0.670153,0],[117.217183,-0.667932,0],[117.220734,-0.665255,0],[117.220924,-0.665087,0],[117.226067,-0.660531,0],[117.226173,-0.660437,0],[117.226358,-0.660212,0],[117.229652,-0.656231,0],[117.231989,-0.65248,0],[117.232657,-0.65052,0],[117.232805,-0.648644,0],[117.232572,-0.647087,0],[117.231597,-0.645062,0],[117.229057,-0.640397,0],[117.22786,-0.638648,0],[117.227561,-0.637726,0],[117.227692,-0.637124,0],[117.228084,-0.63639,0],[117.228215,-0.636146,0],[117.229244,-0.635487,0],[117.23074,-0.634772,0],[117.235027,-0.634089,0],[117.237107,-0.633757,0],[117.239071,-0.633027,0],[117.241398,-0.631831,0],[117.242752,-0.630453,0],[117.245759,-0.626417,0],[117.24754,-0.624445,0],[117.249386,-0.623114,0],[117.252556,-0.621618,0],[117.25841,-0.619424,0],[117.260253,-0.618513,0],[117.262,-0.616837,0],[117.262402,-0.616438,0],[117.264232,-0.614625,0],[117.268192,-0.610238,0],[117.268976,-0.608789,0],[117.269393,-0.607355,0],[117.269584,-0.604618,0],[117.269942,-0.599478,0],[117.270481,-0.596991,0],[117.271131,-0.59629,0],[117.272081,-0.595812,0],[117.273127,-0.595652,0],[117.275172,-0.596146,0],[117.279315,-0.59788,0],[117.279878,-0.598115,0],[117.282584,-0.598992,0],[117.283273,-0.599011,0],[117.28326,-0.598982,0],[117.283225,-0.598904,0],[117.283191,-0.598826,0],[117.283156,-0.598748,0],[117.283121,-0.598669,0],[117.283086,-0.598591,0],[117.283051,-0.598513,0],[117.283016,-0.598435,0],[117.282986,-0.598353,0],[117.282957,-0.598271,0],[117.282927,-0.598189,0],[117.282897,-0.598108,0],[117.282868,-0.598026,0],[117.282838,-0.597944,0],[117.282808,-0.597862,0],[117.282778,-0.597781,0],[117.282749,-0.597699,0],[117.282721,-0.597623,0],[117.282719,-0.597617,0],[117.282689,-0.597535,0],[117.282659,-0.597453,0],[117.282628,-0.597371,0],[117.282597,-0.597288,0],[117.282566,-0.597205,0],[117.282535,-0.597122,0],[117.282504,-0.597039,0],[117.282473,-0.596956,0],[117.282442,-0.596873,0],[117.282411,-0.596791,0],[117.28238,-0.596708,0],[117.282348,-0.596625,0],[117.282317,-0.596542,0],[117.282286,-0.596459,0],[117.282255,-0.596376,0],[117.282224,-0.596297,0],[117.282193,-0.596218,0],[117.282162,-0.596139,0],[117.282131,-0.59606,0],[117.2821,-0.59598,0],[117.282069,-0.595901,0],[117.282037,-0.595822,0],[117.282006,-0.595743,0],[117.281975,-0.595664,0],[117.281944,-0.595585,0],[117.281913,-0.595505,0],[117.281882,-0.595426,0],[117.281851,-0.595347,0],[117.281805,-0.595271,0],[117.28176,-0.595194,0],[117.281714,-0.595118,0],[117.281672,-0.595047,0],[117.281669,-0.595041,0],[117.281623,-0.594965,0],[117.281577,-0.594888,0],[117.281532,-0.594812,0],[117.281486,-0.594735,0],[117.281441,-0.594659,0],[117.281395,-0.594582,0],[117.28135,-0.594506,0],[117.281304,-0.594429,0],[117.281258,-0.594353,0],[117.281213,-0.594276,0],[117.281167,-0.5942,0],[117.281122,-0.594124,0],[117.281076,-0.594047,0],[117.28103,-0.593971,0],[117.280985,-0.593894,0],[117.280939,-0.593818,0],[117.280894,-0.593741,0],[117.280848,-0.593665,0],[117.280803,-0.593588,0],[117.280757,-0.593512,0],[117.280711,-0.593435,0],[117.280666,-0.593359,0],[117.28062,-0.593282,0],[117.280575,-0.593206,0],[117.280529,-0.59313,0],[117.280484,-0.593053,0],[117.280438,-0.592977,0],[117.280392,-0.5929,0],[117.280347,-0.592824,0],[117.280301,-0.592747,0],[117.280256,-0.592671,0],[117.28021,-0.592594,0],[117.280143,-0.592535,0],[117.280077,-0.592475,0],[117.28001,-0.592416,0],[117.279943,-0.592356,0],[117.279876,-0.592297,0],[117.27981,-0.592238,0],[117.279743,-0.592178,0],[117.279676,-0.592119,0],[117.279609,-0.592059,0],[117.279543,-0.592,0],[117.279476,-0.59194,0],[117.279409,-0.591881,0],[117.279342,-0.591821,0],[117.279276,-0.591762,0],[117.279209,-0.591703,0],[117.279142,-0.591643,0],[117.279075,-0.591584,0],[117.279009,-0.591524,0],[117.278942,-0.591465,0],[117.278875,-0.591405,0],[117.278809,-0.591346,0],[117.278742,-0.591286,0],[117.278675,-0.591227,0],[117.278608,-0.591168,0],[117.278542,-0.591108,0],[117.278475,-0.591049,0],[117.278408,-0.590989,0],[117.278341,-0.59093,0],[117.278275,-0.59087,0],[117.278208,-0.590811,0],[117.278141,-0.590751,0],[117.278074,-0.590692,0],[117.278008,-0.590633,0],[117.277941,-0.590573,0],[117.277874,-0.590514,0],[117.277807,-0.590454,0],[117.277741,-0.590395,0],[117.277674,-0.590335,0],[117.277607,-0.590276,0],[117.277541,-0.590216,0],[117.277474,-0.590157,0],[117.277407,-0.590098,0],[117.27734,-0.590038,0],[117.277274,-0.589979,0],[117.277212,-0.589924,0],[117.277151,-0.589869,0],[117.277089,-0.589814,0],[117.277028,-0.58976,0],[117.276966,-0.589705,0],[117.276905,-0.58965,0],[117.276827,-0.589609,0],[117.27675,-0.589567,0],[117.276673,-0.589526,0],[117.276596,-0.589485,0],[117.276518,-0.589443,0],[117.276441,-0.589402,0],[117.276364,-0.58936,0],[117.276287,-0.589319,0],[117.276209,-0.589277,0],[117.276132,-0.589236,0],[117.276055,-0.589195,0],[117.275978,-0.589153,0],[117.2759,-0.589112,0],[117.275823,-0.58907,0],[117.275746,-0.589029,0],[117.275668,-0.588988,0],[117.275591,-0.588946,0],[117.275514,-0.588905,0],[117.275437,-0.588863,0],[117.275359,-0.588822,0],[117.275282,-0.588781,0],[117.275205,-0.588739,0],[117.275128,-0.588698,0],[117.27505,-0.588656,0],[117.274973,-0.588615,0],[117.274896,-0.588574,0],[117.274819,-0.588532,0],[117.274432,-0.588325,0],[117.274709,-0.586279,0]]]]}},{"type":"Feature","properties":{"OBJECTID":45665,"KDPPUM":"64","NAMOBJ":"Kelurahan Budaya Pampang","REMARK":null,"KDPBPS":null,"FCODE":"BA03070040","LUASWH":null,"UUPP":"Hasil Delineasi Batas Desa 2018","SRS_ID":"SRGI 2013","METADATA":"TASWIL1000020200326DATA_BATAS_DESA_KELURAHAN","KDEBPS":null,"KDEPUM":"64.72.05.1014","KDCBPS":null,"KDCPUM":"64.72.05","KDBBPS":null,"WADMKD":"Kelurahan Budaya Pampang","WIADKD":null,"WADMKC":"Samarinda Utara","WIADKC":null,"WADMKK":"Kota Samarinda","WIADKK":null,"WADMPR":"Kalimantan Timur","WIADPR":null,"TIPADM":2,"KDPKAB":"64.72","SHAPE_Leng":0.279340084003058,"SHAPE_Area":0.002644056330747,"visibility":false},"geometry":{"type":"MultiPolygon","coordinates":[[[[117.230018,-0.329165,0],[117.229829,-0.329062,0],[117.229658,-0.329026,0],[117.229408,-0.328992,0],[117.229202,-0.328947,0],[117.228978,-0.328827,0],[117.228867,-0.328667,0],[117.228552,-0.328331,0],[117.228061,-0.327829,0],[117.227911,-0.327577,0],[117.227865,-0.327478,0],[117.227844,-0.327416,0],[117.227859,-0.327285,0],[117.227905,-0.32708,0],[117.228025,-0.326724,0],[117.228147,-0.326434,0],[117.228226,-0.326262,0],[117.228246,-0.32616,0],[117.228214,-0.325984,0],[117.228121,-0.325843,0],[117.22794,-0.325629,0],[117.227896,-0.32542,0],[117.227905,-0.325013,0],[117.227908,-0.324587,0],[117.227918,-0.324437,0],[117.227944,-0.324379,0],[117.22801,-0.324321,0],[117.228111,-0.324295,0],[117.228272,-0.324295,0],[117.228384,-0.324293,0],[117.228441,-0.324252,0],[117.228527,-0.324142,0],[117.228559,-0.324027,0],[117.228588,-0.323983,0],[117.228685,-0.323986,0],[117.228749,-0.324055,0],[117.228823,-0.324165,0],[117.228895,-0.324206,0],[117.228978,-0.324171,0],[117.229012,-0.324121,0],[117.229024,-0.324052,0],[117.229066,-0.323972,0],[117.229146,-0.323918,0],[117.229202,-0.323915,0],[117.229279,-0.32397,0],[117.229353,-0.324035,0],[117.229415,-0.324081,0],[117.2295,-0.324089,0],[117.229591,-0.324086,0],[117.229676,-0.324055,0],[117.229752,-0.324007,0],[117.229778,-0.32395,0],[117.229778,-0.323895,0],[117.229752,-0.32383,0],[117.229701,-0.323758,0],[117.229627,-0.323659,0],[117.229497,-0.323527,0],[117.229452,-0.323418,0],[117.229429,-0.323298,0],[117.229455,-0.323019,0],[117.229534,-0.322684,0],[117.229614,-0.322504,0],[117.22967,-0.322415,0],[117.229727,-0.322376,0],[117.229826,-0.322376,0],[117.229917,-0.322404,0],[117.229977,-0.322484,0],[117.229991,-0.322655,0],[117.230033,-0.322746,0],[117.230084,-0.322795,0],[117.230147,-0.322803,0],[117.230249,-0.3228,0],[117.230342,-0.322763,0],[117.230396,-0.322706,0],[117.230424,-0.322609,0],[117.230419,-0.32229,0],[117.230409,-0.322097,0],[117.230451,-0.321992,0],[117.230729,-0.321641,0],[117.230905,-0.321386,0],[117.23099,-0.32123,0],[117.231035,-0.321101,0],[117.231078,-0.320987,0],[117.231117,-0.320913,0],[117.231171,-0.320907,0],[117.231234,-0.32093,0],[117.231268,-0.321016,0],[117.231282,-0.321141,0],[117.231299,-0.321284,0],[117.231336,-0.321372,0],[117.231438,-0.321452,0],[117.231767,-0.321486,0],[117.231954,-0.321486,0],[117.232105,-0.321432,0],[117.232178,-0.321389,0],[117.232224,-0.321338,0],[117.232226,-0.321258,0],[117.232178,-0.321175,0],[117.232105,-0.321138,0],[117.231949,-0.321141,0],[117.231827,-0.321138,0],[117.231759,-0.321107,0],[117.231677,-0.321039,0],[117.231651,-0.320923,0],[117.23168,-0.320846,0],[117.231742,-0.320801,0],[117.23183,-0.320758,0],[117.231938,-0.320698,0],[117.231989,-0.320627,0],[117.232025,-0.320535,0],[117.231972,-0.320356,0],[117.231909,-0.320241,0],[117.231887,-0.320144,0],[117.231895,-0.31993,0],[117.231957,-0.319684,0],[117.231997,-0.319455,0],[117.231983,-0.319301,0],[117.232022,-0.319222,0],[117.231884,-0.318898,0],[117.231739,-0.318642,0],[117.231552,-0.318294,0],[117.231268,-0.317932,0],[117.231007,-0.317635,0],[117.230711,-0.317355,0],[117.230537,-0.317221,0],[117.230415,-0.317098,0],[117.230363,-0.31669,0],[117.229938,-0.316712,0],[117.229628,-0.316638,0],[117.229538,-0.316564,0],[117.229465,-0.316383,0],[117.229391,-0.316145,0],[117.229252,-0.316055,0],[117.229065,-0.316063,0],[117.228918,-0.316071,0],[117.228804,-0.315956,0],[117.228673,-0.315841,0],[117.228526,-0.315866,0],[117.228396,-0.315899,0],[117.228143,-0.315866,0],[117.227751,-0.315661,0],[117.227507,-0.315661,0],[117.227333,-0.315544,0],[117.227311,-0.31553,0],[117.22705,-0.315333,0],[117.226664,-0.315192,0],[117.226297,-0.314962,0],[117.225898,-0.314552,0],[117.225787,-0.314424,0],[117.225761,-0.314421,0],[117.225646,-0.314435,0],[117.225444,-0.314537,0],[117.225271,-0.314667,0],[117.225127,-0.314855,0],[117.224926,-0.315174,0],[117.224767,-0.315464,0],[117.223768,-0.31679,0],[117.223552,-0.317137,0],[117.223394,-0.317384,0],[117.223206,-0.317717,0],[117.222687,-0.318862,0],[117.222517,-0.319138,0],[117.222428,-0.319282,0],[117.222255,-0.319514,0],[117.221996,-0.319717,0],[117.221664,-0.319906,0],[117.220742,-0.320326,0],[117.220382,-0.320442,0],[117.220094,-0.320442,0],[117.220005,-0.320416,0],[117.219849,-0.320369,0],[117.218603,-0.319601,0],[117.218113,-0.319239,0],[117.217753,-0.318949,0],[117.217689,-0.318898,0],[117.217479,-0.318731,0],[117.217263,-0.318514,0],[117.217061,-0.318268,0],[117.216888,-0.318079,0],[117.216701,-0.31792,0],[117.216535,-0.317855,0],[117.216442,-0.317818,0],[117.216125,-0.317804,0],[117.215822,-0.317818,0],[117.215476,-0.317992,0],[117.215159,-0.318239,0],[117.214656,-0.318628,0],[117.214111,-0.319048,0],[117.2139,-0.319075,0],[117.213676,-0.319103,0],[117.213224,-0.319103,0],[117.212753,-0.319103,0],[117.212738,-0.319101,0],[117.212372,-0.319066,0],[117.21201,-0.319066,0],[117.211612,-0.319157,0],[117.211533,-0.319185,0],[117.211306,-0.319267,0],[117.210978,-0.319176,0],[117.210595,-0.319069,0],[117.210478,-0.319063,0],[117.210208,-0.31905,0],[117.209998,-0.319013,0],[117.208362,-0.322346,0],[117.208295,-0.322484,0],[117.208038,-0.323007,0],[117.207866,-0.323464,0],[117.207629,-0.324007,0],[117.207524,-0.324378,0],[117.207343,-0.324511,0],[117.206924,-0.324778,0],[117.206753,-0.324901,0],[117.206596,-0.325096,0],[117.20641,-0.325418,0],[117.20602,-0.326151,0],[117.205725,-0.32658,0],[117.20544,-0.326989,0],[117.205145,-0.327322,0],[117.205092,-0.3276,0],[117.205086,-0.327851,0],[117.205116,-0.328035,0],[117.205098,-0.32816,0],[117.205032,-0.32835,0],[117.204997,-0.328541,0],[117.204914,-0.328737,0],[117.204822,-0.329039,0],[117.204786,-0.329378,0],[117.204454,-0.330053,0],[117.203717,-0.330647,0],[117.202884,-0.331528,0],[117.201861,-0.332099,0],[117.201266,-0.332361,0],[117.200742,-0.332503,0],[117.200409,-0.332813,0],[117.200305,-0.333265,0],[117.200057,-0.333607,0],[117.198858,-0.33435,0],[117.198096,-0.33475,0],[117.197716,-0.33494,0],[117.197659,-0.335187,0],[117.197487,-0.335644,0],[117.197088,-0.33593,0],[117.196574,-0.336634,0],[117.19642,-0.337204,0],[117.195606,-0.338765,0],[117.195454,-0.339298,0],[117.195644,-0.339907,0],[117.196072,-0.340832,0],[117.19659,-0.347856,0],[117.194664,-0.354301,0],[117.19455,-0.354688,0],[117.194695,-0.354751,0],[117.194878,-0.354832,0],[117.19503,-0.354895,0],[117.195198,-0.355002,0],[117.195328,-0.355092,0],[117.195488,-0.355218,0],[117.196121,-0.355505,0],[117.196716,-0.355576,0],[117.197287,-0.355553,0],[117.19768,-0.355612,0],[117.19793,-0.355755,0],[117.198138,-0.356017,0],[117.198269,-0.356219,0],[117.198358,-0.356231,0],[117.198465,-0.356201,0],[117.198626,-0.356082,0],[117.198888,-0.355957,0],[117.19906,-0.355993,0],[117.199191,-0.356112,0],[117.199274,-0.356267,0],[117.199334,-0.35635,0],[117.199447,-0.356415,0],[117.199736,-0.356424,0],[117.199855,-0.356451,0],[117.200004,-0.356516,0],[117.200129,-0.356558,0],[117.200325,-0.35657,0],[117.200644,-0.356566,0],[117.201025,-0.356501,0],[117.201358,-0.356542,0],[117.201512,-0.35659,0],[117.201691,-0.356602,0],[117.201852,-0.356548,0],[117.202107,-0.356513,0],[117.202768,-0.35653,0],[117.203214,-0.356548,0],[117.203464,-0.356536,0],[117.20363,-0.356447,0],[117.203838,-0.356245,0],[117.204029,-0.355936,0],[117.204189,-0.355626,0],[117.204281,-0.355497,0],[117.204516,-0.355465,0],[117.205316,-0.355408,0],[117.205819,-0.355433,0],[117.206383,-0.355561,0],[117.207009,-0.355674,0],[117.207531,-0.355774,0],[117.208187,-0.356096,0],[117.208701,-0.356445,0],[117.209137,-0.356859,0],[117.209284,-0.357319,0],[117.209327,-0.357847,0],[117.209114,-0.358975,0],[117.209114,-0.359175,0],[117.209216,-0.359703,0],[117.209275,-0.360084,0],[117.209216,-0.360476,0],[117.209025,-0.360857,0],[117.208906,-0.361238,0],[117.208906,-0.361547,0],[117.209013,-0.361833,0],[117.209168,-0.362225,0],[117.209192,-0.362594,0],[117.209144,-0.36288,0],[117.209073,-0.363034,0],[117.208871,-0.363237,0],[117.208597,-0.363582,0],[117.208502,-0.364093,0],[117.208442,-0.364658,0],[117.208423,-0.365086,0],[117.208423,-0.365419,0],[117.208366,-0.365647,0],[117.208366,-0.365847,0],[117.208452,-0.366237,0],[117.208347,-0.366618,0],[117.208185,-0.366904,0],[117.207938,-0.367208,0],[117.207708,-0.367445,0],[117.207594,-0.367673,0],[117.207651,-0.368016,0],[117.207522,-0.368787,0],[117.207337,-0.369329,0],[117.207207,-0.370229,0],[117.207207,-0.370501,0],[117.20723,-0.370627,0],[117.20723,-0.370753,0],[117.207253,-0.370879,0],[117.207275,-0.371094,0],[117.207321,-0.37131,0],[117.207382,-0.371562,0],[117.207428,-0.371787,0],[117.207489,-0.371931,0],[117.20752,-0.372183,0],[117.20752,-0.372299,0],[117.207558,-0.372479,0],[117.207603,-0.372812,0],[117.207649,-0.372983,0],[117.207672,-0.373082,0],[117.207756,-0.37337,0],[117.207802,-0.373523,0],[117.207878,-0.373675,0],[117.207901,-0.373783,0],[117.20797,-0.373954,0],[117.208015,-0.374134,0],[117.208069,-0.374233,0],[117.208092,-0.37435,0],[117.208145,-0.374467,0],[117.208206,-0.374557,0],[117.208298,-0.3747,0],[117.208405,-0.374817,0],[117.208504,-0.374898,0],[117.208611,-0.374916,0],[117.209091,-0.374916,0],[117.209259,-0.374952,0],[117.209518,-0.374951,0],[117.209755,-0.374897,0],[117.209961,-0.374843,0],[117.210167,-0.374807,0],[117.210327,-0.374762,0],[117.210526,-0.374735,0],[117.210785,-0.37469,0],[117.210889,-0.374702,0],[117.21128,-0.375232,0],[117.211448,-0.375271,0],[117.211648,-0.375278,0],[117.211929,-0.375274,0],[117.212029,-0.375273,0],[117.212212,-0.375174,0],[117.212349,-0.375138,0],[117.212479,-0.375093,0],[117.212624,-0.375039,0],[117.212723,-0.374976,0],[117.212914,-0.374877,0],[117.21302,-0.374823,0],[117.213112,-0.374751,0],[117.213264,-0.374625,0],[117.213394,-0.374526,0],[117.213501,-0.374436,0],[117.213585,-0.374337,0],[117.213676,-0.37422,0],[117.213791,-0.374094,0],[117.213928,-0.374022,0],[117.214111,-0.373932,0],[117.214241,-0.373896,0],[117.214325,-0.37386,0],[117.214462,-0.373833,0],[117.214737,-0.373805,0],[117.214851,-0.373841,0],[117.214943,-0.373895,0],[117.215042,-0.373931,0],[117.215179,-0.37403,0],[117.215324,-0.374183,0],[117.215471,-0.374355,0],[117.215272,-0.374543,0],[117.215177,-0.37465,0],[117.21515,-0.374749,0],[117.215121,-0.374892,0],[117.215052,-0.374963,0],[117.214938,-0.375013,0],[117.21485,-0.375073,0],[117.214767,-0.375144,0],[117.214688,-0.375175,0],[117.214562,-0.375201,0],[117.214477,-0.375227,0],[117.21431,-0.375295,0],[117.214227,-0.37538,0],[117.214174,-0.375627,0],[117.214149,-0.375791,0],[117.214117,-0.376205,0],[117.214153,-0.376251,0],[117.214324,-0.376315,0],[117.214581,-0.376458,0],[117.214681,-0.376544,0],[117.214833,-0.376695,0],[117.21489,-0.376941,0],[117.214929,-0.377212,0],[117.215018,-0.377444,0],[117.21525,-0.377701,0],[117.215368,-0.377887,0],[117.215443,-0.378015,0],[117.215497,-0.378212,0],[117.215516,-0.378438,0],[117.215566,-0.378631,0],[117.215617,-0.378762,0],[117.215652,-0.378893,0],[117.215685,-0.379006,0],[117.215783,-0.379178,0],[117.215866,-0.379348,0],[117.215965,-0.37947,0],[117.216033,-0.379586,0],[117.216111,-0.379767,0],[117.216144,-0.379915,0],[117.216263,-0.380048,0],[117.216321,-0.380138,0],[117.21634,-0.380262,0],[117.216316,-0.3805,0],[117.216321,-0.380646,0],[117.216335,-0.380706,0],[117.216402,-0.380837,0],[117.216666,-0.38122,0],[117.21678,-0.381382,0],[117.217192,-0.381901,0],[117.217406,-0.382138,0],[117.217542,-0.382217,0],[117.217696,-0.382306,0],[117.217847,-0.382324,0],[117.217866,-0.382331,0],[117.217866,-0.382903,0],[117.217864,-0.382921,0],[117.217781,-0.383312,0],[117.217733,-0.383693,0],[117.217728,-0.383921,0],[117.2178,-0.384093,0],[117.218004,-0.384321,0],[117.21818,-0.384554,0],[117.218247,-0.38483,0],[117.218237,-0.385035,0],[117.218142,-0.385183,0],[117.21793,-0.385417,0],[117.217781,-0.385697,0],[117.217716,-0.385911,0],[117.217615,-0.386024,0],[117.217466,-0.386137,0],[117.217169,-0.386316,0],[117.216853,-0.386488,0],[117.216627,-0.386613,0],[117.216571,-0.386691,0],[117.216552,-0.386877,0],[117.216537,-0.387029,0],[117.216585,-0.3871,0],[117.216718,-0.387252,0],[117.216794,-0.387386,0],[117.216899,-0.387533,0],[117.217028,-0.387819,0],[117.217099,-0.388066,0],[117.217153,-0.388236,0],[117.217162,-0.388355,0],[117.217165,-0.38848,0],[117.217145,-0.38859,0],[117.217118,-0.388676,0],[117.217017,-0.388825,0],[117.216915,-0.388929,0],[117.216884,-0.389004,0],[117.216884,-0.389085,0],[117.216955,-0.389199,0],[117.217041,-0.389337,0],[117.217107,-0.389475,0],[117.21712,-0.389501,0],[117.217926,-0.391869,0],[117.217755,-0.392333,0],[117.217755,-0.392526,0],[117.217812,-0.39279,0],[117.217855,-0.39289,0],[117.217719,-0.394367,0],[117.217691,-0.395129,0],[117.217748,-0.395652,0],[117.217986,-0.396299,0],[117.218062,-0.396699,0],[117.217976,-0.397451,0],[117.217767,-0.398641,0],[117.217662,-0.399164,0],[117.217513,-0.399407,0],[117.217649,-0.399471,0],[117.217849,-0.399621,0],[117.217897,-0.39965,0],[117.217972,-0.399707,0],[117.218017,-0.399716,0],[117.218082,-0.399702,0],[117.218142,-0.399666,0],[117.218192,-0.399597,0],[117.218249,-0.399541,0],[117.21829,-0.399472,0],[117.218328,-0.399396,0],[117.218387,-0.399291,0],[117.218442,-0.399222,0],[117.218506,-0.399184,0],[117.218621,-0.399146,0],[117.218718,-0.399135,0],[117.21891,-0.399192,0],[117.219085,-0.399224,0],[117.219185,-0.39921,0],[117.219235,-0.399163,0],[117.219278,-0.399088,0],[117.219292,-0.398985,0],[117.219253,-0.398774,0],[117.219235,-0.398642,0],[117.219239,-0.398564,0],[117.219274,-0.398514,0],[117.219353,-0.398503,0],[117.219403,-0.398542,0],[117.21946,-0.398721,0],[117.21951,-0.398878,0],[117.219592,-0.399021,0],[117.219674,-0.399156,0],[117.219749,-0.399199,0],[117.219831,-0.39921,0],[117.219863,-0.399167,0],[117.219906,-0.399092,0],[117.219906,-0.399014,0],[117.219845,-0.398881,0],[117.219742,-0.398749,0],[117.2197,-0.398615,0],[117.219722,-0.398442,0],[117.219744,-0.398338,0],[117.219873,-0.398253,0],[117.219951,-0.398222,0],[117.220034,-0.398234,0],[117.220177,-0.398298,0],[117.220325,-0.398389,0],[117.220498,-0.398453,0],[117.22062,-0.398458,0],[117.22071,-0.39842,0],[117.220841,-0.398336,0],[117.220946,-0.398229,0],[117.221062,-0.398075,0],[117.221169,-0.397948,0],[117.221329,-0.397838,0],[117.221555,-0.397742,0],[117.221689,-0.39765,0],[117.221743,-0.397555,0],[117.221761,-0.397433,0],[117.221731,-0.397347,0],[117.221645,-0.39718,0],[117.221457,-0.397038,0],[117.221383,-0.396958,0],[117.221393,-0.396862,0],[117.221443,-0.396816,0],[117.221561,-0.396823,0],[117.221811,-0.396866,0],[117.22195,-0.396834,0],[117.222,-0.396776,0],[117.222114,-0.396659,0],[117.222357,-0.396241,0],[117.222475,-0.395909,0],[117.2226,-0.395502,0],[117.222713,-0.395311,0],[117.222892,-0.395181,0],[117.2231,-0.395091,0],[117.223463,-0.39496,0],[117.22376,-0.394788,0],[117.223879,-0.394633,0],[117.224046,-0.394383,0],[117.224147,-0.394264,0],[117.224278,-0.394181,0],[117.224596,-0.394185,0],[117.224691,-0.394179,0],[117.224739,-0.394144,0],[117.224733,-0.394078,0],[117.224536,-0.393918,0],[117.224429,-0.393787,0],[117.22437,-0.393632,0],[117.224376,-0.393573,0],[117.224441,-0.393525,0],[117.224528,-0.393508,0],[117.224532,-0.393505,0],[117.224651,-0.393446,0],[117.224853,-0.39341,0],[117.225032,-0.39341,0],[117.225198,-0.39341,0],[117.225377,-0.39335,0],[117.225424,-0.393243,0],[117.225365,-0.393089,0],[117.22521,-0.39297,0],[117.225008,-0.392827,0],[117.224915,-0.392709,0],[117.22491,-0.392614,0],[117.224951,-0.392527,0],[117.225008,-0.392468,0],[117.225228,-0.392405,0],[117.225466,-0.39237,0],[117.22579,-0.392364,0],[117.226058,-0.392343,0],[117.226311,-0.392286,0],[117.226463,-0.392208,0],[117.226493,-0.39219,0],[117.226614,-0.392137,0],[117.226846,-0.391998,0],[117.226933,-0.391933,0],[117.227017,-0.391878,0],[117.227044,-0.391821,0],[117.22705,-0.391714,0],[117.227062,-0.391562,0],[117.227073,-0.391494,0],[117.227119,-0.391448,0],[117.227239,-0.391347,0],[117.227354,-0.391236,0],[117.227426,-0.391072,0],[117.227482,-0.390977,0],[117.227548,-0.390941,0],[117.227622,-0.390941,0],[117.227729,-0.390968,0],[117.227907,-0.391033,0],[117.228029,-0.39103,0],[117.228092,-0.390974,0],[117.22811,-0.390932,0],[117.228119,-0.390834,0],[117.228122,-0.390745,0],[117.228089,-0.390581,0],[117.228089,-0.390516,0],[117.228115,-0.390404,0],[117.228127,-0.390318,0],[117.228121,-0.390259,0],[117.228062,-0.390211,0],[117.227996,-0.390125,0],[117.227931,-0.390015,0],[117.22791,-0.389884,0],[117.227886,-0.38975,0],[117.22788,-0.389667,0],[117.227892,-0.389613,0],[117.227975,-0.389548,0],[117.228136,-0.38947,0],[117.228163,-0.389405,0],[117.228183,-0.389316,0],[117.228245,-0.389196,0],[117.228343,-0.389128,0],[117.228436,-0.389066,0],[117.228507,-0.388994,0],[117.228531,-0.388935,0],[117.22854,-0.388869,0],[117.228513,-0.388756,0],[117.228474,-0.388682,0],[117.228474,-0.388614,0],[117.228486,-0.388542,0],[117.228522,-0.388462,0],[117.228707,-0.388033,0],[117.228807,-0.387757,0],[117.22893,-0.387572,0],[117.229021,-0.387424,0],[117.229183,-0.387243,0],[117.229306,-0.387115,0],[117.229385,-0.386986,0],[117.229554,-0.386606,0],[117.229764,-0.38632,0],[117.230316,-0.385921,0],[117.230571,-0.385735,0],[117.230648,-0.38544,0],[117.230747,-0.385211,0],[117.23089,-0.385145,0],[117.231019,-0.385064,0],[117.231185,-0.385135,0],[117.231288,-0.385263,0],[117.231399,-0.38534,0],[117.231433,-0.385353,0],[117.231507,-0.385369,0],[117.231544,-0.385376,0],[117.231581,-0.385403,0],[117.231601,-0.385435,0],[117.231619,-0.385485,0],[117.23163,-0.385529,0],[117.231636,-0.38556,0],[117.231636,-0.385625,0],[117.231634,-0.385683,0],[117.23164,-0.385734,0],[117.231666,-0.38575,0],[117.231714,-0.385757,0],[117.231753,-0.385744,0],[117.231832,-0.385728,0],[117.231902,-0.385741,0],[117.231959,-0.385771,0],[117.231998,-0.385818,0],[117.232045,-0.385883,0],[117.232075,-0.385912,0],[117.232105,-0.385922,0],[117.232125,-0.385913,0],[117.23216,-0.385878,0],[117.232182,-0.385829,0],[117.232207,-0.385768,0],[117.232232,-0.385703,0],[117.232276,-0.385629,0],[117.232397,-0.385485,0],[117.232476,-0.385441,0],[117.232555,-0.385436,0],[117.232586,-0.385467,0],[117.232631,-0.385519,0],[117.232671,-0.385579,0],[117.232766,-0.385641,0],[117.232862,-0.385705,0],[117.232954,-0.385726,0],[117.233009,-0.385731,0],[117.233176,-0.385729,0],[117.233261,-0.385705,0],[117.233328,-0.385657,0],[117.233375,-0.385603,0],[117.233447,-0.385505,0],[117.233543,-0.385421,0],[117.233603,-0.3854,0],[117.233674,-0.385415,0],[117.233772,-0.385436,0],[117.233865,-0.385415,0],[117.233957,-0.385371,0],[117.234034,-0.385302,0],[117.234055,-0.385237,0],[117.234073,-0.385145,0],[117.234112,-0.385064,0],[117.234171,-0.385026,0],[117.234242,-0.384984,0],[117.234352,-0.384957,0],[117.234421,-0.384936,0],[117.234474,-0.384904,0],[117.234534,-0.384847,0],[117.234579,-0.384797,0],[117.234629,-0.384776,0],[117.23468,-0.384764,0],[117.234805,-0.384708,0],[117.234854,-0.384693,0],[117.234921,-0.384658,0],[117.234927,-0.384581,0],[117.234915,-0.384521,0],[117.234885,-0.38445,0],[117.234843,-0.384361,0],[117.234837,-0.384283,0],[117.234855,-0.3842,0],[117.234879,-0.384093,0],[117.234909,-0.384016,0],[117.23495,-0.383974,0],[117.235028,-0.383962,0],[117.235105,-0.383909,0],[117.235153,-0.383843,0],[117.235147,-0.38379,0],[117.235105,-0.383712,0],[117.235069,-0.383677,0],[117.235016,-0.383641,0],[117.235003,-0.383567,0],[117.235069,-0.383515,0],[117.23517,-0.38342,0],[117.235265,-0.383408,0],[117.235367,-0.383473,0],[117.235401,-0.383508,0],[117.235421,-0.383508,0],[117.235438,-0.383496,0],[117.235452,-0.383468,0],[117.235449,-0.383431,0],[117.235448,-0.383404,0],[117.235451,-0.383378,0],[117.235469,-0.383343,0],[117.235498,-0.383326,0],[117.235516,-0.383314,0],[117.235533,-0.383301,0],[117.235545,-0.383271,0],[117.235575,-0.383194,0],[117.235569,-0.38311,0],[117.235539,-0.383015,0],[117.235497,-0.382944,0],[117.235474,-0.382861,0],[117.235456,-0.3827,0],[117.235486,-0.382528,0],[117.235521,-0.382409,0],[117.235587,-0.382278,0],[117.235652,-0.382159,0],[117.235712,-0.382046,0],[117.235753,-0.381986,0],[117.235866,-0.381939,0],[117.235938,-0.381903,0],[117.235973,-0.381802,0],[117.235997,-0.381677,0],[117.236057,-0.381629,0],[117.236175,-0.381568,0],[117.236318,-0.381454,0],[117.236496,-0.381261,0],[117.236596,-0.381111,0],[117.236774,-0.380997,0],[117.237046,-0.380819,0],[117.237188,-0.380704,0],[117.237196,-0.380555,0],[117.237196,-0.380369,0],[117.237224,-0.380248,0],[117.237331,-0.380091,0],[117.237453,-0.379976,0],[117.23751,-0.379848,0],[117.237567,-0.379648,0],[117.237695,-0.37947,0],[117.237874,-0.379341,0],[117.237967,-0.37927,0],[117.238066,-0.379157,0],[117.238142,-0.379024,0],[117.238265,-0.37889,0],[117.238313,-0.378824,0],[117.238313,-0.378757,0],[117.238284,-0.378652,0],[117.23818,-0.3785,0],[117.238056,-0.378348,0],[117.237904,-0.378196,0],[117.237761,-0.378062,0],[117.237685,-0.377958,0],[117.237609,-0.37792,0],[117.237523,-0.377799,0],[117.237438,-0.377656,0],[117.23739,-0.377532,0],[117.237314,-0.377428,0],[117.237314,-0.377361,0],[117.237352,-0.377228,0],[117.237447,-0.377076,0],[117.237523,-0.376971,0],[117.23759,-0.376914,0],[117.237733,-0.376857,0],[117.237876,-0.376781,0],[117.23799,-0.376704,0],[117.238056,-0.3766,0],[117.238094,-0.376476,0],[117.238123,-0.376314,0],[117.238161,-0.376171,0],[117.238266,-0.376133,0],[117.238377,-0.37614,0],[117.238462,-0.376178,0],[117.238653,-0.376216,0],[117.238729,-0.376187,0],[117.238843,-0.376035,0],[117.238853,-0.375873,0],[117.238805,-0.37574,0],[117.238777,-0.375683,0],[117.238815,-0.375588,0],[117.238862,-0.375492,0],[117.238957,-0.375407,0],[117.239015,-0.375331,0],[117.239034,-0.375216,0],[117.239015,-0.375112,0],[117.238976,-0.375036,0],[117.239015,-0.374921,0],[117.239119,-0.374769,0],[117.239252,-0.374645,0],[117.239357,-0.374512,0],[117.239433,-0.374465,0],[117.23949,-0.37435,0],[117.239576,-0.37415,0],[117.239633,-0.374008,0],[117.239728,-0.373932,0],[117.23992,-0.373741,0],[117.239991,-0.373711,0],[117.240075,-0.373706,0],[117.240152,-0.373711,0],[117.240223,-0.373735,0],[117.240295,-0.373777,0],[117.24036,-0.373819,0],[117.240426,-0.373854,0],[117.240485,-0.37389,0],[117.240503,-0.373949,0],[117.240527,-0.374003,0],[117.240562,-0.374039,0],[117.24062,-0.374032,0],[117.240645,-0.373993,0],[117.240687,-0.373936,0],[117.240748,-0.373872,0],[117.240802,-0.373847,0],[117.240834,-0.37384,0],[117.240869,-0.373847,0],[117.240923,-0.373868,0],[117.240977,-0.373858,0],[117.241037,-0.373815,0],[117.241076,-0.373765,0],[117.241091,-0.373715,0],[117.241126,-0.373654,0],[117.241162,-0.373636,0],[117.241251,-0.373618,0],[117.241312,-0.373611,0],[117.241385,-0.373603,0],[117.241462,-0.373549,0],[117.241516,-0.373472,0],[117.241575,-0.373383,0],[117.241671,-0.373299,0],[117.241825,-0.373293,0],[117.241938,-0.373311,0],[117.241992,-0.373299,0],[117.242051,-0.373252,0],[117.242099,-0.373204,0],[117.242152,-0.373127,0],[117.242176,-0.373044,0],[117.24223,-0.372966,0],[117.242295,-0.372925,0],[117.242396,-0.372859,0],[117.242486,-0.372758,0],[117.242539,-0.372639,0],[117.242646,-0.372538,0],[117.242825,-0.372461,0],[117.242979,-0.372401,0],[117.243128,-0.372312,0],[117.243211,-0.372235,0],[117.243312,-0.372128,0],[117.243372,-0.372092,0],[117.243591,-0.371949,0],[117.243739,-0.371859,0],[117.243858,-0.371792,0],[117.243996,-0.371725,0],[117.244086,-0.371673,0],[117.244181,-0.371597,0],[117.244248,-0.371511,0],[117.244357,-0.371368,0],[117.244462,-0.371245,0],[117.244586,-0.371169,0],[117.244738,-0.371102,0],[117.244867,-0.371059,0],[117.244986,-0.370978,0],[117.245095,-0.370883,0],[117.245185,-0.370788,0],[117.245276,-0.370726,0],[117.245414,-0.370659,0],[117.245547,-0.370593,0],[117.245666,-0.370531,0],[117.245723,-0.370512,0],[117.245796,-0.370434,0],[117.245896,-0.370319,0],[117.245963,-0.370224,0],[117.246005,-0.370148,0],[117.246058,-0.370086,0],[117.246124,-0.370029,0],[117.246186,-0.369972,0],[117.246253,-0.369939,0],[117.246324,-0.36992,0],[117.246415,-0.36992,0],[117.246515,-0.36992,0],[117.2466,-0.369939,0],[117.246676,-0.369958,0],[117.246743,-0.369943,0],[117.246805,-0.369915,0],[117.246853,-0.369867,0],[117.246962,-0.369801,0],[117.2471,-0.369777,0],[117.247214,-0.369758,0],[117.2473,-0.36972,0],[117.247338,-0.369696,0],[117.247376,-0.369663,0],[117.247439,-0.369556,0],[117.247489,-0.369441,0],[117.247518,-0.369349,0],[117.247554,-0.36922,0],[117.247582,-0.369113,0],[117.247639,-0.368999,0],[117.247739,-0.36892,0],[117.247882,-0.368856,0],[117.248096,-0.368835,0],[117.248239,-0.36882,0],[117.248389,-0.36877,0],[117.248517,-0.368663,0],[117.248617,-0.36857,0],[117.248738,-0.368485,0],[117.248867,-0.368421,0],[117.248974,-0.368335,0],[117.249117,-0.368235,0],[117.249267,-0.368156,0],[117.24941,-0.368049,0],[117.249524,-0.367949,0],[117.249624,-0.367857,0],[117.249674,-0.367771,0],[117.249745,-0.367714,0],[117.249845,-0.36765,0],[117.250002,-0.367578,0],[117.250123,-0.367507,0],[117.250223,-0.367385,0],[117.25033,-0.36725,0],[117.250466,-0.367079,0],[117.250728,-0.366802,0],[117.256889,-0.362074,0],[117.256834,-0.361968,0],[117.256531,-0.361358,0],[117.256202,-0.360213,0],[117.256202,-0.359704,0],[117.256202,-0.35922,0],[117.256025,-0.357287,0],[117.255873,-0.35665,0],[117.255595,-0.356142,0],[117.255316,-0.355734,0],[117.254937,-0.355327,0],[117.254205,-0.354419,0],[117.253719,-0.353816,0],[117.253187,-0.35318,0],[117.252757,-0.352467,0],[117.252302,-0.351806,0],[117.252046,-0.351347,0],[117.251948,-0.35117,0],[117.251796,-0.350559,0],[117.251584,-0.34929,0],[117.251539,-0.349022,0],[117.251514,-0.348335,0],[117.251496,-0.347902,0],[117.251489,-0.347724,0],[117.251387,-0.347113,0],[117.250982,-0.346376,0],[117.250243,-0.345211,0],[117.249993,-0.344817,0],[117.249757,-0.344529,0],[117.24955,-0.344277,0],[117.249512,-0.344231,0],[117.249133,-0.343773,0],[117.248747,-0.343372,0],[117.248399,-0.34301,0],[117.24764,-0.342628,0],[117.246937,-0.342298,0],[117.246073,-0.341892,0],[117.245988,-0.341852,0],[117.245881,-0.341802,0],[117.245864,-0.341528,0],[117.245853,-0.341507,0],[117.245745,-0.341305,0],[117.245524,-0.341134,0],[117.241336,-0.33854,0],[117.239509,-0.337524,0],[117.239243,-0.337376,0],[117.238766,-0.337171,0],[117.238426,-0.337085,0],[117.238052,-0.337068,0],[117.237868,-0.33708,0],[117.237862,-0.337027,0],[117.237874,-0.336828,0],[117.23788,-0.336595,0],[117.237877,-0.336426,0],[117.237838,-0.336303,0],[117.237784,-0.336279,0],[117.237608,-0.336309,0],[117.237518,-0.336444,0],[117.237452,-0.336649,0],[117.237422,-0.336902,0],[117.237389,-0.337198,0],[117.237314,-0.337394,0],[117.237257,-0.337499,0],[117.23709,-0.337553,0],[117.236967,-0.337556,0],[117.23694,-0.337529,0],[117.236907,-0.337469,0],[117.23689,-0.337358,0],[117.236836,-0.337261,0],[117.236791,-0.337192,0],[117.236716,-0.337183,0],[117.236644,-0.337228,0],[117.236578,-0.337358,0],[117.2365,-0.337515,0],[117.236452,-0.337593,0],[117.236333,-0.337593,0],[117.236231,-0.337518,0],[117.236156,-0.337421,0],[117.236114,-0.337175,0],[117.236174,-0.336788,0],[117.236162,-0.336653,0],[117.236111,-0.336538,0],[117.236021,-0.336444,0],[117.23594,-0.336414,0],[117.235841,-0.336456,0],[117.235703,-0.336658,0],[117.235623,-0.336781,0],[117.235481,-0.336775,0],[117.235349,-0.336697,0],[117.235287,-0.336637,0],[117.235248,-0.336535,0],[117.235197,-0.336396,0],[117.235107,-0.336258,0],[117.234996,-0.336216,0],[117.234811,-0.336213,0],[117.234648,-0.336215,0],[117.234516,-0.336185,0],[117.234429,-0.336125,0],[117.234336,-0.335971,0],[117.234244,-0.335775,0],[117.234162,-0.335521,0],[117.234135,-0.335268,0],[117.234153,-0.335102,0],[117.234234,-0.334862,0],[117.234366,-0.334599,0],[117.234474,-0.334394,0],[117.234552,-0.334113,0],[117.234549,-0.334029,0],[117.23445,-0.333929,0],[117.234298,-0.33383,0],[117.234085,-0.3338,0],[117.233731,-0.333823,0],[117.233501,-0.333814,0],[117.233288,-0.333772,0],[117.233118,-0.333655,0],[117.232929,-0.333417,0],[117.232746,-0.333126,0],[117.232635,-0.332994,0],[117.232441,-0.332858,0],[117.232238,-0.332732,0],[117.232009,-0.332511,0],[117.231482,-0.331999,0],[117.231242,-0.331615,0],[117.231176,-0.331456,0],[117.231122,-0.331152,0],[117.231089,-0.330938,0],[117.231009,-0.330793,0],[117.230904,-0.330652,0],[117.23073,-0.330499,0],[117.230595,-0.330433,0],[117.230514,-0.330376,0],[117.230457,-0.330307,0],[117.23043,-0.330207,0],[117.230398,-0.329915,0],[117.230385,-0.32961,0],[117.230337,-0.329435,0],[117.230259,-0.329327,0],[117.230062,-0.329188,0],[117.230018,-0.329165,0]]]]}},{"type":"Feature","properties":{"OBJECTID":45669,"KDPPUM":"64","NAMOBJ":"Kelurahan Bukit Pinang","REMARK":null,"KDPBPS":null,"FCODE":"BA03070040","LUASWH":null,"UUPP":"Hasil Delineasi Batas Desa 2018","SRS_ID":"SRGI 2013","METADATA":"TASWIL1000020200326DATA_BATAS_DESA_KELURAHAN","KDEBPS":null,"KDEPUM":"64.72.03.1009","KDCBPS":null,"KDCPUM":"64.72.03","KDBBPS":null,"WADMKD":"Kelurahan Bukit Pinang","WIADKD":null,"WADMKC":"Samarinda Ulu","WIADKC":null,"WADMKK":"Kota Samarinda","WIADKK":null,"WADMPR":"Kalimantan Timur","WIADPR":null,"TIPADM":2,"KDPKAB":"64.72","SHAPE_Leng":0.226001901691935,"SHAPE_Area":0.00300927540081,"visibility":false},"geometry":{"type":"MultiPolygon","coordinates":[[[[117.138929,-0.448285,0],[117.138927,-0.448269,0],[117.13871,-0.446587,0],[117.138253,-0.443033,0],[117.137271,-0.441893,0],[117.137088,-0.441681,0],[117.137053,-0.44164,0],[117.136971,-0.44143,0],[117.136955,-0.441373,0],[117.136947,-0.441339,0],[117.136925,-0.441247,0],[117.136902,-0.441113,0],[117.136891,-0.441079,0],[117.136856,-0.440853,0],[117.136856,-0.440834,0],[117.136845,-0.440781,0],[117.136805,-0.440524,0],[117.136797,-0.440473,0],[117.136777,-0.440345,0],[117.13678,-0.440303,0],[117.136749,-0.440159,0],[117.136757,-0.439754,0],[117.129805,-0.424325,0],[117.129774,-0.423695,0],[117.129783,-0.423257,0],[117.129775,-0.422837,0],[117.129779,-0.422755,0],[117.129714,-0.42268,0],[117.12954,-0.422684,0],[117.129343,-0.422695,0],[117.129204,-0.422698,0],[117.129143,-0.422655,0],[117.129065,-0.42257,0],[117.129036,-0.422484,0],[117.129026,-0.422291,0],[117.128983,-0.422181,0],[117.128879,-0.422052,0],[117.128625,-0.421821,0],[117.128468,-0.421697,0],[117.128387,-0.421654,0],[117.128296,-0.42153,0],[117.128149,-0.42135,0],[117.128058,-0.421126,0],[117.127963,-0.420926,0],[117.127901,-0.420778,0],[117.127754,-0.42065,0],[117.127478,-0.420517,0],[117.127316,-0.420422,0],[117.127283,-0.420331,0],[117.127443,-0.419915,0],[117.127495,-0.419662,0],[117.127548,-0.419481,0],[117.127525,-0.419263,0],[117.124229,-0.411949,0],[117.124123,-0.41185,0],[117.124069,-0.41177,0],[117.124023,-0.411671,0],[117.123947,-0.411554,0],[117.123871,-0.411419,0],[117.123764,-0.411221,0],[117.123711,-0.41105,0],[117.123665,-0.410978,0],[117.123604,-0.410762,0],[117.123558,-0.410663,0],[117.123512,-0.410583,0],[117.123489,-0.410493,0],[117.123444,-0.410394,0],[117.12339,-0.41025,0],[117.123352,-0.410151,0],[117.123329,-0.410025,0],[117.123299,-0.409935,0],[117.123253,-0.409809,0],[117.123192,-0.409638,0],[117.122873,-0.409421,0],[117.122445,-0.409136,0],[117.121125,-0.408339,0],[117.118646,-0.406831,0],[117.118541,-0.406897,0],[117.118382,-0.406911,0],[117.118264,-0.406911,0],[117.117839,-0.406911,0],[117.117575,-0.406914,0],[117.116874,-0.406923,0],[117.115079,-0.406947,0],[117.114781,-0.406951,0],[117.114441,-0.40695,0],[117.110511,-0.406941,0],[117.110149,-0.40694,0],[117.10995,-0.40694,0],[117.109071,-0.406938,0],[117.107145,-0.406933,0],[117.104632,-0.406928,0],[117.1045,-0.407034,0],[117.104407,-0.407181,0],[117.104341,-0.407314,0],[117.104314,-0.407474,0],[117.103994,-0.40803,0],[117.103944,-0.408117,0],[117.103737,-0.408477,0],[117.103591,-0.408664,0],[117.103459,-0.40885,0],[117.103339,-0.408996,0],[117.103075,-0.409076,0],[117.10277,-0.409183,0],[117.102625,-0.409208,0],[117.102466,-0.409236,0],[117.102188,-0.409276,0],[117.101936,-0.409303,0],[117.101738,-0.409383,0],[117.101626,-0.409505,0],[117.101433,-0.409715,0],[117.101328,-0.409875,0],[117.101314,-0.410128,0],[117.101314,-0.410293,0],[117.101314,-0.410408,0],[117.101301,-0.41078,0],[117.101299,-0.410848,0],[117.101275,-0.411752,0],[117.10127,-0.411804,0],[117.101211,-0.412429,0],[117.101199,-0.412548,0],[117.101066,-0.412716,0],[117.1009,-0.412916,0],[117.100857,-0.412967,0],[117.1007,-0.413151,0],[117.100629,-0.413222,0],[117.100567,-0.413284,0],[117.100428,-0.413466,0],[117.100401,-0.413502,0],[117.100185,-0.413836,0],[117.099852,-0.414255,0],[117.099403,-0.414539,0],[117.098149,-0.415033,0],[117.098096,-0.415066,0],[117.097833,-0.415233,0],[117.0975,-0.415534,0],[117.097217,-0.415869,0],[117.096969,-0.416104,0],[117.096935,-0.416137,0],[117.096619,-0.416371,0],[117.096386,-0.416521,0],[117.094939,-0.417107,0],[117.094691,-0.417306,0],[117.094689,-0.417308,0],[117.094523,-0.417525,0],[117.094373,-0.417793,0],[117.094257,-0.418061,0],[117.094223,-0.418345,0],[117.094207,-0.41883,0],[117.094107,-0.419298,0],[117.09399,-0.419884,0],[117.093874,-0.420453,0],[117.092857,-0.422202,0],[117.092528,-0.422714,0],[117.091855,-0.423374,0],[117.091592,-0.42349,0],[117.091247,-0.423639,0],[117.090902,-0.423688,0],[117.090492,-0.423688,0],[117.090147,-0.423655,0],[117.089999,-0.423606,0],[117.089946,-0.423562,0],[117.089818,-0.423457,0],[117.089687,-0.423292,0],[117.089514,-0.423055,0],[117.089506,-0.423044,0],[117.089359,-0.422862,0],[117.089194,-0.422747,0],[117.089046,-0.422714,0],[117.088833,-0.422763,0],[117.088603,-0.422862,0],[117.088373,-0.423044,0],[117.088127,-0.423408,0],[117.087611,-0.424238,0],[117.087348,-0.424617,0],[117.087003,-0.424948,0],[117.086461,-0.425162,0],[117.085968,-0.425311,0],[117.085558,-0.425394,0],[117.085374,-0.425463,0],[117.085032,-0.425592,0],[117.084649,-0.425945,0],[117.084594,-0.425996,0],[117.084441,-0.426137,0],[117.084122,-0.426458,0],[117.08408,-0.4265,0],[117.083653,-0.426765,0],[117.083247,-0.426911,0],[117.083242,-0.426913,0],[117.082881,-0.426946,0],[117.082459,-0.426946,0],[117.082454,-0.426946,0],[117.081928,-0.426963,0],[117.081386,-0.427045,0],[117.080779,-0.42721,0],[117.080105,-0.427475,0],[117.07955,-0.427658,0],[117.078735,-0.427926,0],[117.078149,-0.428106,0],[117.078144,-0.428108,0],[117.077684,-0.428224,0],[117.077257,-0.428323,0],[117.076847,-0.428372,0],[117.076223,-0.428372,0],[117.075599,-0.428339,0],[117.075139,-0.42829,0],[117.074912,-0.428264,0],[117.074772,-0.428247,0],[117.074564,-0.428224,0],[117.074153,-0.428224,0],[117.073776,-0.428224,0],[117.073316,-0.428273,0],[117.073004,-0.428389,0],[117.072247,-0.429063,0],[117.072143,-0.429156,0],[117.071716,-0.429552,0],[117.071355,-0.429916,0],[117.070977,-0.43023,0],[117.07055,-0.43061,0],[117.070139,-0.430989,0],[117.06986,-0.431336,0],[117.069597,-0.4317,0],[117.069302,-0.432162,0],[117.069286,-0.432193,0],[117.069176,-0.432411,0],[117.06874,-0.433277,0],[117.068664,-0.433403,0],[117.07191,-0.432488,0],[117.071803,-0.43265,0],[117.071716,-0.432782,0],[117.071495,-0.43316,0],[117.071266,-0.433529,0],[117.07103,-0.433907,0],[117.070801,-0.434285,0],[117.070572,-0.434654,0],[117.070358,-0.435041,0],[117.070152,-0.435428,0],[117.069962,-0.435824,0],[117.069801,-0.436229,0],[117.069649,-0.436643,0],[117.069496,-0.437057,0],[117.069366,-0.437471,0],[117.069244,-0.437894,0],[117.06913,-0.438317,0],[117.069023,-0.438749,0],[117.068916,-0.439172,0],[117.06881,-0.439604,0],[117.068703,-0.440026,0],[117.068596,-0.440458,0],[117.068535,-0.44089,0],[117.068497,-0.441106,0],[117.099586,-0.474196,0],[117.1014,-0.476257,0],[117.101401,-0.476256,0],[117.101728,-0.475879,0],[117.101954,-0.47568,0],[117.102198,-0.475525,0],[117.102546,-0.475392,0],[117.102905,-0.475311,0],[117.103764,-0.475093,0],[117.103824,-0.475081,0],[117.104443,-0.474945,0],[117.104944,-0.474842,0],[117.105481,-0.474761,0],[117.105974,-0.474686,0],[117.106327,-0.474733,0],[117.106752,-0.474844,0],[117.107434,-0.475088,0],[117.108037,-0.475252,0],[117.108454,-0.475424,0],[117.108804,-0.475556,0],[117.109018,-0.475606,0],[117.109161,-0.475606,0],[117.1093,-0.47557,0],[117.109522,-0.475445,0],[117.109736,-0.475313,0],[117.109986,-0.475102,0],[117.110196,-0.47491,0],[117.110389,-0.474681,0],[117.110542,-0.474442,0],[117.110683,-0.47407,0],[117.110828,-0.473782,0],[117.110971,-0.473382,0],[117.111131,-0.472993,0],[117.111235,-0.472779,0],[117.111353,-0.472604,0],[117.111527,-0.472433,0],[117.111909,-0.47219,0],[117.112209,-0.472008,0],[117.112527,-0.471794,0],[117.112913,-0.471472,0],[117.113055,-0.471219,0],[117.113252,-0.470871,0],[117.11394,-0.470068,0],[117.114758,-0.469269,0],[117.11509,-0.468793,0],[117.115939,-0.467872,0],[117.116273,-0.467648,0],[117.116394,-0.46761,0],[117.116602,-0.467589,0],[117.118588,-0.467651,0],[117.119686,-0.467651,0],[117.121,-0.467753,0],[117.121242,-0.467729,0],[117.121347,-0.467739,0],[117.121476,-0.467762,0],[117.121661,-0.467829,0],[117.121861,-0.4679,0],[117.121994,-0.467948,0],[117.122099,-0.467981,0],[117.122247,-0.467957,0],[117.122351,-0.467934,0],[117.122975,-0.467651,0],[117.123417,-0.467374,0],[117.123673,-0.467159,0],[117.123724,-0.467117,0],[117.124081,-0.466763,0],[117.124366,-0.466456,0],[117.124598,-0.466107,0],[117.124827,-0.465718,0],[117.125187,-0.465064,0],[117.125412,-0.464497,0],[117.125708,-0.463751,0],[117.12606,-0.463014,0],[117.126365,-0.46258,0],[117.126593,-0.462316,0],[117.127064,-0.461889,0],[117.127618,-0.461524,0],[117.127907,-0.46126,0],[117.128339,-0.460756,0],[117.128503,-0.460489,0],[117.128906,-0.459889,0],[117.129209,-0.459604,0],[117.129729,-0.459271,0],[117.12998,-0.459171,0],[117.13027,-0.45906,0],[117.130923,-0.458839,0],[117.131497,-0.458628,0],[117.131822,-0.458443,0],[117.132404,-0.4581,0],[117.132825,-0.45779,0],[117.133303,-0.457326,0],[117.133721,-0.456919,0],[117.134024,-0.456601,0],[117.134267,-0.456319,0],[117.134599,-0.455859,0],[117.134702,-0.45563,0],[117.134824,-0.455384,0],[117.134902,-0.455077,0],[117.134977,-0.454663,0],[117.135013,-0.454281,0],[117.135024,-0.454024,0],[117.135081,-0.45371,0],[117.135177,-0.453442,0],[117.135309,-0.4532,0],[117.135484,-0.452971,0],[117.135677,-0.452757,0],[117.135991,-0.452489,0],[117.136187,-0.452293,0],[117.136351,-0.452108,0],[117.136519,-0.451893,0],[117.136719,-0.451533,0],[117.136919,-0.451065,0],[117.137219,-0.450434,0],[117.137536,-0.449688,0],[117.137779,-0.449188,0],[117.137979,-0.448763,0],[117.138107,-0.448635,0],[117.138264,-0.448524,0],[117.13845,-0.448424,0],[117.138929,-0.448285,0]]]]}},{"type":"Feature","properties":{"OBJECTID":45670,"KDPPUM":"64","NAMOBJ":"Kelurahan Bukuan","REMARK":null,"KDPBPS":null,"FCODE":"BA03070040","LUASWH":null,"UUPP":"Hasil Delineasi Batas Desa 2018","SRS_ID":"SRGI 2013","METADATA":"TASWIL1000020200326DATA_BATAS_DESA_KELURAHAN","KDEBPS":null,"KDEPUM":"64.72.01.1003","KDCBPS":null,"KDCPUM":"64.72.01","KDBBPS":null,"WADMKD":"Kelurahan Bukuan","WIADKD":null,"WADMKC":"Palaran","WIADKC":null,"WADMKK":"Kota Samarinda","WIADKK":null,"WADMPR":"Kalimantan Timur","WIADPR":null,"TIPADM":2,"KDPKAB":"64.72","SHAPE_Leng":0.232980975801339,"SHAPE_Area":0.0025188306346,"visibility":false},"geometry":{"type":"MultiPolygon","coordinates":[[[[117.238645,-0.574062,0],[117.235146,-0.576066,0],[117.23484,-0.576066,0],[117.234665,-0.576075,0],[117.234413,-0.576076,0],[117.234299,-0.576103,0],[117.233368,-0.576095,0],[117.233154,-0.576086,0],[117.232788,-0.576087,0],[117.232574,-0.57606,0],[117.232475,-0.57606,0],[117.232147,-0.576033,0],[117.232018,-0.576033,0],[117.231712,-0.575998,0],[117.231194,-0.575998,0],[117.231018,-0.575981,0],[117.230858,-0.575963,0],[117.230598,-0.575963,0],[117.230354,-0.575927,0],[117.230164,-0.575883,0],[117.230019,-0.575883,0],[117.229881,-0.575856,0],[117.229782,-0.575856,0],[117.229691,-0.575811,0],[117.229561,-0.575766,0],[117.229446,-0.575748,0],[117.229332,-0.575722,0],[117.229164,-0.575641,0],[117.228996,-0.575587,0],[117.228851,-0.57556,0],[117.228668,-0.575524,0],[117.228508,-0.575498,0],[117.228226,-0.575417,0],[117.228058,-0.575372,0],[117.227776,-0.575256,0],[117.227615,-0.575211,0],[117.227534,-0.575175,0],[117.227493,-0.575157,0],[117.227394,-0.575121,0],[117.227272,-0.575058,0],[117.227158,-0.575013,0],[117.227058,-0.574951,0],[117.226898,-0.574888,0],[117.226746,-0.574825,0],[117.226593,-0.57478,0],[117.226463,-0.574699,0],[117.226372,-0.574673,0],[117.226181,-0.574574,0],[117.226067,-0.574529,0],[117.225983,-0.574502,0],[117.22583,-0.574421,0],[117.225609,-0.574332,0],[117.225449,-0.574251,0],[117.225311,-0.57417,0],[117.225174,-0.574107,0],[117.225052,-0.574071,0],[117.224869,-0.573982,0],[117.224655,-0.573901,0],[117.224564,-0.573865,0],[117.224434,-0.573829,0],[117.224312,-0.573775,0],[117.224175,-0.573731,0],[117.224083,-0.573695,0],[117.223923,-0.573623,0],[117.223808,-0.573578,0],[117.223602,-0.573497,0],[117.223511,-0.573479,0],[117.223373,-0.573435,0],[117.223289,-0.573408,0],[117.223091,-0.573363,0],[117.223007,-0.573318,0],[117.222916,-0.573282,0],[117.222809,-0.573264,0],[117.222679,-0.573202,0],[117.222588,-0.573157,0],[117.222466,-0.573094,0],[117.22226,-0.572995,0],[117.221848,-0.572798,0],[117.221748,-0.572735,0],[117.221603,-0.572654,0],[117.221519,-0.5726,0],[117.22139,-0.572519,0],[117.221153,-0.572403,0],[117.221001,-0.572304,0],[117.220894,-0.572223,0],[117.220718,-0.572115,0],[117.220612,-0.572053,0],[117.22039,-0.571909,0],[117.220276,-0.571828,0],[117.220146,-0.571756,0],[117.219917,-0.571649,0],[117.219788,-0.57155,0],[117.219604,-0.571442,0],[117.219475,-0.571361,0],[117.219109,-0.571182,0],[117.219002,-0.57111,0],[117.218903,-0.571065,0],[117.218796,-0.570993,0],[117.218689,-0.570975,0],[117.218582,-0.570904,0],[117.218452,-0.570832,0],[117.218346,-0.570787,0],[117.218231,-0.570724,0],[117.218102,-0.570643,0],[117.217911,-0.570535,0],[117.217804,-0.570473,0],[117.217705,-0.570392,0],[117.217339,-0.570212,0],[117.217186,-0.570123,0],[117.217079,-0.57006,0],[117.216888,-0.56997,0],[117.216774,-0.569898,0],[117.216667,-0.569844,0],[117.21656,-0.569808,0],[117.216469,-0.569782,0],[117.216339,-0.56971,0],[117.216187,-0.56962,0],[117.216057,-0.569557,0],[117.215797,-0.569423,0],[117.215576,-0.569333,0],[117.215439,-0.569252,0],[117.215317,-0.569198,0],[117.215225,-0.569162,0],[117.21508,-0.569108,0],[117.214897,-0.569001,0],[117.214767,-0.568947,0],[117.214638,-0.568884,0],[117.214539,-0.568857,0],[117.214378,-0.568776,0],[117.214256,-0.568732,0],[117.214088,-0.56866,0],[117.213989,-0.568615,0],[117.213829,-0.568543,0],[117.213699,-0.56848,0],[117.21347,-0.5684,0],[117.213394,-0.568346,0],[117.213165,-0.568265,0],[117.213028,-0.568184,0],[117.212852,-0.568104,0],[117.212753,-0.568059,0],[117.212662,-0.568023,0],[117.212532,-0.567969,0],[117.21244,-0.567906,0],[117.212265,-0.567825,0],[117.211983,-0.567718,0],[117.211792,-0.567637,0],[117.211639,-0.567574,0],[117.211487,-0.56752,0],[117.211365,-0.567467,0],[117.211105,-0.567386,0],[117.211021,-0.56735,0],[117.210876,-0.567296,0],[117.210716,-0.567224,0],[117.210587,-0.56718,0],[117.210457,-0.567144,0],[117.21035,-0.56709,0],[117.210243,-0.567063,0],[117.210106,-0.567,0],[117.209999,-0.566964,0],[117.209808,-0.56692,0],[117.209526,-0.56683,0],[117.209412,-0.566785,0],[117.209259,-0.566722,0],[117.209129,-0.56666,0],[117.208984,-0.566624,0],[117.208885,-0.566561,0],[117.208725,-0.566534,0],[117.208649,-0.566471,0],[117.208565,-0.566426,0],[117.208427,-0.566372,0],[117.208237,-0.566319,0],[117.208145,-0.566256,0],[117.208046,-0.566238,0],[117.207962,-0.566193,0],[117.207809,-0.56613,0],[117.207649,-0.566049,0],[117.207565,-0.566014,0],[117.207413,-0.565951,0],[117.20726,-0.565879,0],[117.207176,-0.565825,0],[117.207047,-0.565771,0],[117.206825,-0.565673,0],[117.206665,-0.565583,0],[117.206543,-0.565538,0],[117.206383,-0.565475,0],[117.206276,-0.565439,0],[117.206184,-0.565376,0],[117.206085,-0.565359,0],[117.20591,-0.565287,0],[117.205757,-0.565224,0],[117.205597,-0.565179,0],[117.205475,-0.565116,0],[117.205238,-0.565072,0],[117.205147,-0.565027,0],[117.205002,-0.564991,0],[117.20491,-0.564973,0],[117.204781,-0.56491,0],[117.204666,-0.564865,0],[117.204661,-0.564864,0],[117.204475,-0.564803,0],[117.204376,-0.564767,0],[117.204262,-0.564722,0],[117.204086,-0.564659,0],[117.203987,-0.564605,0],[117.203827,-0.564561,0],[117.203735,-0.564525,0],[117.203522,-0.564444,0],[117.203354,-0.564381,0],[117.203255,-0.564354,0],[117.202919,-0.564238,0],[117.202736,-0.564193,0],[117.202614,-0.564139,0],[117.202492,-0.564103,0],[117.2024,-0.564067,0],[117.202278,-0.564031,0],[117.202187,-0.564014,0],[117.20211,-0.563969,0],[117.201988,-0.563924,0],[117.201836,-0.563861,0],[117.201691,-0.563834,0],[117.201584,-0.563807,0],[117.201447,-0.563763,0],[117.201324,-0.563718,0],[117.201233,-0.563682,0],[117.201111,-0.563664,0],[117.200897,-0.56361,0],[117.200729,-0.563565,0],[117.200592,-0.563539,0],[117.20047,-0.563503,0],[117.200272,-0.563431,0],[117.200073,-0.563377,0],[117.199989,-0.56335,0],[117.199898,-0.563305,0],[117.19973,-0.563252,0],[117.199608,-0.563207,0],[117.199516,-0.56318,0],[117.199448,-0.563171,0],[117.199371,-0.563126,0],[117.199265,-0.563081,0],[117.199173,-0.563045,0],[117.199036,-0.56301,0],[117.198944,-0.562974,0],[117.198845,-0.562929,0],[117.198723,-0.562875,0],[117.19857,-0.562821,0],[117.198441,-0.562767,0],[117.198265,-0.562696,0],[117.198135,-0.56266,0],[117.197891,-0.562552,0],[117.197762,-0.562507,0],[117.197639,-0.562462,0],[117.197502,-0.562418,0],[117.197411,-0.562409,0],[117.197266,-0.562346,0],[117.197159,-0.562319,0],[117.196922,-0.562247,0],[117.196808,-0.562202,0],[117.196556,-0.562131,0],[117.196419,-0.562086,0],[117.196312,-0.56205,0],[117.196205,-0.562032,0],[117.196053,-0.562005,0],[117.195908,-0.561961,0],[117.195808,-0.561925,0],[117.195702,-0.561907,0],[117.195549,-0.561844,0],[117.195151,-0.562896,0],[117.194074,-0.565619,0],[117.194115,-0.565757,0],[117.194018,-0.565853,0],[117.193806,-0.566287,0],[117.193826,-0.566673,0],[117.193749,-0.566836,0],[117.193709,-0.567089,0],[117.193662,-0.567318,0],[117.193662,-0.567531,0],[117.19345,-0.567771,0],[117.19344,-0.568041,0],[117.193575,-0.569016,0],[117.19372,-0.569546,0],[117.19371,-0.569918,0],[117.193671,-0.57025,0],[117.193604,-0.570587,0],[117.193498,-0.570886,0],[117.193283,-0.571245,0],[117.193003,-0.571573,0],[117.192878,-0.572011,0],[117.192839,-0.572297,0],[117.192994,-0.572499,0],[117.193177,-0.572576,0],[117.193495,-0.572624,0],[117.1937,-0.57272,0],[117.19386,-0.572892,0],[117.193761,-0.573481,0],[117.193798,-0.573882,0],[117.194044,-0.574267,0],[117.194028,-0.574361,0],[117.193946,-0.574516,0],[117.193782,-0.575009,0],[117.193579,-0.575432,0],[117.193329,-0.575857,0],[117.193226,-0.57615,0],[117.192601,-0.576999,0],[117.192876,-0.577682,0],[117.192682,-0.578008,0],[117.19255,-0.578236,0],[117.19255,-0.578419,0],[117.192521,-0.578611,0],[117.192348,-0.578949,0],[117.192108,-0.579453,0],[117.191973,-0.579781,0],[117.191944,-0.580128,0],[117.192069,-0.58087,0],[117.192233,-0.581439,0],[117.192003,-0.583357,0],[117.191882,-0.585801,0],[117.191815,-0.586302,0],[117.191708,-0.586804,0],[117.191699,-0.587045,0],[117.191699,-0.587354,0],[117.191641,-0.587662,0],[117.19141,-0.58851,0],[117.19128,-0.589072,0],[117.191289,-0.58937,0],[117.19127,-0.590489,0],[117.19137,-0.591377,0],[117.191505,-0.59184,0],[117.191746,-0.59239,0],[117.191881,-0.592515,0],[117.192006,-0.592621,0],[117.192691,-0.592978,0],[117.193076,-0.5932,0],[117.193269,-0.593373,0],[117.193385,-0.593585,0],[117.193442,-0.593807,0],[117.193394,-0.594048,0],[117.193249,-0.594318,0],[117.192668,-0.595078,0],[117.192601,-0.595406,0],[117.19261,-0.595744,0],[117.192813,-0.59612,0],[117.192977,-0.596303,0],[117.193468,-0.596824,0],[117.193613,-0.597007,0],[117.193632,-0.597162,0],[117.193526,-0.597335,0],[117.193186,-0.597816,0],[117.193091,-0.598032,0],[117.192829,-0.598751,0],[117.19277,-0.598997,0],[117.192761,-0.599228,0],[117.192838,-0.599575,0],[117.192954,-0.600127,0],[117.192913,-0.600536,0],[117.192804,-0.601155,0],[117.192751,-0.60177,0],[117.192754,-0.601945,0],[117.192862,-0.602181,0],[117.193162,-0.602588,0],[117.193585,-0.603019,0],[117.194078,-0.603513,0],[117.194213,-0.603678,0],[117.194388,-0.603882,0],[117.194974,-0.604656,0],[117.195216,-0.604868,0],[117.19556,-0.605055,0],[117.195891,-0.605164,0],[117.196179,-0.605224,0],[117.196568,-0.605188,0],[117.197087,-0.605138,0],[117.197592,-0.605102,0],[117.197999,-0.60512,0],[117.198127,-0.605205,0],[117.198236,-0.605363,0],[117.198302,-0.605539,0],[117.198411,-0.605782,0],[117.198521,-0.605897,0],[117.198691,-0.605958,0],[117.198873,-0.605988,0],[117.199067,-0.605934,0],[117.19937,-0.605867,0],[117.199662,-0.605812,0],[117.199868,-0.605849,0],[117.200172,-0.605958,0],[117.200423,-0.606139,0],[117.200782,-0.606412,0],[117.201346,-0.606864,0],[117.201742,-0.607212,0],[117.201907,-0.607502,0],[117.202036,-0.607815,0],[117.202203,-0.608053,0],[117.202445,-0.608308,0],[117.202605,-0.608412,0],[117.202716,-0.60852,0],[117.202869,-0.608699,0],[117.202981,-0.608916,0],[117.203034,-0.609163,0],[117.203059,-0.609386,0],[117.203125,-0.609533,0],[117.203219,-0.60971,0],[117.203373,-0.609888,0],[117.203661,-0.610165,0],[117.203799,-0.610384,0],[117.204002,-0.610816,0],[117.20419,-0.611265,0],[117.204257,-0.611542,0],[117.204319,-0.611896,0],[117.204339,-0.612336,0],[117.204324,-0.61279,0],[117.204226,-0.613237,0],[117.204214,-0.613478,0],[117.204234,-0.613731,0],[117.204255,-0.613958,0],[117.204254,-0.614075,0],[117.204247,-0.614204,0],[117.204218,-0.614358,0],[117.204183,-0.614457,0],[117.2041,-0.614728,0],[117.203999,-0.615012,0],[117.2039,-0.615265,0],[117.20366,-0.615793,0],[117.203379,-0.616383,0],[117.203297,-0.616516,0],[117.203186,-0.616672,0],[117.203092,-0.616742,0],[117.202972,-0.61681,0],[117.20283,-0.616866,0],[117.202675,-0.616893,0],[117.202541,-0.616895,0],[117.202365,-0.61694,0],[117.202007,-0.617009,0],[117.201771,-0.617078,0],[117.201674,-0.617124,0],[117.201619,-0.617164,0],[117.201534,-0.617274,0],[117.201383,-0.617529,0],[117.211589,-0.624828,0],[117.21435,-0.624842,0],[117.223114,-0.626585,0],[117.225649,-0.615517,0],[117.227341,-0.614089,0],[117.229217,-0.611982,0],[117.230259,-0.609231,0],[117.230827,-0.608042,0],[117.231077,-0.607863,0],[117.231886,-0.607825,0],[117.240352,-0.607521,0],[117.240395,-0.607519,0],[117.2421,-0.608036,0],[117.24348,-0.609249,0],[117.243606,-0.609251,0],[117.244326,-0.608669,0],[117.244624,-0.607471,0],[117.244743,-0.607049,0],[117.24515,-0.606318,0],[117.245474,-0.605881,0],[117.245561,-0.605147,0],[117.245029,-0.604659,0],[117.24499,-0.604486,0],[117.243742,-0.603479,0],[117.24348,-0.60324,0],[117.243441,-0.603069,0],[117.243466,-0.602866,0],[117.243612,-0.602616,0],[117.243809,-0.602413,0],[117.244062,-0.602181,0],[117.244254,-0.602037,0],[117.244398,-0.601768,0],[117.244451,-0.601596,0],[117.244487,-0.601454,0],[117.244605,-0.601375,0],[117.244725,-0.601392,0],[117.24796,-0.602073,0],[117.248936,-0.59988,0],[117.248617,-0.598698,0],[117.25157,-0.590785,0],[117.252703,-0.589614,0],[117.252757,-0.58929,0],[117.252973,-0.588123,0],[117.253127,-0.587214,0],[117.253187,-0.586434,0],[117.25327,-0.585898,0],[117.253353,-0.585518,0],[117.253889,-0.584661,0],[117.255899,-0.581246,0],[117.256195,-0.580782,0],[117.258133,-0.57851,0],[117.257721,-0.578352,0],[117.252831,-0.576302,0],[117.250018,-0.575013,0],[117.247735,-0.574481,0],[117.244866,-0.574453,0],[117.240938,-0.574426,0],[117.238645,-0.574062,0]]]]}},{"type":"Feature","properties":{"OBJECTID":45672,"KDPPUM":"64","NAMOBJ":"Kelurahan Dadi Mulya","REMARK":null,"KDPBPS":null,"FCODE":"BA03070040","LUASWH":null,"UUPP":"Hasil Delineasi Batas Desa 2018","SRS_ID":"SRGI 2013","METADATA":"TASWIL1000020200326DATA_BATAS_DESA_KELURAHAN","KDEBPS":null,"KDEPUM":"64.72.03.1007","KDCBPS":null,"KDCPUM":"64.72.03","KDBBPS":null,"WADMKD":"Kelurahan Dadi Mulya","WIADKD":null,"WADMKC":"Samarinda Ulu","WIADKC":null,"WADMKK":"Kota Samarinda","WIADKK":null,"WADMPR":"Kalimantan Timur","WIADPR":null,"TIPADM":2,"KDPKAB":"64.72","SHAPE_Leng":0.051420935467816,"SHAPE_Area":0.000082674010392,"visibility":false},"geometry":{"type":"MultiPolygon","coordinates":[[[[117.150092,-0.484032,0],[117.148774,-0.483738,0],[117.14897,-0.482447,0],[117.148597,-0.482296,0],[117.14839,-0.482212,0],[117.14816,-0.482353,0],[117.147799,-0.482589,0],[117.147424,-0.482749,0],[117.146721,-0.48296,0],[117.146223,-0.483028,0],[117.14612,-0.483053,0],[117.146119,-0.483054,0],[117.146108,-0.483057,0],[117.146005,-0.48312,0],[117.145852,-0.483214,0],[117.145751,-0.483328,0],[117.145771,-0.483438,0],[117.145821,-0.483552,0],[117.145507,-0.483777,0],[117.145243,-0.484152,0],[117.14494,-0.484609,0],[117.14465,-0.485093,0],[117.144383,-0.485537,0],[117.143978,-0.485732,0],[117.143841,-0.485689,0],[117.143582,-0.485556,0],[117.143064,-0.485256,0],[117.142761,-0.485031,0],[117.142053,-0.485087,0],[117.141991,-0.484993,0],[117.141935,-0.484909,0],[117.141902,-0.484656,0],[117.141883,-0.484509,0],[117.141865,-0.484357,0],[117.141853,-0.484247,0],[117.141852,-0.484244,0],[117.14185,-0.484232,0],[117.141768,-0.484028,0],[117.141744,-0.483967,0],[117.141692,-0.484167,0],[117.141667,-0.484941,0],[117.141703,-0.485298,0],[117.141709,-0.485509,0],[117.141588,-0.485755,0],[117.141363,-0.486187,0],[117.140963,-0.486827,0],[117.140842,-0.487158,0],[117.140734,-0.487464,0],[117.140739,-0.487872,0],[117.140701,-0.48805,0],[117.140629,-0.488196,0],[117.140472,-0.488455,0],[117.140301,-0.488787,0],[117.140133,-0.489325,0],[117.139962,-0.489914,0],[117.139821,-0.490752,0],[117.139536,-0.491142,0],[117.13926,-0.491561,0],[117.138997,-0.491934,0],[117.140406,-0.492256,0],[117.141949,-0.492735,0],[117.141878,-0.492982,0],[117.141229,-0.493729,0],[117.141107,-0.494492,0],[117.140879,-0.494664,0],[117.140762,-0.494862,0],[117.140727,-0.49492,0],[117.140915,-0.494997,0],[117.141283,-0.495144,0],[117.141305,-0.495159,0],[117.141308,-0.49516,0],[117.141453,-0.495264,0],[117.14147,-0.495276,0],[117.141955,-0.495618,0],[117.142011,-0.495658,0],[117.142483,-0.495992,0],[117.142508,-0.496009,0],[117.143232,-0.496154,0],[117.143321,-0.496158,0],[117.143337,-0.496177,0],[117.143391,-0.496205,0],[117.143496,-0.49622,0],[117.143855,-0.496182,0],[117.143845,-0.496078,0],[117.143839,-0.496034,0],[117.143836,-0.496012,0],[117.143829,-0.495968,0],[117.143819,-0.49591,0],[117.143809,-0.495857,0],[117.14381,-0.495848,0],[117.143762,-0.495538,0],[117.143744,-0.495301,0],[117.143748,-0.495242,0],[117.143755,-0.495186,0],[117.143767,-0.495101,0],[117.143782,-0.495025,0],[117.143797,-0.494966,0],[117.143806,-0.49493,0],[117.143814,-0.4949,0],[117.143835,-0.49484,0],[117.143859,-0.494781,0],[117.143929,-0.494623,0],[117.143999,-0.49447,0],[117.144028,-0.494407,0],[117.144123,-0.49418,0],[117.144206,-0.493984,0],[117.144268,-0.493849,0],[117.144583,-0.493207,0],[117.144623,-0.49309,0],[117.144624,-0.493086,0],[117.14466,-0.492988,0],[117.144667,-0.492967,0],[117.144701,-0.492867,0],[117.144715,-0.49282,0],[117.144761,-0.492683,0],[117.144786,-0.492567,0],[117.144803,-0.4925,0],[117.144826,-0.492414,0],[117.144843,-0.492337,0],[117.144858,-0.492271,0],[117.144873,-0.492209,0],[117.144886,-0.492156,0],[117.144888,-0.492147,0],[117.144907,-0.492078,0],[117.144938,-0.491969,0],[117.144973,-0.491854,0],[117.145005,-0.491757,0],[117.145019,-0.491713,0],[117.1451,-0.491461,0],[117.145188,-0.491191,0],[117.145276,-0.490925,0],[117.145309,-0.490828,0],[117.14535,-0.490706,0],[117.145401,-0.490556,0],[117.145451,-0.490425,0],[117.145486,-0.490342,0],[117.145508,-0.490294,0],[117.145528,-0.490257,0],[117.145549,-0.490222,0],[117.145563,-0.490202,0],[117.145568,-0.490195,0],[117.145617,-0.490131,0],[117.145705,-0.490028,0],[117.145803,-0.489917,0],[117.145833,-0.489885,0],[117.145899,-0.489815,0],[117.145907,-0.489806,0],[117.146011,-0.489694,0],[117.146043,-0.489664,0],[117.146086,-0.489628,0],[117.146122,-0.489597,0],[117.146131,-0.489589,0],[117.146141,-0.489584,0],[117.146291,-0.489541,0],[117.146503,-0.489695,0],[117.146509,-0.489702,0],[117.146625,-0.489827,0],[117.146665,-0.489858,0],[117.146853,-0.489984,0],[117.147519,-0.490439,0],[117.148354,-0.491006,0],[117.148372,-0.490978,0],[117.148385,-0.490958,0],[117.148598,-0.490637,0],[117.148667,-0.490535,0],[117.148703,-0.49048,0],[117.148728,-0.49044,0],[117.148747,-0.490409,0],[117.148758,-0.490383,0],[117.148764,-0.490367,0],[117.148766,-0.49035,0],[117.148767,-0.490325,0],[117.148763,-0.490298,0],[117.148758,-0.490284,0],[117.148738,-0.490229,0],[117.148733,-0.490221,0],[117.148737,-0.490204,0],[117.148631,-0.490044,0],[117.148602,-0.489995,0],[117.148528,-0.489873,0],[117.148457,-0.489754,0],[117.148389,-0.489641,0],[117.148326,-0.489518,0],[117.148129,-0.489112,0],[117.148136,-0.489093,0],[117.148141,-0.489086,0],[117.148681,-0.489035,0],[117.149839,-0.488891,0],[117.150504,-0.488808,0],[117.150852,-0.487708,0],[117.150853,-0.487706,0],[117.15134,-0.487817,0],[117.151408,-0.487833,0],[117.151408,-0.487833,0],[117.151433,-0.487839,0],[117.151435,-0.487835,0],[117.15155,-0.487624,0],[117.151588,-0.487295,0],[117.151652,-0.486417,0],[117.151644,-0.486104,0],[117.151534,-0.485588,0],[117.151487,-0.485274,0],[117.151439,-0.485129,0],[117.151368,-0.484977,0],[117.151281,-0.484843,0],[117.151088,-0.484653,0],[117.150962,-0.48453,0],[117.150793,-0.484287,0],[117.150736,-0.484012,0],[117.150583,-0.48404,0],[117.150326,-0.48408,0],[117.150092,-0.484032,0]]]]}},{"type":"Feature","properties":{"OBJECTID":45682,"KDPPUM":"64","NAMOBJ":"Kelurahan Gunung Kelua","REMARK":null,"KDPBPS":null,"FCODE":"BA03070040","LUASWH":null,"UUPP":"Hasil Delineasi Batas Desa 2018","SRS_ID":"SRGI 2013","METADATA":"TASWIL1000020200326DATA_BATAS_DESA_KELURAHAN","KDEBPS":null,"KDEPUM":"64.72.03.1008","KDCBPS":null,"KDCPUM":"64.72.03","KDBBPS":null,"WADMKD":"Kelurahan Gunung Kelua","WIADKD":null,"WADMKC":"Samarinda Ulu","WIADKC":null,"WADMKK":"Kota Samarinda","WIADKK":null,"WADMPR":"Kalimantan Timur","WIADPR":null,"TIPADM":2,"KDPKAB":"64.72","SHAPE_Leng":0.079106493133268,"SHAPE_Area":0.000232422832723,"visibility":false},"geometry":{"type":"MultiPolygon","coordinates":[[[[117.157485,-0.470483,0],[117.157483,-0.470481,0],[117.157483,-0.470481,0],[117.157378,-0.470382,0],[117.156988,-0.470013,0],[117.156681,-0.469713,0],[117.156553,-0.469494,0],[117.156386,-0.469096,0],[117.156196,-0.468418,0],[117.155902,-0.46718,0],[117.155695,-0.466223,0],[117.155617,-0.465624,0],[117.155922,-0.46479,0],[117.155582,-0.464748,0],[117.155553,-0.464741,0],[117.155417,-0.464705,0],[117.155058,-0.464589,0],[117.154659,-0.46448,0],[117.154621,-0.464472,0],[117.154467,-0.46441,0],[117.154024,-0.464176,0],[117.153344,-0.463861,0],[117.153072,-0.463751,0],[117.151676,-0.463187,0],[117.15161,-0.463161,0],[117.15126,-0.462982,0],[117.151148,-0.462925,0],[117.150483,-0.462588,0],[117.150472,-0.462635,0],[117.150399,-0.462876,0],[117.150227,-0.463345,0],[117.149555,-0.464737,0],[117.148443,-0.464065,0],[117.14846,-0.463957,0],[117.148555,-0.463558,0],[117.148317,-0.463367,0],[117.148312,-0.463267,0],[117.148183,-0.463234,0],[117.148141,-0.463237,0],[117.147974,-0.463361,0],[117.147903,-0.46345,0],[117.147855,-0.463676,0],[117.147813,-0.464033,0],[117.147736,-0.464164,0],[117.147504,-0.464051,0],[117.147289,-0.463863,0],[117.147171,-0.463823,0],[117.14701,-0.463806,0],[117.146721,-0.463813,0],[117.146432,-0.46381,0],[117.14623,-0.463756,0],[117.146153,-0.463709,0],[117.145968,-0.463661,0],[117.145849,-0.46362,0],[117.145639,-0.463392,0],[117.145548,-0.463311,0],[117.145434,-0.463259,0],[117.145268,-0.463216,0],[117.145139,-0.463125,0],[117.145054,-0.463006,0],[117.145025,-0.462878,0],[117.144982,-0.462697,0],[117.144706,-0.462535,0],[117.144506,-0.462464,0],[117.144388,-0.462302,0],[117.144388,-0.461867,0],[117.144436,-0.460196,0],[117.145318,-0.460158,0],[117.145835,-0.460011,0],[117.146018,-0.459954,0],[117.14621,-0.459836,0],[117.146449,-0.459512,0],[117.146666,-0.459236,0],[117.147273,-0.458542,0],[117.147244,-0.458523,0],[117.146981,-0.45828,0],[117.146723,-0.458084,0],[117.146451,-0.457829,0],[117.146495,-0.457734,0],[117.14646,-0.457693,0],[117.146263,-0.457494,0],[117.146051,-0.457325,0],[117.145612,-0.456947,0],[117.145648,-0.456908,0],[117.145826,-0.456743,0],[117.145359,-0.456193,0],[117.144917,-0.455626,0],[117.144714,-0.455345,0],[117.144389,-0.455585,0],[117.144384,-0.455587,0],[117.144302,-0.455652,0],[117.144281,-0.455669,0],[117.143966,-0.455267,0],[117.143654,-0.454946,0],[117.143493,-0.454863,0],[117.143467,-0.454863,0],[117.143271,-0.454922,0],[117.143059,-0.454916,0],[117.14283,-0.454755,0],[117.142688,-0.454639,0],[117.14264,-0.454458,0],[117.142591,-0.454355,0],[117.142546,-0.454333,0],[117.141738,-0.454333,0],[117.140755,-0.454083,0],[117.14072,-0.454091,0],[117.140173,-0.454066,0],[117.13996,-0.454044,0],[117.139874,-0.454286,0],[117.140099,-0.454975,0],[117.140251,-0.455455,0],[117.14028,-0.455732,0],[117.140251,-0.456117,0],[117.139756,-0.457454,0],[117.139656,-0.457764,0],[117.139656,-0.458116,0],[117.139737,-0.459332,0],[117.139757,-0.459452,0],[117.139805,-0.459733,0],[117.139873,-0.460257,0],[117.139906,-0.460801,0],[117.139867,-0.461369,0],[117.139805,-0.461932,0],[117.139769,-0.46258,0],[117.139758,-0.463171,0],[117.139719,-0.463492,0],[117.13964,-0.463896,0],[117.139419,-0.464602,0],[117.139149,-0.46558,0],[117.139039,-0.466003,0],[117.13893,-0.466389,0],[117.138777,-0.466918,0],[117.138705,-0.467227,0],[117.138724,-0.467689,0],[117.138743,-0.468346,0],[117.138842,-0.469119,0],[117.13892,-0.469786,0],[117.138979,-0.470131,0],[117.139056,-0.47044,0],[117.139056,-0.470581,0],[117.138989,-0.470949,0],[117.13885,-0.471313,0],[117.138682,-0.471705,0],[117.138536,-0.472155,0],[117.138566,-0.47243,0],[117.139256,-0.472342,0],[117.139618,-0.472405,0],[117.139974,-0.472517,0],[117.140303,-0.472643,0],[117.140596,-0.472719,0],[117.141047,-0.47285,0],[117.141362,-0.472928,0],[117.141568,-0.472977,0],[117.142175,-0.473211,0],[117.14278,-0.473459,0],[117.143131,-0.473614,0],[117.143521,-0.473842,0],[117.14404,-0.474161,0],[117.144326,-0.474327,0],[117.144616,-0.474494,0],[117.145701,-0.475136,0],[117.146205,-0.475412,0],[117.146548,-0.475612,0],[117.146972,-0.475841,0],[117.147662,-0.476221,0],[117.147966,-0.476364,0],[117.148632,-0.476402,0],[117.14918,-0.476393,0],[117.149613,-0.476383,0],[117.150065,-0.476412,0],[117.150369,-0.476478,0],[117.150758,-0.476688,0],[117.151931,-0.474862,0],[117.151973,-0.474835,0],[117.152313,-0.474614,0],[117.15252,-0.47448,0],[117.152611,-0.474434,0],[117.153227,-0.474124,0],[117.154039,-0.473175,0],[117.154629,-0.472528,0],[117.154815,-0.47234,0],[117.155781,-0.471658,0],[117.15658,-0.471394,0],[117.156628,-0.471349,0],[117.157021,-0.470975,0],[117.157485,-0.470483,0]]]]}},{"type":"Feature","properties":{"OBJECTID":45683,"KDPPUM":"64","NAMOBJ":"Kelurahan Gunung Lingai","REMARK":null,"KDPBPS":null,"FCODE":"BA03070040","LUASWH":null,"UUPP":"Hasil Delineasi Batas Desa 2018","SRS_ID":"SRGI 2013","METADATA":"TASWIL1000020200326DATA_BATAS_DESA_KELURAHAN","KDEBPS":null,"KDEPUM":"64.72.08.1003","KDCBPS":null,"KDCPUM":"64.72.08","KDBBPS":null,"WADMKD":"Kelurahan Gunung Lingai","WIADKD":null,"WADMKC":"Sungai Pinang","WIADKC":null,"WADMKK":"Kota Samarinda","WIADKK":null,"WADMPR":"Kalimantan Timur","WIADPR":null,"TIPADM":2,"KDPKAB":"64.72","SHAPE_Leng":0.094571498478107,"SHAPE_Area":0.000454098037374,"visibility":false},"geometry":{"type":"MultiPolygon","coordinates":[[[[117.189984,-0.456408,0],[117.189427,-0.455924,0],[117.188775,-0.455459,0],[117.188632,-0.455073,0],[117.188961,-0.454103,0],[117.189275,-0.452532,0],[117.189132,-0.45149,0],[117.187162,-0.445765,0],[117.184006,-0.438716,0],[117.18364,-0.437979,0],[117.1828,-0.436918,0],[117.181625,-0.435516,0],[117.178761,-0.434222,0],[117.177912,-0.433073,0],[117.175903,-0.434424,0],[117.173059,-0.429192,0],[117.170957,-0.429538,0],[117.170921,-0.429599,0],[117.1709,-0.429614,0],[117.170871,-0.429634,0],[117.17085,-0.429649,0],[117.170639,-0.429732,0],[117.170219,-0.429924,0],[117.170118,-0.42997,0],[117.169558,-0.430299,0],[117.169097,-0.430588,0],[117.16898,-0.430698,0],[117.168876,-0.430802,0],[117.168819,-0.430895,0],[117.168801,-0.431002,0],[117.168826,-0.431462,0],[117.168769,-0.431876,0],[117.168548,-0.432426,0],[117.168273,-0.433275,0],[117.168105,-0.4337,0],[117.168077,-0.433918,0],[117.168094,-0.434036,0],[117.168219,-0.434253,0],[117.168812,-0.434735,0],[117.169436,-0.435213,0],[117.169586,-0.435371,0],[117.169672,-0.435545,0],[117.169743,-0.43586,0],[117.169768,-0.436149,0],[117.169793,-0.436427,0],[117.169772,-0.436555,0],[117.169722,-0.436638,0],[117.169551,-0.436866,0],[117.169336,-0.437173,0],[117.169208,-0.437348,0],[117.169165,-0.437459,0],[117.169158,-0.437591,0],[117.169319,-0.437837,0],[117.170539,-0.438668,0],[117.17091,-0.439012,0],[117.171047,-0.439612,0],[117.171009,-0.440859,0],[117.170855,-0.44148,0],[117.170797,-0.441726,0],[117.170816,-0.441964,0],[117.170892,-0.442654,0],[117.17083,-0.443539,0],[117.17045,-0.445885,0],[117.170045,-0.447658,0],[117.169694,-0.449157,0],[117.1697,-0.450002,0],[117.169831,-0.450769,0],[117.170194,-0.451352,0],[117.170818,-0.45162,0],[117.171312,-0.451917,0],[117.171455,-0.452072,0],[117.171509,-0.45222,0],[117.171514,-0.452387,0],[117.171498,-0.452655,0],[117.171526,-0.452883,0],[117.171641,-0.45304,0],[117.171976,-0.45329,0],[117.173425,-0.454818,0],[117.173511,-0.455039,0],[117.173661,-0.456809,0],[117.173718,-0.45813,0],[117.173544,-0.459319,0],[117.173629,-0.459819,0],[117.173424,-0.460147,0],[117.173666,-0.460413,0],[117.174035,-0.460819,0],[117.174131,-0.460925,0],[117.174192,-0.461062,0],[117.174314,-0.461251,0],[117.174455,-0.461652,0],[117.174463,-0.461674,0],[117.174466,-0.461676,0],[117.174962,-0.461896,0],[117.17522,-0.461977,0],[117.17535,-0.461987,0],[117.175579,-0.462005,0],[117.17564,-0.462009,0],[117.176121,-0.462289,0],[117.176141,-0.4623,0],[117.17661,-0.462187,0],[117.176724,-0.462146,0],[117.17675,-0.46214,0],[117.177279,-0.461962,0],[117.177973,-0.461815,0],[117.178655,-0.461626,0],[117.17878,-0.461601,0],[117.179048,-0.461604,0],[117.179294,-0.461633,0],[117.180018,-0.461833,0],[117.180318,-0.461886,0],[117.180632,-0.461872,0],[117.181175,-0.461804,0],[117.182514,-0.46192,0],[117.18388,-0.462079,0],[117.184376,-0.462111,0],[117.18464,-0.462047,0],[117.185533,-0.461715,0],[117.185979,-0.461479,0],[117.186368,-0.461137,0],[117.18695,-0.460505,0],[117.187651,-0.45982,0],[117.188431,-0.459111,0],[117.18904,-0.458587,0],[117.189443,-0.458136,0],[117.189647,-0.457829,0],[117.189765,-0.45728,0],[117.189984,-0.456408,0]]]]}},{"type":"Feature","properties":{"OBJECTID":45693,"KDPPUM":"64","NAMOBJ":"Kelurahan Handil Bakti","REMARK":null,"KDPBPS":null,"FCODE":"BA03070040","LUASWH":null,"UUPP":"Hasil Delineasi Batas Desa 2018","SRS_ID":"SRGI 2013","METADATA":"TASWIL1000020200326DATA_BATAS_DESA_KELURAHAN","KDEBPS":null,"KDEPUM":"64.72.01.1002","KDCBPS":null,"KDCPUM":"64.72.01","KDBBPS":null,"WADMKD":"Kelurahan Handil Bakti","WIADKD":null,"WADMKC":"Palaran","WIADKC":null,"WADMKK":"Kota Samarinda","WIADKK":null,"WADMPR":"Kalimantan Timur","WIADPR":null,"TIPADM":2,"KDPKAB":"64.72","SHAPE_Leng":0.453234641964728,"SHAPE_Area":0.004709542475565,"visibility":false},"geometry":{"type":"MultiPolygon","coordinates":[[[[117.179072,-0.553575,0],[117.178955,-0.553469,0],[117.178886,-0.553398,0],[117.178619,-0.553155,0],[117.178551,-0.553092,0],[117.178474,-0.55302,0],[117.178322,-0.552903,0],[117.178215,-0.552805,0],[117.178017,-0.552625,0],[117.17794,-0.552517,0],[117.177795,-0.552373,0],[117.177681,-0.552248,0],[117.177597,-0.552176,0],[117.17749,-0.552032,0],[117.177406,-0.55196,0],[117.177307,-0.551834,0],[117.177147,-0.551645,0],[117.177071,-0.551538,0],[117.17701,-0.551439,0],[117.176903,-0.551313,0],[117.176834,-0.551178,0],[117.176743,-0.551007,0],[117.176643,-0.550935,0],[117.176567,-0.550827,0],[117.17646,-0.550675,0],[117.176384,-0.550549,0],[117.176308,-0.550477,0],[117.176155,-0.550243,0],[117.176064,-0.550153,0],[117.175941,-0.549992,0],[117.175873,-0.549902,0],[117.175812,-0.549821,0],[117.17572,-0.549686,0],[117.175606,-0.549506,0],[117.175491,-0.549353,0],[117.175423,-0.549264,0],[117.175369,-0.549165,0],[117.175301,-0.549093,0],[117.175201,-0.548958,0],[117.175095,-0.548832,0],[117.175018,-0.548742,0],[117.174889,-0.54858,0],[117.17482,-0.548491,0],[117.174698,-0.548329,0],[117.174614,-0.548239,0],[117.174522,-0.548104,0],[117.174454,-0.547996,0],[117.17437,-0.547906,0],[117.174286,-0.547808,0],[117.174156,-0.547655,0],[117.174103,-0.547574,0],[117.174026,-0.547511,0],[117.17392,-0.547376,0],[117.173828,-0.547259,0],[117.173668,-0.547089,0],[117.173561,-0.546972,0],[117.173454,-0.546873,0],[117.173149,-0.546567,0],[117.173035,-0.54646,0],[117.172958,-0.546379,0],[117.172852,-0.546271,0],[117.172783,-0.54619,0],[117.172653,-0.546055,0],[117.17247,-0.545848,0],[117.172371,-0.545732,0],[117.172256,-0.545615,0],[117.172142,-0.54548,0],[117.171997,-0.545336,0],[117.17186,-0.545183,0],[117.171585,-0.544869,0],[117.171471,-0.544707,0],[117.171425,-0.544626,0],[117.171303,-0.544518,0],[117.171249,-0.544438,0],[117.171173,-0.544312,0],[117.171059,-0.544132,0],[117.170952,-0.543997,0],[117.170891,-0.543907,0],[117.170822,-0.543817,0],[117.170746,-0.543718,0],[117.170692,-0.543611,0],[117.170639,-0.543539,0],[117.17057,-0.543422,0],[117.170525,-0.543332,0],[117.170433,-0.543197,0],[117.170334,-0.543035,0],[117.170265,-0.542927,0],[117.170212,-0.542819,0],[117.170158,-0.542739,0],[117.170105,-0.542622,0],[117.170036,-0.542559,0],[117.169975,-0.542451,0],[117.169884,-0.542343,0],[117.169792,-0.54219,0],[117.169693,-0.542064,0],[117.169624,-0.541966,0],[117.169556,-0.541885,0],[117.169487,-0.541813,0],[117.169403,-0.541732,0],[117.169334,-0.541669,0],[117.169228,-0.541588,0],[117.169113,-0.541471,0],[117.169022,-0.541408,0],[117.168907,-0.541301,0],[117.168831,-0.54122,0],[117.168724,-0.541148,0],[117.16864,-0.541049,0],[117.168503,-0.540905,0],[117.168373,-0.540788,0],[117.168282,-0.54069,0],[117.168205,-0.5406,0],[117.168165,-0.540564,0],[117.168114,-0.540519,0],[117.168022,-0.540411,0],[117.167892,-0.540267,0],[117.167786,-0.540141,0],[117.167702,-0.540052,0],[117.167595,-0.539926,0],[117.167503,-0.5398,0],[117.167442,-0.539719,0],[117.167358,-0.539638,0],[117.167206,-0.539431,0],[117.167091,-0.539297,0],[117.167007,-0.539207,0],[117.166878,-0.539018,0],[117.166801,-0.53891,0],[117.166679,-0.538748,0],[117.166519,-0.538524,0],[117.166451,-0.538452,0],[117.161455,-0.542266,0],[117.1609,-0.542185,0],[117.160813,-0.542221,0],[117.160754,-0.542294,0],[117.160735,-0.542378,0],[117.160789,-0.542533,0],[117.160834,-0.542629,0],[117.160828,-0.54273,0],[117.160885,-0.542855,0],[117.160959,-0.542974,0],[117.160967,-0.543033,0],[117.160882,-0.543089,0],[117.160813,-0.54319,0],[117.160718,-0.543239,0],[117.160611,-0.543266,0],[117.160497,-0.543326,0],[117.160442,-0.543356,0],[117.160366,-0.543388,0],[117.16029,-0.543332,0],[117.160269,-0.543218,0],[117.160146,-0.543296,0],[117.160013,-0.543358,0],[117.159915,-0.543421,0],[117.159831,-0.54343,0],[117.159613,-0.543571,0],[117.159548,-0.543585,0],[117.159208,-0.543759,0],[117.159038,-0.543831,0],[117.158935,-0.54389,0],[117.158663,-0.544013,0],[117.15846,-0.544129,0],[117.158372,-0.544177,0],[117.158268,-0.544237,0],[117.158194,-0.544259,0],[117.158045,-0.544343,0],[117.157923,-0.544392,0],[117.157865,-0.544371,0],[117.157815,-0.544405,0],[117.157726,-0.544495,0],[117.157571,-0.544577,0],[117.157422,-0.544638,0],[117.156879,-0.544939,0],[117.156774,-0.544978,0],[117.156626,-0.545062,0],[117.156462,-0.545141,0],[117.156205,-0.545258,0],[117.156113,-0.545312,0],[117.156067,-0.545322,0],[117.155983,-0.545374,0],[117.155873,-0.54544,0],[117.155822,-0.545446,0],[117.155778,-0.54548,0],[117.155748,-0.545482,0],[117.155721,-0.54552,0],[117.155678,-0.545625,0],[117.155671,-0.54571,0],[117.155649,-0.545809,0],[117.155635,-0.545917,0],[117.155584,-0.546017,0],[117.155527,-0.546034,0],[117.155513,-0.546083,0],[117.155527,-0.546152,0],[117.155522,-0.546204,0],[117.155539,-0.546263,0],[117.15557,-0.546303,0],[117.155578,-0.546345,0],[117.155584,-0.546397,0],[117.155578,-0.54643,0],[117.155558,-0.54646,0],[117.155581,-0.546484,0],[117.155573,-0.546508,0],[117.155552,-0.546595,0],[117.155478,-0.54672,0],[117.155436,-0.546799,0],[117.15537,-0.547033,0],[117.155354,-0.547108,0],[117.155322,-0.547149,0],[117.155238,-0.547223,0],[117.155189,-0.547296,0],[117.155172,-0.547349,0],[117.155181,-0.547457,0],[117.155143,-0.547533,0],[117.155101,-0.547608,0],[117.154999,-0.547862,0],[117.154974,-0.547891,0],[117.154907,-0.547928,0],[117.154853,-0.548001,0],[117.15483,-0.54808,0],[117.154794,-0.548138,0],[117.154754,-0.548161,0],[117.154724,-0.548218,0],[117.154683,-0.548404,0],[117.154597,-0.548593,0],[117.154503,-0.548671,0],[117.154333,-0.54875,0],[117.154201,-0.54883,0],[117.154159,-0.548862,0],[117.15408,-0.548987,0],[117.153893,-0.549077,0],[117.153803,-0.549148,0],[117.153636,-0.549373,0],[117.153558,-0.549441,0],[117.153432,-0.549552,0],[117.153344,-0.549612,0],[117.153311,-0.549695,0],[117.153252,-0.549822,0],[117.153193,-0.549976,0],[117.153129,-0.550195,0],[117.153059,-0.55043,0],[117.152996,-0.550621,0],[117.152962,-0.550679,0],[117.15295,-0.550753,0],[117.152923,-0.550817,0],[117.152924,-0.550879,0],[117.152917,-0.550923,0],[117.152895,-0.550947,0],[117.152864,-0.550974,0],[117.152849,-0.550982,0],[117.152846,-0.551005,0],[117.152862,-0.551028,0],[117.152885,-0.551072,0],[117.152944,-0.551152,0],[117.152969,-0.551205,0],[117.152967,-0.551253,0],[117.152965,-0.55132,0],[117.152976,-0.551369,0],[117.152971,-0.551403,0],[117.152969,-0.551461,0],[117.152975,-0.551525,0],[117.152993,-0.551575,0],[117.153037,-0.551636,0],[117.153074,-0.551709,0],[117.153092,-0.551756,0],[117.153143,-0.551812,0],[117.153168,-0.551878,0],[117.15324,-0.551985,0],[117.15325,-0.552026,0],[117.153246,-0.552089,0],[117.153254,-0.552132,0],[117.153272,-0.552161,0],[117.153318,-0.552214,0],[117.153375,-0.552318,0],[117.153439,-0.552437,0],[117.153476,-0.552487,0],[117.153602,-0.552611,0],[117.153723,-0.5527,0],[117.153808,-0.552778,0],[117.153881,-0.552861,0],[117.153975,-0.552986,0],[117.154026,-0.55304,0],[117.154125,-0.553151,0],[117.154249,-0.553294,0],[117.1543,-0.553374,0],[117.156102,-0.556928,0],[117.155923,-0.559877,0],[117.154214,-0.568205,0],[117.15402,-0.568295,0],[117.153785,-0.568443,0],[117.153621,-0.568593,0],[117.153509,-0.568702,0],[117.153322,-0.568881,0],[117.15307,-0.569084,0],[117.152867,-0.569242,0],[117.152599,-0.569451,0],[117.152483,-0.569465,0],[117.152356,-0.569492,0],[117.15228,-0.569555,0],[117.1522,-0.569608,0],[117.152164,-0.569615,0],[117.152052,-0.569662,0],[117.151841,-0.569727,0],[117.1515,-0.569835,0],[117.151303,-0.569915,0],[117.151162,-0.569921,0],[117.151026,-0.569896,0],[117.150918,-0.569893,0],[117.150776,-0.569925,0],[117.150586,-0.569977,0],[117.150385,-0.569949,0],[117.15019,-0.569906,0],[117.149992,-0.569877,0],[117.1499,-0.569893,0],[117.149811,-0.569939,0],[117.149731,-0.570025,0],[117.149668,-0.570106,0],[117.1497,-0.571253,0],[117.149614,-0.57209,0],[117.14808,-0.57527,0],[117.147476,-0.576325,0],[117.146814,-0.576482,0],[117.146433,-0.577196,0],[117.145932,-0.577447,0],[117.145299,-0.578221,0],[117.143931,-0.579338,0],[117.145093,-0.581421,0],[117.145641,-0.582232,0],[117.146475,-0.583108,0],[117.14689,-0.58344,0],[117.14675,-0.584823,0],[117.147289,-0.585098,0],[117.147911,-0.585841,0],[117.147796,-0.58598,0],[117.149344,-0.587394,0],[117.149276,-0.587533,0],[117.149164,-0.587686,0],[117.149091,-0.5882,0],[117.148919,-0.588555,0],[117.148887,-0.588635,0],[117.148794,-0.588786,0],[117.14876,-0.588897,0],[117.148612,-0.589918,0],[117.148608,-0.590043,0],[117.148546,-0.590211,0],[117.148429,-0.590387,0],[117.148261,-0.59052,0],[117.148157,-0.590635,0],[117.148036,-0.5908,0],[117.147811,-0.591002,0],[117.147548,-0.59117,0],[117.147394,-0.591245,0],[117.147264,-0.591278,0],[117.147078,-0.591357,0],[117.146855,-0.591445,0],[117.146746,-0.591482,0],[117.146591,-0.591596,0],[117.14648,-0.591692,0],[117.146337,-0.591825,0],[117.146192,-0.59197,0],[117.146066,-0.59215,0],[117.145901,-0.592462,0],[117.145646,-0.592839,0],[117.145597,-0.593356,0],[117.145591,-0.59396,0],[117.145581,-0.594061,0],[117.145608,-0.594142,0],[117.145582,-0.594229,0],[117.145576,-0.594284,0],[117.145594,-0.595223,0],[117.145611,-0.595555,0],[117.145608,-0.595872,0],[117.145593,-0.596096,0],[117.145599,-0.596227,0],[117.145591,-0.596414,0],[117.145578,-0.596521,0],[117.14557,-0.596645,0],[117.145602,-0.596743,0],[117.145664,-0.596881,0],[117.145708,-0.597088,0],[117.145746,-0.59721,0],[117.145892,-0.597573,0],[117.145998,-0.597803,0],[117.146041,-0.59794,0],[117.146055,-0.598034,0],[117.14607,-0.59819,0],[117.146062,-0.598329,0],[117.146048,-0.598451,0],[117.146045,-0.598491,0],[117.1461,-0.598879,0],[117.146134,-0.599023,0],[117.146142,-0.59912,0],[117.146151,-0.59927,0],[117.146151,-0.599425,0],[117.146168,-0.599542,0],[117.146194,-0.599735,0],[117.146234,-0.599924,0],[117.146251,-0.6,0],[117.146293,-0.60019,0],[117.146319,-0.600235,0],[117.14635,-0.600402,0],[117.146336,-0.600459,0],[117.14635,-0.600544,0],[117.146355,-0.600617,0],[117.146378,-0.600708,0],[117.14643,-0.600977,0],[117.146505,-0.601211,0],[117.146545,-0.601352,0],[117.146667,-0.602277,0],[117.146671,-0.602401,0],[117.146694,-0.602525,0],[117.146719,-0.602658,0],[117.146719,-0.602822,0],[117.146728,-0.602896,0],[117.146713,-0.602986,0],[117.146772,-0.603206,0],[117.146781,-0.603291,0],[117.146767,-0.603379,0],[117.146786,-0.603435,0],[117.146805,-0.603588,0],[117.146796,-0.603702,0],[117.146804,-0.603795,0],[117.146826,-0.60394,0],[117.146837,-0.604017,0],[117.14688,-0.604136,0],[117.146904,-0.604217,0],[117.146935,-0.604279,0],[117.147004,-0.604353,0],[117.147081,-0.60443,0],[117.147119,-0.604529,0],[117.14712,-0.604665,0],[117.147129,-0.604724,0],[117.147143,-0.604767,0],[117.147215,-0.604888,0],[117.147274,-0.604973,0],[117.147356,-0.6051,0],[117.147447,-0.60519,0],[117.14752,-0.605255,0],[117.147569,-0.60534,0],[117.147665,-0.605476,0],[117.147805,-0.605654,0],[117.147859,-0.605747,0],[117.147884,-0.605835,0],[117.147893,-0.60594,0],[117.147896,-0.606056,0],[117.147883,-0.606152,0],[117.147849,-0.606235,0],[117.147804,-0.606393,0],[117.147798,-0.606515,0],[117.147779,-0.606611,0],[117.147765,-0.60675,0],[117.147754,-0.60684,0],[117.14772,-0.606894,0],[117.147695,-0.607007,0],[117.147683,-0.607089,0],[117.147683,-0.607132,0],[117.147668,-0.607295,0],[117.147639,-0.6074,0],[117.147622,-0.60749,0],[117.147602,-0.607637,0],[117.147602,-0.60777,0],[117.147639,-0.607864,0],[117.147664,-0.607909,0],[117.147655,-0.607974,0],[117.147656,-0.608045,0],[117.147653,-0.608088,0],[117.14763,-0.608141,0],[117.147599,-0.608218,0],[117.147593,-0.608297,0],[117.14761,-0.608379,0],[117.147588,-0.60847,0],[117.147582,-0.608552,0],[117.147588,-0.608646,0],[117.14754,-0.608783,0],[117.14737,-0.609114,0],[117.147248,-0.609409,0],[117.147218,-0.609521,0],[117.147193,-0.60964,0],[117.147207,-0.609751,0],[117.147201,-0.609875,0],[117.147156,-0.61013,0],[117.147128,-0.610342,0],[117.147105,-0.610446,0],[117.147108,-0.610514,0],[117.147071,-0.610621,0],[117.14704,-0.610728,0],[117.146984,-0.610917,0],[117.146939,-0.611044,0],[117.146916,-0.61114,0],[117.146899,-0.611239,0],[117.146857,-0.611394,0],[117.146824,-0.611501,0],[117.146787,-0.611633,0],[117.146773,-0.611731,0],[117.146729,-0.611898,0],[117.14669,-0.61201,0],[117.146639,-0.612202,0],[117.14663,-0.612362,0],[117.146608,-0.612663,0],[117.146568,-0.612807,0],[117.146543,-0.612906,0],[117.146532,-0.612959,0],[117.146565,-0.612999,0],[117.146642,-0.613032,0],[117.146704,-0.613077,0],[117.146721,-0.613162,0],[117.146763,-0.613198,0],[117.146788,-0.613399,0],[117.146762,-0.613647,0],[117.146694,-0.613802,0],[117.146676,-0.613856,0],[117.146631,-0.613991,0],[117.146596,-0.614117,0],[117.146539,-0.61452,0],[117.146448,-0.615178,0],[117.146387,-0.61555,0],[117.14635,-0.61581,0],[117.146312,-0.615944,0],[117.146257,-0.61612,0],[117.146249,-0.616372,0],[117.146245,-0.616548,0],[117.146183,-0.616703,0],[117.146082,-0.616934,0],[117.145999,-0.617165,0],[117.145957,-0.617324,0],[117.145966,-0.617529,0],[117.145933,-0.617796,0],[117.145944,-0.617972,0],[117.145964,-0.618084,0],[117.14596,-0.618302,0],[117.145968,-0.618448,0],[117.145938,-0.618716,0],[117.145925,-0.61893,0],[117.145954,-0.619102,0],[117.145972,-0.619276,0],[117.14596,-0.619432,0],[117.145939,-0.619571,0],[117.145889,-0.619785,0],[117.145755,-0.620053,0],[117.145584,-0.620371,0],[117.145338,-0.620743,0],[117.143994,-0.625009,0],[117.143828,-0.62536,0],[117.143576,-0.625632,0],[117.142911,-0.626374,0],[117.142214,-0.627163,0],[117.141316,-0.628311,0],[117.140732,-0.629553,0],[117.140418,-0.630403,0],[117.140174,-0.631888,0],[117.140017,-0.634209,0],[117.139982,-0.636181,0],[117.140017,-0.637116,0],[117.140113,-0.637975,0],[117.140069,-0.638626,0],[117.139991,-0.639091,0],[117.13972,-0.639906,0],[117.138995,-0.641587,0],[117.13855,-0.642657,0],[117.138428,-0.643042,0],[117.138333,-0.643463,0],[117.138157,-0.644256,0],[117.137834,-0.644887,0],[117.13746,-0.645352,0],[117.136823,-0.645948,0],[117.136194,-0.646821,0],[117.135567,-0.647671,0],[117.135148,-0.648557,0],[117.134694,-0.649816,0],[117.134328,-0.650403,0],[117.1337,-0.65128,0],[117.13293,-0.652013,0],[117.132328,-0.652372,0],[117.132049,-0.6526,0],[117.13164,-0.652863,0],[117.131326,-0.653231,0],[117.131003,-0.653722,0],[117.130644,-0.654191,0],[117.130487,-0.654358,0],[117.13013,-0.654682,0],[117.129755,-0.654927,0],[117.129537,-0.65519,0],[117.129189,-0.655751,0],[117.12898,-0.655997,0],[117.128647,-0.656466,0],[117.128481,-0.656843,0],[117.128281,-0.657615,0],[117.128142,-0.658193,0],[117.12781,-0.658801,0],[117.127462,-0.65938,0],[117.127348,-0.659722,0],[117.127278,-0.660173,0],[117.127365,-0.660585,0],[117.127487,-0.661032,0],[117.127548,-0.661505,0],[117.127565,-0.661982,0],[117.127487,-0.662351,0],[117.127286,-0.662833,0],[117.126981,-0.663245,0],[117.12672,-0.663578,0],[117.125967,-0.664012,0],[117.125934,-0.66403,0],[117.125912,-0.664077,0],[117.125912,-0.664217,0],[117.125928,-0.664294,0],[117.125942,-0.664366,0],[117.126041,-0.664546,0],[117.12619,-0.664676,0],[117.126349,-0.664775,0],[117.126498,-0.664835,0],[117.126805,-0.664855,0],[117.127172,-0.664855,0],[117.12749,-0.664855,0],[117.127847,-0.664865,0],[117.128232,-0.664892,0],[117.128987,-0.664945,0],[117.129384,-0.665045,0],[117.129731,-0.665164,0],[117.129949,-0.665304,0],[117.130437,-0.665847,0],[117.130546,-0.666046,0],[117.130606,-0.666236,0],[117.130606,-0.666405,0],[117.130596,-0.666575,0],[117.130558,-0.666638,0],[117.130447,-0.666824,0],[117.130386,-0.666909,0],[117.130219,-0.667139,0],[117.13005,-0.667373,0],[117.129832,-0.667732,0],[117.129832,-0.667941,0],[117.129862,-0.668171,0],[117.129961,-0.66835,0],[117.13009,-0.66855,0],[117.130335,-0.668738,0],[117.130573,-0.668921,0],[117.130747,-0.669055,0],[117.131016,-0.669216,0],[117.131114,-0.669274,0],[117.131451,-0.669543,0],[117.131659,-0.669763,0],[117.131808,-0.669896,0],[117.131848,-0.669932,0],[117.132145,-0.670142,0],[117.132536,-0.670385,0],[117.133028,-0.670691,0],[117.133256,-0.67096,0],[117.133266,-0.670971,0],[117.133836,-0.671654,0],[117.13388,-0.671707,0],[117.134123,-0.671993,0],[117.134361,-0.672163,0],[117.134472,-0.672229,0],[117.134629,-0.672323,0],[117.134976,-0.672482,0],[117.135363,-0.672662,0],[117.135611,-0.672801,0],[117.13579,-0.672941,0],[117.136038,-0.67322,0],[117.136672,-0.673918,0],[117.136839,-0.674046,0],[117.136881,-0.674078,0],[117.13702,-0.674118,0],[117.137178,-0.674118,0],[117.137327,-0.674118,0],[117.137535,-0.674098,0],[117.137704,-0.674048,0],[117.137952,-0.673938,0],[117.13825,-0.673779,0],[117.138517,-0.673609,0],[117.138745,-0.67345,0],[117.138944,-0.67327,0],[117.139108,-0.673068,0],[117.139376,-0.672838,0],[117.139633,-0.672709,0],[117.139862,-0.672639,0],[117.140229,-0.672569,0],[117.140272,-0.672564,0],[117.140556,-0.672529,0],[117.140893,-0.672519,0],[117.141211,-0.672519,0],[117.141528,-0.672519,0],[117.141672,-0.672519,0],[117.141964,-0.672519,0],[117.142209,-0.672526,0],[117.142311,-0.672529,0],[117.142629,-0.672579,0],[117.142948,-0.672602,0],[117.143311,-0.672628,0],[117.14396,-0.672675,0],[117.144043,-0.672681,0],[117.144396,-0.672681,0],[117.144429,-0.672681,0],[117.144757,-0.672681,0],[117.144975,-0.672761,0],[117.145114,-0.672851,0],[117.145233,-0.672951,0],[117.145245,-0.672974,0],[117.145302,-0.67309,0],[117.145303,-0.673099,0],[117.145322,-0.6733,0],[117.145322,-0.673472,0],[117.145322,-0.674188,0],[117.145322,-0.674261,0],[117.145322,-0.675386,0],[117.145322,-0.675389,0],[117.145368,-0.676615,0],[117.145391,-0.677239,0],[117.145393,-0.67729,0],[117.145452,-0.67723,0],[117.145572,-0.677106,0],[117.145733,-0.676918,0],[117.145895,-0.676728,0],[117.146024,-0.676546,0],[117.146115,-0.6764,0],[117.146196,-0.676246,0],[117.14627,-0.67614,0],[117.146361,-0.676106,0],[117.146421,-0.676053,0],[117.146443,-0.676002,0],[117.146493,-0.675938,0],[117.146574,-0.675873,0],[117.146643,-0.675793,0],[117.146695,-0.675711,0],[117.146746,-0.675627,0],[117.146789,-0.675508,0],[117.146814,-0.675377,0],[117.146842,-0.675273,0],[117.146848,-0.67521,0],[117.146847,-0.675099,0],[117.14681,-0.674937,0],[117.146763,-0.674784,0],[117.146712,-0.674616,0],[117.146683,-0.674488,0],[117.146702,-0.674393,0],[117.146721,-0.674281,0],[117.146769,-0.674179,0],[117.14682,-0.674091,0],[117.14689,-0.674021,0],[117.147003,-0.673939,0],[117.147163,-0.673863,0],[117.147355,-0.673743,0],[117.147481,-0.673703,0],[117.147578,-0.673689,0],[117.147681,-0.673674,0],[117.147937,-0.673698,0],[117.148214,-0.673751,0],[117.148439,-0.673789,0],[117.148499,-0.673807,0],[117.148598,-0.673793,0],[117.148678,-0.673767,0],[117.148806,-0.67371,0],[117.14897,-0.673598,0],[117.14913,-0.673491,0],[117.149296,-0.673379,0],[117.149379,-0.673279,0],[117.149473,-0.673161,0],[117.149553,-0.673016,0],[117.14962,-0.672872,0],[117.150093,-0.67178,0],[117.150299,-0.671521,0],[117.150632,-0.671103,0],[117.150759,-0.670924,0],[117.150829,-0.670817,0],[117.1509,-0.670707,0],[117.150949,-0.670589,0],[117.150962,-0.670416,0],[117.150979,-0.67005,0],[117.150968,-0.669669,0],[117.150962,-0.669524,0],[117.150976,-0.669328,0],[117.151021,-0.668907,0],[117.151043,-0.668629,0],[117.15107,-0.668436,0],[117.151108,-0.66831,0],[117.151127,-0.668206,0],[117.151191,-0.66803,0],[117.151226,-0.667884,0],[117.151268,-0.667776,0],[117.151284,-0.667622,0],[117.151301,-0.667508,0],[117.151335,-0.667385,0],[117.151384,-0.667276,0],[117.151465,-0.667169,0],[117.151552,-0.667053,0],[117.151638,-0.66694,0],[117.151672,-0.666777,0],[117.151669,-0.666545,0],[117.151662,-0.666353,0],[117.151608,-0.666054,0],[117.151562,-0.665719,0],[117.151579,-0.665408,0],[117.15154,-0.664912,0],[117.151546,-0.664493,0],[117.151542,-0.664007,0],[117.151583,-0.663701,0],[117.151588,-0.663464,0],[117.151666,-0.663128,0],[117.151703,-0.662823,0],[117.151805,-0.662467,0],[117.151954,-0.662168,0],[117.152216,-0.661505,0],[117.152385,-0.661136,0],[117.152449,-0.660933,0],[117.152444,-0.660759,0],[117.152324,-0.660559,0],[117.152207,-0.66031,0],[117.152061,-0.660204,0],[117.151898,-0.660048,0],[117.151759,-0.659915,0],[117.151679,-0.659749,0],[117.151699,-0.659582,0],[117.15166,-0.659336,0],[117.151567,-0.659129,0],[117.151454,-0.658982,0],[117.151346,-0.658895,0],[117.151239,-0.658721,0],[117.151192,-0.658375,0],[117.151039,-0.65811,0],[117.150873,-0.65786,0],[117.15074,-0.657547,0],[117.15067,-0.657067,0],[117.150749,-0.656496,0],[117.150843,-0.656067,0],[117.150958,-0.655852,0],[117.151239,-0.655758,0],[117.151562,-0.655711,0],[117.152014,-0.65563,0],[117.152306,-0.655487,0],[117.152466,-0.655256,0],[117.152578,-0.655011,0],[117.152815,-0.654488,0],[117.152991,-0.654136,0],[117.153282,-0.653797,0],[117.153689,-0.653533,0],[117.154105,-0.653366,0],[117.154416,-0.653241,0],[117.15486,-0.653147,0],[117.15542,-0.653088,0],[117.155947,-0.653082,0],[117.156407,-0.653071,0],[117.15685,-0.653001,0],[117.15723,-0.652945,0],[117.157487,-0.652978,0],[117.157796,-0.653114,0],[117.158188,-0.653368,0],[117.158478,-0.653581,0],[117.158686,-0.653681,0],[117.158983,-0.653766,0],[117.159261,-0.653797,0],[117.159474,-0.653765,0],[117.159742,-0.653737,0],[117.160094,-0.653686,0],[117.160589,-0.653615,0],[117.160866,-0.653568,0],[117.16103,-0.653545,0],[117.161152,-0.653562,0],[117.161299,-0.653706,0],[117.161547,-0.653888,0],[117.161809,-0.654039,0],[117.161989,-0.654129,0],[117.162239,-0.654146,0],[117.162622,-0.654028,0],[117.163011,-0.653874,0],[117.163282,-0.653826,0],[117.163562,-0.653845,0],[117.163809,-0.653821,0],[117.163987,-0.653761,0],[117.164099,-0.653631,0],[117.164183,-0.653459,0],[117.164194,-0.653266,0],[117.164203,-0.653012,0],[117.16423,-0.652673,0],[117.164266,-0.65247,0],[117.164299,-0.652251,0],[117.164386,-0.651972,0],[117.164506,-0.651718,0],[117.164612,-0.651549,0],[117.164812,-0.651384,0],[117.165074,-0.651244,0],[117.165404,-0.651121,0],[117.16565,-0.65105,0],[117.165894,-0.650978,0],[117.166041,-0.650936,0],[117.166244,-0.650827,0],[117.166392,-0.650705,0],[117.166493,-0.650577,0],[117.166651,-0.650437,0],[117.166932,-0.65022,0],[117.167112,-0.650042,0],[117.167356,-0.64989,0],[117.167669,-0.649817,0],[117.168068,-0.649721,0],[117.168457,-0.64968,0],[117.168878,-0.649617,0],[117.169267,-0.649606,0],[117.169621,-0.649633,0],[117.16994,-0.649756,0],[117.170378,-0.649855,0],[117.170702,-0.649923,0],[117.171014,-0.649977,0],[117.171505,-0.649983,0],[117.171849,-0.649948,0],[117.172353,-0.649884,0],[117.172745,-0.64988,0],[117.17317,-0.649832,0],[117.173784,-0.649695,0],[117.17443,-0.649573,0],[117.175249,-0.649395,0],[117.175868,-0.649258,0],[117.176339,-0.649076,0],[117.1773,-0.648958,0],[117.178738,-0.648856,0],[117.180095,-0.649264,0],[117.181345,-0.649696,0],[117.18272,-0.650004,0],[117.184743,-0.650018,0],[117.185291,-0.650025,0],[117.185523,-0.650035,0],[117.185712,-0.650097,0],[117.185948,-0.650285,0],[117.186136,-0.650308,0],[117.186249,-0.650416,0],[117.186437,-0.650405,0],[117.186621,-0.650467,0],[117.186756,-0.650484,0],[117.186932,-0.650549,0],[117.187046,-0.650683,0],[117.187234,-0.650783,0],[117.187376,-0.650897,0],[117.187504,-0.651098,0],[117.187614,-0.651261,0],[117.187756,-0.65136,0],[117.187786,-0.651389,0],[117.187895,-0.651307,0],[117.187994,-0.651222,0],[117.188074,-0.651184,0],[117.188149,-0.651157,0],[117.188209,-0.651158,0],[117.188307,-0.65118,0],[117.188461,-0.65123,0],[117.188647,-0.651313,0],[117.188811,-0.651363,0],[117.188935,-0.651368,0],[117.189071,-0.651353,0],[117.189206,-0.651294,0],[117.189339,-0.65123,0],[117.189554,-0.651118,0],[117.189708,-0.651042,0],[117.189863,-0.650987,0],[117.189991,-0.650968,0],[117.190122,-0.650973,0],[117.190234,-0.651023,0],[117.190384,-0.651082,0],[117.190522,-0.651099,0],[117.190672,-0.651096,0],[117.1908,-0.651075,0],[117.190915,-0.651039,0],[117.191183,-0.650927,0],[117.191345,-0.650861,0],[117.19147,-0.650782,0],[117.191578,-0.650656,0],[117.191842,-0.650332,0],[117.191875,-0.650289,0],[117.192207,-0.649955,0],[117.192343,-0.649867,0],[117.192471,-0.649817,0],[117.192693,-0.649791,0],[117.192814,-0.649781,0],[117.193043,-0.649741,0],[117.193204,-0.649677,0],[117.193338,-0.649629,0],[117.19353,-0.649531,0],[117.193677,-0.649458,0],[117.193756,-0.649426,0],[117.194032,-0.649301,0],[117.194252,-0.649214,0],[117.194454,-0.649182,0],[117.194707,-0.649149,0],[117.195028,-0.649137,0],[117.195287,-0.649143,0],[117.19554,-0.649164,0],[117.19578,-0.649229,0],[117.196039,-0.649339,0],[117.196286,-0.649446,0],[117.196485,-0.649539,0],[117.196655,-0.649601,0],[117.19686,-0.649643,0],[117.197137,-0.649669,0],[117.197357,-0.649693,0],[117.197604,-0.649711,0],[117.197818,-0.649714,0],[117.197943,-0.649729,0],[117.198145,-0.64975,0],[117.198365,-0.649768,0],[117.19863,-0.64978,0],[117.198835,-0.64978,0],[117.199025,-0.649794,0],[117.19926,-0.649827,0],[117.199513,-0.649875,0],[117.199784,-0.649922,0],[117.199948,-0.649961,0],[117.200081,-0.649976,0],[117.200263,-0.649988,0],[117.200444,-0.649991,0],[117.200587,-0.65,0],[117.20095,-0.650017,0],[117.201143,-0.650006,0],[117.201479,-0.65,0],[117.201851,-0.649994,0],[117.202068,-0.65,0],[117.202199,-0.650017,0],[117.202401,-0.650038,0],[117.20272,-0.650062,0],[117.202895,-0.650071,0],[117.20302,-0.650071,0],[117.203124,-0.650056,0],[117.203246,-0.650026,0],[117.203487,-0.649925,0],[117.204628,-0.649281,0],[117.204814,-0.649185,0],[117.204917,-0.649119,0],[117.204965,-0.649083,0],[117.205008,-0.649023,0],[117.205243,-0.648628,0],[117.205504,-0.648218,0],[117.205643,-0.647936,0],[117.205846,-0.647718,0],[117.206032,-0.647611,0],[117.206228,-0.647525,0],[117.206396,-0.647486,0],[117.206653,-0.647536,0],[117.206949,-0.647643,0],[117.207235,-0.647789,0],[117.207442,-0.647932,0],[117.207609,-0.648093,0],[117.207781,-0.648275,0],[117.207891,-0.648364,0],[117.208002,-0.648389,0],[117.208184,-0.648353,0],[117.20838,-0.648289,0],[117.208684,-0.648189,0],[117.208905,-0.648025,0],[117.209383,-0.647611,0],[117.209424,-0.647569,0],[117.20974,-0.647282,0],[117.209812,-0.647148,0],[117.209839,-0.647038,0],[117.209844,-0.646908,0],[117.209827,-0.64679,0],[117.209705,-0.64639,0],[117.20967,-0.646164,0],[117.209684,-0.645946,0],[117.209705,-0.645738,0],[117.209773,-0.645629,0],[117.209864,-0.64552,0],[117.210011,-0.645415,0],[117.210178,-0.645361,0],[117.210324,-0.645335,0],[117.210931,-0.645266,0],[117.211143,-0.645233,0],[117.211232,-0.645129,0],[117.21127,-0.644966,0],[117.211303,-0.644606,0],[117.211419,-0.643853,0],[117.211464,-0.643351,0],[117.211491,-0.642946,0],[117.211419,-0.642489,0],[117.211314,-0.642237,0],[117.211172,-0.642028,0],[117.210934,-0.641737,0],[117.210753,-0.641509,0],[117.210448,-0.641214,0],[117.210253,-0.641187,0],[117.209888,-0.641199,0],[117.209479,-0.641173,0],[117.208866,-0.640914,0],[117.208611,-0.640728,0],[117.208393,-0.640576,0],[117.208288,-0.640452,0],[117.207974,-0.640141,0],[117.20734,-0.639552,0],[117.207277,-0.639455,0],[117.207095,-0.63906,0],[117.207009,-0.638847,0],[117.20699,-0.6388,0],[117.206891,-0.638588,0],[117.206755,-0.638358,0],[117.206643,-0.638203,0],[117.206643,-0.638183,0],[117.206561,-0.637977,0],[117.206535,-0.637889,0],[117.206492,-0.637623,0],[117.206463,-0.637267,0],[117.206433,-0.636909,0],[117.206393,-0.636603,0],[117.206323,-0.636174,0],[117.206199,-0.635585,0],[117.206147,-0.635303,0],[117.206102,-0.635086,0],[117.206061,-0.634934,0],[117.205999,-0.634801,0],[117.205896,-0.634675,0],[117.205829,-0.634616,0],[117.205718,-0.634524,0],[117.205525,-0.634346,0],[117.205326,-0.634209,0],[117.205173,-0.634048,0],[117.204973,-0.633852,0],[117.20485,-0.633705,0],[117.204728,-0.633533,0],[117.204647,-0.633318,0],[117.204594,-0.633018,0],[117.204612,-0.632692,0],[117.204648,-0.632487,0],[117.204786,-0.632066,0],[117.204896,-0.631763,0],[117.204977,-0.631505,0],[117.205043,-0.631276,0],[117.205064,-0.631191,0],[117.205064,-0.631058,0],[117.20505,-0.630912,0],[117.205031,-0.630776,0],[117.205002,-0.630637,0],[117.204955,-0.630478,0],[117.204893,-0.630386,0],[117.20481,-0.630328,0],[117.204667,-0.630304,0],[117.204497,-0.630302,0],[117.20434,-0.630318,0],[117.204225,-0.630349,0],[117.204046,-0.630397,0],[117.203692,-0.630546,0],[117.203375,-0.630719,0],[117.203222,-0.6308,0],[117.203045,-0.630847,0],[117.202897,-0.630869,0],[117.2027,-0.630864,0],[117.202328,-0.630762,0],[117.202009,-0.630631,0],[117.20171,-0.630496,0],[117.201456,-0.630394,0],[117.201275,-0.630333,0],[117.201093,-0.630293,0],[117.200962,-0.630273,0],[117.20081,-0.630277,0],[117.200684,-0.630305,0],[117.200506,-0.630351,0],[117.200291,-0.630437,0],[117.200076,-0.630541,0],[117.199925,-0.630614,0],[117.199684,-0.630724,0],[117.199467,-0.630783,0],[117.199252,-0.630806,0],[117.199108,-0.630817,0],[117.198971,-0.630845,0],[117.198809,-0.630819,0],[117.198688,-0.630777,0],[117.198563,-0.630702,0],[117.198451,-0.630588,0],[117.19835,-0.630484,0],[117.198186,-0.630295,0],[117.198032,-0.63006,0],[117.19791,-0.629789,0],[117.197795,-0.629518,0],[117.1976,-0.628962,0],[117.197468,-0.628411,0],[117.19737,-0.628027,0],[117.197268,-0.627618,0],[117.197235,-0.627476,0],[117.197255,-0.627405,0],[117.197315,-0.627275,0],[117.197385,-0.627134,0],[117.197458,-0.62704,0],[117.197612,-0.626888,0],[117.197799,-0.626693,0],[117.197918,-0.626588,0],[117.198005,-0.626471,0],[117.198084,-0.626296,0],[117.19813,-0.62616,0],[117.19816,-0.62601,0],[117.198165,-0.625796,0],[117.198162,-0.62558,0],[117.198116,-0.625041,0],[117.198119,-0.624831,0],[117.198153,-0.624695,0],[117.198224,-0.624541,0],[117.19835,-0.624397,0],[117.198491,-0.624202,0],[117.198616,-0.62397,0],[117.198692,-0.623725,0],[117.198793,-0.623384,0],[117.198889,-0.622995,0],[117.198977,-0.62266,0],[117.199042,-0.622447,0],[117.199165,-0.622252,0],[117.199323,-0.621977,0],[117.199423,-0.621786,0],[117.199616,-0.621417,0],[117.19978,-0.62106,0],[117.199857,-0.620818,0],[117.199908,-0.62065,0],[117.200051,-0.620263,0],[117.200185,-0.619842,0],[117.200262,-0.619601,0],[117.20033,-0.619453,0],[117.200422,-0.619285,0],[117.200708,-0.618793,0],[117.200816,-0.618621,0],[117.200985,-0.618302,0],[117.20109,-0.618052,0],[117.201256,-0.61777,0],[117.201383,-0.617529,0],[117.201534,-0.617274,0],[117.201619,-0.617164,0],[117.201674,-0.617124,0],[117.201771,-0.617078,0],[117.202007,-0.617009,0],[117.202365,-0.61694,0],[117.202541,-0.616895,0],[117.202675,-0.616893,0],[117.20283,-0.616866,0],[117.202972,-0.61681,0],[117.203092,-0.616742,0],[117.203186,-0.616672,0],[117.203297,-0.616516,0],[117.203379,-0.616383,0],[117.20366,-0.615793,0],[117.2039,-0.615265,0],[117.203999,-0.615012,0],[117.2041,-0.614728,0],[117.204183,-0.614457,0],[117.204218,-0.614358,0],[117.204247,-0.614204,0],[117.204254,-0.614075,0],[117.204255,-0.613958,0],[117.204234,-0.613731,0],[117.204214,-0.613478,0],[117.204226,-0.613237,0],[117.204324,-0.61279,0],[117.204339,-0.612336,0],[117.204319,-0.611896,0],[117.204257,-0.611542,0],[117.20419,-0.611265,0],[117.204002,-0.610816,0],[117.203799,-0.610384,0],[117.203661,-0.610165,0],[117.203373,-0.609888,0],[117.203219,-0.60971,0],[117.203125,-0.609533,0],[117.203059,-0.609386,0],[117.203034,-0.609163,0],[117.202981,-0.608916,0],[117.202869,-0.608699,0],[117.202716,-0.60852,0],[117.202605,-0.608412,0],[117.202445,-0.608308,0],[117.202203,-0.608053,0],[117.202036,-0.607815,0],[117.201907,-0.607502,0],[117.201742,-0.607212,0],[117.201346,-0.606864,0],[117.200782,-0.606412,0],[117.200423,-0.606139,0],[117.200172,-0.605958,0],[117.199868,-0.605849,0],[117.199662,-0.605812,0],[117.19937,-0.605867,0],[117.199067,-0.605934,0],[117.198873,-0.605988,0],[117.198691,-0.605958,0],[117.198521,-0.605897,0],[117.198411,-0.605782,0],[117.198302,-0.605539,0],[117.198236,-0.605363,0],[117.198127,-0.605205,0],[117.197999,-0.60512,0],[117.197592,-0.605102,0],[117.197087,-0.605138,0],[117.196568,-0.605188,0],[117.196179,-0.605224,0],[117.195891,-0.605164,0],[117.19556,-0.605055,0],[117.195216,-0.604868,0],[117.194974,-0.604656,0],[117.194388,-0.603882,0],[117.194213,-0.603678,0],[117.194078,-0.603513,0],[117.193585,-0.603019,0],[117.193162,-0.602588,0],[117.192862,-0.602181,0],[117.192754,-0.601945,0],[117.192751,-0.60177,0],[117.192804,-0.601155,0],[117.192913,-0.600536,0],[117.192954,-0.600127,0],[117.192838,-0.599575,0],[117.192761,-0.599228,0],[117.19277,-0.598997,0],[117.192829,-0.598751,0],[117.193091,-0.598032,0],[117.193186,-0.597816,0],[117.192913,-0.597892,0],[117.192771,-0.597864,0],[117.192669,-0.597882,0],[117.192568,-0.597947,0],[117.19246,-0.597979,0],[117.192285,-0.598013,0],[117.191939,-0.598025,0],[117.191632,-0.598041,0],[117.191576,-0.598044,0],[117.191491,-0.59813,0],[117.191467,-0.598173,0],[117.191453,-0.598243,0],[117.191447,-0.598297,0],[117.191412,-0.598365,0],[117.191374,-0.598421,0],[117.191334,-0.598449,0],[117.191291,-0.598449,0],[117.191267,-0.598429,0],[117.191205,-0.598424,0],[117.191174,-0.598452,0],[117.191138,-0.598477,0],[117.191089,-0.59848,0],[117.19106,-0.598433,0],[117.191006,-0.598416,0],[117.190957,-0.598422,0],[117.187248,-0.594845,0],[117.186056,-0.593695,0],[117.184742,-0.592427,0],[117.184352,-0.592052,0],[117.184438,-0.590487,0],[117.184946,-0.585527,0],[117.182589,-0.585485,0],[117.180751,-0.585878,0],[117.180198,-0.585891,0],[117.179969,-0.585879,0],[117.179464,-0.585882,0],[117.179226,-0.585867,0],[117.17877,-0.585899,0],[117.178195,-0.585907,0],[117.177741,-0.58587,0],[117.17764,-0.585849,0],[117.177531,-0.585674,0],[117.177496,-0.585402,0],[117.1775,-0.585162,0],[117.177491,-0.585066,0],[117.177429,-0.584993,0],[117.177357,-0.584974,0],[117.177269,-0.584979,0],[117.176492,-0.58483,0],[117.175431,-0.584605,0],[117.174579,-0.584438,0],[117.173863,-0.584276,0],[117.169987,-0.583445,0],[117.169204,-0.582936,0],[117.168229,-0.582838,0],[117.167513,-0.582738,0],[117.167222,-0.582648,0],[117.166592,-0.58255,0],[117.166449,-0.58263,0],[117.166166,-0.582598,0],[117.165859,-0.582478,0],[117.164967,-0.582322,0],[117.164454,-0.582292,0],[117.164221,-0.58225,0],[117.164376,-0.581973,0],[117.164529,-0.58149,0],[117.164502,-0.581125,0],[117.164428,-0.580217,0],[117.164258,-0.579543,0],[117.164165,-0.578993,0],[117.164134,-0.578529,0],[117.163799,-0.578419,0],[117.163358,-0.578594,0],[117.162964,-0.578485,0],[117.162115,-0.578073,0],[117.16123,-0.577581,0],[117.160471,-0.57719,0],[117.159519,-0.576632,0],[117.158847,-0.576086,0],[117.158179,-0.575544,0],[117.157425,-0.574711,0],[117.156849,-0.573998,0],[117.155912,-0.572381,0],[117.155656,-0.571558,0],[117.155453,-0.570657,0],[117.155438,-0.570001,0],[117.1554,-0.569363,0],[117.155655,-0.568769,0],[117.155774,-0.568198,0],[117.156169,-0.567737,0],[117.156611,-0.567379,0],[117.15714,-0.567012,0],[117.157729,-0.566462,0],[117.158285,-0.565961,0],[117.158616,-0.565776,0],[117.158994,-0.565369,0],[117.159264,-0.564995,0],[117.159646,-0.564665,0],[117.159902,-0.564254,0],[117.160234,-0.563876,0],[117.160455,-0.563441,0],[117.160706,-0.56305,0],[117.160888,-0.562682,0],[117.161063,-0.562443,0],[117.161299,-0.561921,0],[117.161619,-0.561522,0],[117.16175,-0.56127,0],[117.161771,-0.561118,0],[117.162349,-0.560365,0],[117.162368,-0.560195,0],[117.162563,-0.559851,0],[117.162677,-0.559656,0],[117.162671,-0.559534,0],[117.162751,-0.559381,0],[117.162962,-0.559143,0],[117.163146,-0.559043,0],[117.163337,-0.558853,0],[117.163574,-0.558638,0],[117.163635,-0.558501,0],[117.163775,-0.558307,0],[117.163935,-0.558113,0],[117.164174,-0.557923,0],[117.164358,-0.557834,0],[117.164508,-0.55771,0],[117.164755,-0.557673,0],[117.164975,-0.557485,0],[117.165162,-0.557296,0],[117.165374,-0.557182,0],[117.165604,-0.557102,0],[117.165827,-0.556951,0],[117.166082,-0.556843,0],[117.166259,-0.556824,0],[117.166391,-0.556729,0],[117.166551,-0.556736,0],[117.166698,-0.556698,0],[117.1669,-0.556703,0],[117.167162,-0.556691,0],[117.167381,-0.556671,0],[117.167584,-0.556619,0],[117.168357,-0.556602,0],[117.169029,-0.556453,0],[117.169178,-0.556357,0],[117.169517,-0.556408,0],[117.169672,-0.556438,0],[117.169803,-0.556417,0],[117.169992,-0.556473,0],[117.170304,-0.556553,0],[117.17069,-0.556511,0],[117.17111,-0.556388,0],[117.171397,-0.556351,0],[117.171894,-0.556384,0],[117.172672,-0.556444,0],[117.173682,-0.556761,0],[117.173881,-0.556717,0],[117.179072,-0.553575,0]]]]}},{"type":"Feature","properties":{"OBJECTID":45696,"KDPPUM":"64","NAMOBJ":"Kelurahan Harapan Baru","REMARK":null,"KDPBPS":null,"FCODE":"BA03070040","LUASWH":null,"UUPP":"Hasil Delineasi Batas Desa 2018","SRS_ID":"SRGI 2013","METADATA":"TASWIL1000020200326DATA_BATAS_DESA_KELURAHAN","KDEBPS":null,"KDEPUM":"64.72.10.1004","KDCBPS":null,"KDCPUM":"64.72.10","KDBBPS":null,"WADMKD":"Kelurahan Harapan Baru","WIADKD":null,"WADMKC":"Loa Janan Ilir","WIADKC":null,"WADMKK":"Kota Samarinda","WIADKK":null,"WADMPR":"Kalimantan Timur","WIADPR":null,"TIPADM":2,"KDPKAB":"64.72","SHAPE_Leng":0.109199816693792,"SHAPE_Area":0.000693493596588,"visibility":false},"geometry":{"type":"MultiPolygon","coordinates":[[[[117.112217,-0.5353,0],[117.112183,-0.535313,0],[117.112045,-0.535367,0],[117.111938,-0.535386,0],[117.11174,-0.535449,0],[117.111626,-0.535467,0],[117.111366,-0.535539,0],[117.111259,-0.535548,0],[117.111092,-0.535593,0],[117.11084,-0.535648,0],[117.110718,-0.535675,0],[117.110588,-0.535711,0],[117.110474,-0.535738,0],[117.110283,-0.535774,0],[117.110168,-0.535774,0],[117.109894,-0.535819,0],[117.109741,-0.535847,0],[117.109558,-0.535865,0],[117.109398,-0.535865,0],[117.109077,-0.535901,0],[117.108795,-0.535901,0],[117.108604,-0.53592,0],[117.10849,-0.53592,0],[117.108299,-0.535956,0],[117.108109,-0.535983,0],[117.107758,-0.53601,0],[117.10762,-0.536038,0],[117.107414,-0.536038,0],[117.107277,-0.536056,0],[117.106842,-0.536056,0],[117.106491,-0.536093,0],[117.106384,-0.536093,0],[117.106171,-0.536129,0],[117.105888,-0.536165,0],[117.105782,-0.536183,0],[117.10553,-0.53622,0],[117.105301,-0.536265,0],[117.105194,-0.536265,0],[117.104843,-0.53631,0],[117.104729,-0.536328,0],[117.104393,-0.536356,0],[117.104202,-0.536374,0],[117.104057,-0.536374,0],[117.103867,-0.536401,0],[117.103729,-0.536401,0],[117.103516,-0.536438,0],[117.102821,-0.536429,0],[117.10247,-0.536457,0],[117.102272,-0.536457,0],[117.102142,-0.536493,0],[117.102036,-0.536493,0],[117.10186,-0.536511,0],[117.101624,-0.536511,0],[117.101387,-0.536539,0],[117.100861,-0.536539,0],[117.100731,-0.536512,0],[117.100586,-0.536513,0],[117.100357,-0.536477,0],[117.099902,-0.536477,0],[117.0999,-0.536498,0],[117.099871,-0.536726,0],[117.099871,-0.53714,0],[117.099898,-0.538885,0],[117.100183,-0.544139,0],[117.100291,-0.550407,0],[117.101897,-0.556296,0],[117.103042,-0.562597,0],[117.105653,-0.56481,0],[117.109073,-0.567692,0],[117.111959,-0.568288,0],[117.118068,-0.569778,0],[117.118482,-0.569885,0],[117.120831,-0.569144,0],[117.123795,-0.567579,0],[117.125847,-0.566461,0],[117.127388,-0.564966,0],[117.12915,-0.563336,0],[117.13134,-0.560203,0],[117.132376,-0.556099,0],[117.129127,-0.55428,0],[117.127668,-0.553017,0],[117.124565,-0.550901,0],[117.123493,-0.550412,0],[117.122564,-0.549956,0],[117.122074,-0.549727,0],[117.12147,-0.549475,0],[117.121066,-0.549282,0],[117.120543,-0.548961,0],[117.119808,-0.548512,0],[117.119656,-0.548419,0],[117.119149,-0.548086,0],[117.118727,-0.547808,0],[117.118531,-0.547721,0],[117.118269,-0.547604,0],[117.117745,-0.547385,0],[117.117547,-0.547256,0],[117.117498,-0.547223,0],[117.117402,-0.547119,0],[117.117358,-0.547041,0],[117.117336,-0.547003,0],[117.11726,-0.546871,0],[117.117112,-0.546418,0],[117.116984,-0.546024,0],[117.116375,-0.544187,0],[117.11633,-0.544085,0],[117.116178,-0.543735,0],[117.116095,-0.543533,0],[117.115994,-0.543449,0],[117.115775,-0.543461,0],[117.115311,-0.543568,0],[117.11514,-0.543577,0],[117.115124,-0.543577,0],[117.115098,-0.543579,0],[117.115061,-0.54358,0],[117.114972,-0.54358,0],[117.114835,-0.54358,0],[117.114645,-0.543414,0],[117.114641,-0.543404,0],[117.11455,-0.543164,0],[117.114503,-0.54295,0],[117.11449,-0.54289,0],[117.114498,-0.542799,0],[117.114514,-0.542605,0],[117.114597,-0.542176,0],[117.114637,-0.541932,0],[117.114657,-0.541808,0],[117.114614,-0.541638,0],[117.114512,-0.541239,0],[117.114479,-0.541108,0],[117.114404,-0.5407,0],[117.114324,-0.540275,0],[117.114292,-0.540133,0],[117.114233,-0.539872,0],[117.114176,-0.539622,0],[117.114063,-0.539121,0],[117.114059,-0.5391,0],[117.114002,-0.539137,0],[117.113957,-0.539156,0],[117.113911,-0.539165,0],[117.113808,-0.539177,0],[117.11372,-0.539179,0],[117.113687,-0.539179,0],[117.113687,-0.539132,0],[117.113686,-0.539084,0],[117.113685,-0.539063,0],[117.113673,-0.538991,0],[117.113658,-0.538954,0],[117.113656,-0.538925,0],[117.113662,-0.538885,0],[117.113691,-0.538769,0],[117.113713,-0.538685,0],[117.113723,-0.538641,0],[117.113735,-0.538586,0],[117.113746,-0.538488,0],[117.113753,-0.538393,0],[117.113768,-0.538223,0],[117.112217,-0.5353,0]]]]}},{"type":"Feature","properties":{"OBJECTID":45699,"KDPPUM":"64","NAMOBJ":"Kelurahan Jawa","REMARK":null,"KDPBPS":null,"FCODE":"BA03070040","LUASWH":null,"UUPP":"Hasil Delineasi Batas Desa 2018","SRS_ID":"SRGI 2013","METADATA":"TASWIL1000020200326DATA_BATAS_DESA_KELURAHAN","KDEBPS":null,"KDEPUM":"64.72.03.1002","KDCBPS":null,"KDCPUM":"64.72.03","KDBBPS":null,"WADMKD":"Kelurahan Jawa","WIADKD":null,"WADMKC":"Samarinda Ulu","WIADKC":null,"WADMKK":"Kota Samarinda","WIADKK":null,"WADMPR":"Kalimantan Timur","WIADPR":null,"TIPADM":2,"KDPKAB":"64.72","SHAPE_Leng":0.03760395425751,"SHAPE_Area":0.000071367243946,"visibility":false},"geometry":{"type":"MultiPolygon","coordinates":[[[[117.140447,-0.496935,0],[117.140529,-0.496583,0],[117.140659,-0.496096,0],[117.140703,-0.495929,0],[117.140727,-0.49492,0],[117.140762,-0.494862,0],[117.140879,-0.494664,0],[117.141107,-0.494492,0],[117.141229,-0.493729,0],[117.141878,-0.492982,0],[117.141949,-0.492735,0],[117.140406,-0.492256,0],[117.138997,-0.491934,0],[117.138524,-0.491685,0],[117.138085,-0.491543,0],[117.137846,-0.491521,0],[117.137568,-0.491537,0],[117.137242,-0.491632,0],[117.136761,-0.491896,0],[117.136343,-0.492089,0],[117.136104,-0.492128,0],[117.136078,-0.492196,0],[117.135951,-0.492876,0],[117.13583,-0.493098,0],[117.135644,-0.493364,0],[117.135392,-0.493878,0],[117.134968,-0.494668,0],[117.134658,-0.495307,0],[117.135191,-0.495676,0],[117.13578,-0.496083,0],[117.13591,-0.496212,0],[117.135875,-0.496378,0],[117.135797,-0.496496,0],[117.135711,-0.496618,0],[117.135608,-0.496732,0],[117.135472,-0.496925,0],[117.135401,-0.496999,0],[117.135322,-0.497082,0],[117.135237,-0.497196,0],[117.135179,-0.497339,0],[117.135058,-0.497492,0],[117.134951,-0.497653,0],[117.13475,-0.497822,0],[117.134616,-0.498038,0],[117.134571,-0.498322,0],[117.13453,-0.498569,0],[117.134407,-0.498744,0],[117.134304,-0.498848,0],[117.134266,-0.499015,0],[117.134342,-0.499304,0],[117.13438,-0.499796,0],[117.134499,-0.500534,0],[117.134594,-0.501094,0],[117.134595,-0.501365,0],[117.134587,-0.501821,0],[117.134555,-0.502501,0],[117.134534,-0.50287,0],[117.134537,-0.502871,0],[117.135373,-0.503033,0],[117.136964,-0.503341,0],[117.138007,-0.503621,0],[117.140261,-0.504225,0],[117.140263,-0.504217,0],[117.140261,-0.504215,0],[117.140278,-0.504149,0],[117.140338,-0.504165,0],[117.141078,-0.501795,0],[117.141075,-0.50174,0],[117.141075,-0.501734,0],[117.141075,-0.501717,0],[117.141075,-0.501713,0],[117.141076,-0.501695,0],[117.141078,-0.501671,0],[117.141083,-0.501647,0],[117.141134,-0.501428,0],[117.141179,-0.50123,0],[117.1412,-0.501139,0],[117.141246,-0.500928,0],[117.141262,-0.500849,0],[117.141268,-0.500805,0],[117.141271,-0.500767,0],[117.141274,-0.500742,0],[117.141275,-0.500734,0],[117.141436,-0.500196,0],[117.141536,-0.49993,0],[117.141573,-0.499833,0],[117.141727,-0.4995,0],[117.141734,-0.499329,0],[117.141729,-0.499325,0],[117.14173,-0.499324,0],[117.141523,-0.499159,0],[117.141516,-0.499154,0],[117.141543,-0.499016,0],[117.14161,-0.497843,0],[117.141488,-0.497757,0],[117.141074,-0.497634,0],[117.140924,-0.497129,0],[117.14076,-0.497014,0],[117.140413,-0.497084,0],[117.140447,-0.496935,0]]]]}},{"type":"Feature","properties":{"OBJECTID":45706,"KDPPUM":"64","NAMOBJ":"Kelurahan Karang Anyar","REMARK":null,"KDPBPS":null,"FCODE":"BA03070040","LUASWH":null,"UUPP":"Hasil Delineasi Batas Desa 2018","SRS_ID":"SRGI 2013","METADATA":"TASWIL1000020200326DATA_BATAS_DESA_KELURAHAN","KDEBPS":null,"KDEPUM":"64.72.06.1007","KDCBPS":null,"KDCPUM":"64.72.06","KDBBPS":null,"WADMKD":"Kelurahan Karang Anyar","WIADKD":null,"WADMKC":"Sungai Kunjang","WIADKC":null,"WADMKK":"Kota Samarinda","WIADKK":null,"WADMPR":"Kalimantan Timur","WIADPR":null,"TIPADM":2,"KDPKAB":"64.72","SHAPE_Leng":0.058846776988275,"SHAPE_Area":0.000130473734355,"visibility":false},"geometry":{"type":"MultiPolygon","coordinates":[[[[117.119603,-0.505647,0],[117.120126,-0.504944,0],[117.119333,-0.504225,0],[117.11899,-0.503898,0],[117.118318,-0.503274,0],[117.117779,-0.502746,0],[117.117355,-0.502348,0],[117.117623,-0.502028,0],[117.118159,-0.501444,0],[117.118827,-0.500744,0],[117.119216,-0.50033,0],[117.119678,-0.499808,0],[117.120052,-0.499448,0],[117.120445,-0.499251,0],[117.121202,-0.498886,0],[117.121988,-0.498494,0],[117.122996,-0.49799,0],[117.123862,-0.497572,0],[117.124384,-0.497307,0],[117.124039,-0.496419,0],[117.12374,-0.495549,0],[117.123529,-0.494988,0],[117.123374,-0.49457,0],[117.123183,-0.493983,0],[117.122658,-0.492624,0],[117.12221,-0.491396,0],[117.121316,-0.491404,0],[117.120664,-0.491205,0],[117.120342,-0.490953,0],[117.120039,-0.490553,0],[117.119977,-0.490617,0],[117.119953,-0.490821,0],[117.119453,-0.491598,0],[117.119169,-0.491907,0],[117.118927,-0.492119,0],[117.118596,-0.492353,0],[117.118142,-0.492653,0],[117.117882,-0.492829,0],[117.117299,-0.493355,0],[117.117108,-0.493563,0],[117.116892,-0.493819,0],[117.116682,-0.494082,0],[117.116493,-0.494173,0],[117.116281,-0.494211,0],[117.116019,-0.494168,0],[117.115939,-0.494133,0],[117.115795,-0.494071,0],[117.115527,-0.493942,0],[117.115305,-0.4938,0],[117.115191,-0.493748,0],[117.11509,-0.493707,0],[117.11496,-0.493698,0],[117.114815,-0.493698,0],[117.114711,-0.493772,0],[117.114589,-0.493903,0],[117.114504,-0.494036,0],[117.114388,-0.494338,0],[117.11428,-0.494723,0],[117.1142,-0.495081,0],[117.114167,-0.495252,0],[117.114113,-0.495492,0],[117.114138,-0.495707,0],[117.114298,-0.496181,0],[117.11433,-0.49637,0],[117.11433,-0.496552,0],[117.11427,-0.496727,0],[117.114146,-0.496885,0],[117.11405,-0.496992,0],[117.113927,-0.497147,0],[117.113863,-0.497308,0],[117.113771,-0.497547,0],[117.113637,-0.497876,0],[117.113368,-0.498462,0],[117.113266,-0.498683,0],[117.113096,-0.498951,0],[117.112961,-0.49913,0],[117.112764,-0.499499,0],[117.112576,-0.499842,0],[117.112434,-0.500175,0],[117.112189,-0.500551,0],[117.11199,-0.500904,0],[117.11175,-0.501312,0],[117.111566,-0.501774,0],[117.111359,-0.502231,0],[117.111144,-0.502748,0],[117.11088,-0.503348,0],[117.110526,-0.504134,0],[117.109984,-0.505049,0],[117.109592,-0.505618,0],[117.109176,-0.506303,0],[117.109466,-0.506471,0],[117.109716,-0.506761,0],[117.110225,-0.507182,0],[117.110233,-0.507202,0],[117.110953,-0.507817,0],[117.111605,-0.50829,0],[117.11196,-0.508525,0],[117.11223,-0.508723,0],[117.112384,-0.508795,0],[117.112543,-0.508836,0],[117.112676,-0.508878,0],[117.112848,-0.508931,0],[117.113011,-0.509074,0],[117.113212,-0.509303,0],[117.11325,-0.509353,0],[117.113303,-0.509374,0],[117.113463,-0.509377,0],[117.113652,-0.509335,0],[117.113753,-0.509305,0],[117.113815,-0.509305,0],[117.114007,-0.509385,0],[117.114131,-0.509453,0],[117.114379,-0.509516,0],[117.114495,-0.509539,0],[117.114595,-0.509509,0],[117.114703,-0.509477,0],[117.114873,-0.509448,0],[117.114965,-0.509393,0],[117.115038,-0.509331,0],[117.115133,-0.509193,0],[117.115175,-0.509122,0],[117.11521,-0.508972,0],[117.115213,-0.508865,0],[117.115184,-0.508648,0],[117.11514,-0.508497,0],[117.114868,-0.508127,0],[117.114735,-0.507956,0],[117.114662,-0.507891,0],[117.114624,-0.507831,0],[117.11461,-0.507738,0],[117.114612,-0.507593,0],[117.114745,-0.507453,0],[117.115111,-0.507293,0],[117.115341,-0.507209,0],[117.115627,-0.507255,0],[117.11584,-0.507279,0],[117.116014,-0.507397,0],[117.116286,-0.507724,0],[117.116381,-0.507745,0],[117.116585,-0.507554,0],[117.116791,-0.507406,0],[117.117246,-0.507158,0],[117.117547,-0.506944,0],[117.117788,-0.506765,0],[117.117974,-0.506586,0],[117.118092,-0.506437,0],[117.118153,-0.506301,0],[117.118175,-0.505975,0],[117.118219,-0.50582,0],[117.118285,-0.505687,0],[117.118367,-0.505587,0],[117.118525,-0.505494,0],[117.118652,-0.505475,0],[117.118827,-0.505456,0],[117.118928,-0.505451,0],[117.119234,-0.505466,0],[117.119454,-0.505535,0],[117.119603,-0.505647,0]]]]}},{"type":"Feature","properties":{"OBJECTID":45708,"KDPPUM":"64","NAMOBJ":"Kelurahan Karang Asam Ilir","REMARK":null,"KDPBPS":null,"FCODE":"BA03070040","LUASWH":null,"UUPP":"Hasil Delineasi Batas Desa 2018","SRS_ID":"SRGI 2013","METADATA":"TASWIL1000020200326DATA_BATAS_DESA_KELURAHAN","KDEBPS":null,"KDEPUM":"64.72.06.1006","KDCBPS":null,"KDCPUM":"64.72.06","KDBBPS":null,"WADMKD":"Kelurahan Karang Asam Ilir","WIADKD":null,"WADMKC":"Sungai Kunjang","WIADKC":null,"WADMKK":"Kota Samarinda","WIADKK":null,"WADMPR":"Kalimantan Timur","WIADPR":null,"TIPADM":2,"KDPKAB":"64.72","SHAPE_Leng":0.079512367702918,"SHAPE_Area":0.000172631606143,"visibility":false},"geometry":{"type":"MultiPolygon","coordinates":[[[[117.104785,-0.498667,0],[117.104548,-0.498747,0],[117.104367,-0.498829,0],[117.104011,-0.498929,0],[117.103753,-0.498989,0],[117.103409,-0.499029,0],[117.102952,-0.49904,0],[117.102686,-0.499033,0],[117.102217,-0.499252,0],[117.101993,-0.499338,0],[117.101833,-0.499379,0],[117.101743,-0.499386,0],[117.101699,-0.499399,0],[117.101668,-0.499417,0],[117.101643,-0.499444,0],[117.101629,-0.499468,0],[117.101625,-0.499496,0],[117.101628,-0.499524,0],[117.101642,-0.499552,0],[117.10166,-0.499577,0],[117.101689,-0.499591,0],[117.101708,-0.499611,0],[117.101735,-0.499667,0],[117.101543,-0.499815,0],[117.101452,-0.499868,0],[117.101271,-0.499886,0],[117.100279,-0.499942,0],[117.10027,-0.501215,0],[117.100262,-0.50247,0],[117.100369,-0.502955,0],[117.100544,-0.503644,0],[117.100703,-0.503591,0],[117.100913,-0.50355,0],[117.10109,-0.503538,0],[117.101386,-0.50354,0],[117.101646,-0.503562,0],[117.101849,-0.503566,0],[117.106712,-0.512582,0],[117.106536,-0.513158,0],[117.106373,-0.513919,0],[117.106375,-0.514596,0],[117.106486,-0.514933,0],[117.107165,-0.51479,0],[117.107582,-0.514742,0],[117.108142,-0.513979,0],[117.108343,-0.51397,0],[117.108993,-0.514174,0],[117.109468,-0.514039,0],[117.111141,-0.51471,0],[117.111956,-0.512779,0],[117.112229,-0.512933,0],[117.112472,-0.513119,0],[117.113065,-0.513614,0],[117.113317,-0.513853,0],[117.113629,-0.514103,0],[117.113884,-0.514231,0],[117.114126,-0.514399,0],[117.114356,-0.514559,0],[117.114498,-0.514691,0],[117.114979,-0.515076,0],[117.115391,-0.515283,0],[117.116646,-0.51578,0],[117.116892,-0.515946,0],[117.12011,-0.515958,0],[117.120184,-0.515959,0],[117.120218,-0.515846,0],[117.12024,-0.51577,0],[117.120239,-0.515736,0],[117.120471,-0.51497,0],[117.122516,-0.508221,0],[117.123302,-0.507252,0],[117.119603,-0.505647,0],[117.119454,-0.505535,0],[117.119234,-0.505466,0],[117.118928,-0.505451,0],[117.118827,-0.505456,0],[117.118652,-0.505475,0],[117.118525,-0.505494,0],[117.118367,-0.505587,0],[117.118285,-0.505687,0],[117.118219,-0.50582,0],[117.118175,-0.505975,0],[117.118153,-0.506301,0],[117.118092,-0.506437,0],[117.117974,-0.506586,0],[117.117788,-0.506765,0],[117.117547,-0.506944,0],[117.117246,-0.507158,0],[117.116791,-0.507406,0],[117.116585,-0.507554,0],[117.116381,-0.507745,0],[117.116286,-0.507724,0],[117.116014,-0.507397,0],[117.11584,-0.507279,0],[117.115627,-0.507255,0],[117.115341,-0.507209,0],[117.115111,-0.507293,0],[117.114745,-0.507453,0],[117.114612,-0.507593,0],[117.11461,-0.507738,0],[117.114624,-0.507831,0],[117.114662,-0.507891,0],[117.114735,-0.507956,0],[117.114868,-0.508127,0],[117.11514,-0.508497,0],[117.115184,-0.508648,0],[117.115213,-0.508865,0],[117.11521,-0.508972,0],[117.115175,-0.509122,0],[117.115133,-0.509193,0],[117.115038,-0.509331,0],[117.114965,-0.509393,0],[117.114873,-0.509448,0],[117.114703,-0.509477,0],[117.114595,-0.509509,0],[117.114495,-0.509539,0],[117.114379,-0.509516,0],[117.114131,-0.509453,0],[117.114007,-0.509385,0],[117.113815,-0.509305,0],[117.113753,-0.509305,0],[117.113652,-0.509335,0],[117.113463,-0.509377,0],[117.113303,-0.509374,0],[117.11325,-0.509353,0],[117.113212,-0.509303,0],[117.113011,-0.509074,0],[117.112848,-0.508931,0],[117.112676,-0.508878,0],[117.112543,-0.508836,0],[117.112384,-0.508795,0],[117.11223,-0.508723,0],[117.11196,-0.508525,0],[117.111605,-0.50829,0],[117.110953,-0.507817,0],[117.110233,-0.507202,0],[117.110225,-0.507182,0],[117.109716,-0.506761,0],[117.109466,-0.506471,0],[117.109176,-0.506303,0],[117.109592,-0.505618,0],[117.109984,-0.505049,0],[117.108569,-0.504172,0],[117.108506,-0.504126,0],[117.108547,-0.503989,0],[117.108585,-0.503837,0],[117.108595,-0.503764,0],[117.108602,-0.503676,0],[117.108599,-0.50358,0],[117.108573,-0.503509,0],[117.108523,-0.503439,0],[117.108364,-0.503286,0],[117.108304,-0.503149,0],[117.108328,-0.502934,0],[117.108302,-0.502746,0],[117.108278,-0.502509,0],[117.108226,-0.502306,0],[117.108135,-0.502303,0],[117.108035,-0.502302,0],[117.107951,-0.502289,0],[117.107909,-0.502274,0],[117.107841,-0.502244,0],[117.107641,-0.502161,0],[117.107495,-0.502114,0],[117.107303,-0.50206,0],[117.107162,-0.502042,0],[117.106947,-0.502033,0],[117.106861,-0.502022,0],[117.106831,-0.501993,0],[117.106797,-0.501897,0],[117.106729,-0.501718,0],[117.106643,-0.501558,0],[117.106564,-0.501471,0],[117.106643,-0.50117,0],[117.106328,-0.500922,0],[117.106347,-0.500766,0],[117.106329,-0.500553,0],[117.106294,-0.500204,0],[117.106277,-0.500001,0],[117.105714,-0.499917,0],[117.105759,-0.499739,0],[117.105811,-0.499644,0],[117.105825,-0.499573,0],[117.10582,-0.499489,0],[117.105742,-0.499373,0],[117.105664,-0.49932,0],[117.105396,-0.499226,0],[117.104986,-0.499145,0],[117.104785,-0.498667,0]]]]}},{"type":"Feature","properties":{"OBJECTID":45709,"KDPPUM":"64","NAMOBJ":"Kelurahan Karang Asam Ulu","REMARK":null,"KDPBPS":null,"FCODE":"BA03070040","LUASWH":null,"UUPP":"Hasil Delineasi Batas Desa 2018","SRS_ID":"SRGI 2013","METADATA":"TASWIL1000020200326DATA_BATAS_DESA_KELURAHAN","KDEBPS":null,"KDEPUM":"64.72.06.1003","KDCBPS":null,"KDCPUM":"64.72.06","KDBBPS":null,"WADMKD":"Kelurahan Karang Asam Ulu","WIADKD":null,"WADMKC":"Sungai Kunjang","WIADKC":null,"WADMKK":"Kota Samarinda","WIADKK":null,"WADMPR":"Kalimantan Timur","WIADPR":null,"TIPADM":2,"KDPKAB":"64.72","SHAPE_Leng":0.104730531190474,"SHAPE_Area":0.000441761353021,"visibility":false},"geometry":{"type":"MultiPolygon","coordinates":[[[[117.101849,-0.503566,0],[117.101646,-0.503562,0],[117.101386,-0.50354,0],[117.10109,-0.503538,0],[117.100913,-0.50355,0],[117.100703,-0.503591,0],[117.100544,-0.503644,0],[117.100042,-0.503928,0],[117.099621,-0.50428,0],[117.099262,-0.5046,0],[117.098912,-0.504914,0],[117.098653,-0.505148,0],[117.098449,-0.505371,0],[117.098298,-0.505591,0],[117.098166,-0.505867,0],[117.09806,-0.506136,0],[117.097805,-0.506672,0],[117.097565,-0.507022,0],[117.097324,-0.507165,0],[117.09699,-0.507365,0],[117.096579,-0.507537,0],[117.09614,-0.507709,0],[117.095938,-0.507796,0],[117.095649,-0.508058,0],[117.095117,-0.508588,0],[117.094757,-0.508957,0],[117.094648,-0.509069,0],[117.094379,-0.509246,0],[117.094129,-0.509327,0],[117.093859,-0.509356,0],[117.093594,-0.509347,0],[117.093159,-0.509271,0],[117.092705,-0.509152,0],[117.092426,-0.509095,0],[117.092376,-0.510524,0],[117.092318,-0.51328,0],[117.092481,-0.51333,0],[117.093106,-0.513522,0],[117.093327,-0.513595,0],[117.093578,-0.513647,0],[117.093876,-0.513666,0],[117.09423,-0.51367,0],[117.094505,-0.513665,0],[117.09476,-0.513679,0],[117.09491,-0.513707,0],[117.095506,-0.513945,0],[117.096329,-0.51431,0],[117.09641,-0.514367,0],[117.096434,-0.514482,0],[117.096395,-0.514702,0],[117.096401,-0.514821,0],[117.096684,-0.514886,0],[117.096915,-0.514939,0],[117.098979,-0.515751,0],[117.099234,-0.5159,0],[117.099362,-0.516093,0],[117.09949,-0.516357,0],[117.099632,-0.516592,0],[117.099852,-0.516842,0],[117.099994,-0.517085,0],[117.100044,-0.51722,0],[117.100009,-0.517363,0],[117.09986,-0.517756,0],[117.099811,-0.518035,0],[117.099822,-0.519298,0],[117.099808,-0.519648,0],[117.09978,-0.520119,0],[117.099809,-0.52039,0],[117.099873,-0.520704,0],[117.099916,-0.520876,0],[117.101089,-0.527079,0],[117.10109,-0.527786,0],[117.103017,-0.530187,0],[117.103646,-0.530776,0],[117.104025,-0.531206,0],[117.104492,-0.532039,0],[117.104575,-0.532401,0],[117.104594,-0.532991,0],[117.104393,-0.536356,0],[117.104729,-0.536328,0],[117.104843,-0.53631,0],[117.105194,-0.536265,0],[117.105301,-0.536265,0],[117.10553,-0.53622,0],[117.105782,-0.536183,0],[117.105888,-0.536165,0],[117.106171,-0.536129,0],[117.106384,-0.536093,0],[117.106491,-0.536093,0],[117.106842,-0.536056,0],[117.107277,-0.536056,0],[117.107414,-0.536038,0],[117.10762,-0.536038,0],[117.107758,-0.53601,0],[117.108109,-0.535983,0],[117.108299,-0.535956,0],[117.10849,-0.53592,0],[117.108604,-0.53592,0],[117.108795,-0.535901,0],[117.109077,-0.535901,0],[117.109398,-0.535865,0],[117.109558,-0.535865,0],[117.109741,-0.535847,0],[117.109894,-0.535819,0],[117.110168,-0.535774,0],[117.110283,-0.535774,0],[117.110474,-0.535738,0],[117.110588,-0.535711,0],[117.110718,-0.535675,0],[117.11084,-0.535648,0],[117.111092,-0.535593,0],[117.111259,-0.535548,0],[117.111366,-0.535539,0],[117.111626,-0.535467,0],[117.11174,-0.535449,0],[117.111938,-0.535386,0],[117.112045,-0.535367,0],[117.112183,-0.535313,0],[117.112217,-0.5353,0],[117.11214,-0.535155,0],[117.112512,-0.534882,0],[117.112778,-0.534687,0],[117.113474,-0.534162,0],[117.114287,-0.53352,0],[117.114896,-0.53276,0],[117.115097,-0.532477,0],[117.117505,-0.527582,0],[117.117968,-0.525024,0],[117.118382,-0.524179,0],[117.11856,-0.52262,0],[117.118692,-0.521169,0],[117.119078,-0.518843,0],[117.119526,-0.518118,0],[117.11957,-0.518046,0],[117.120184,-0.515959,0],[117.12011,-0.515958,0],[117.116892,-0.515946,0],[117.116646,-0.51578,0],[117.115391,-0.515283,0],[117.114979,-0.515076,0],[117.114498,-0.514691,0],[117.114356,-0.514559,0],[117.114126,-0.514399,0],[117.113884,-0.514231,0],[117.113629,-0.514103,0],[117.113317,-0.513853,0],[117.113065,-0.513614,0],[117.112472,-0.513119,0],[117.112229,-0.512933,0],[117.111956,-0.512779,0],[117.111141,-0.51471,0],[117.109468,-0.514039,0],[117.108993,-0.514174,0],[117.108343,-0.51397,0],[117.108142,-0.513979,0],[117.107582,-0.514742,0],[117.107165,-0.51479,0],[117.106486,-0.514933,0],[117.106375,-0.514596,0],[117.106373,-0.513919,0],[117.106536,-0.513158,0],[117.106712,-0.512582,0],[117.101849,-0.503566,0]]]]}},{"type":"Feature","properties":{"OBJECTID":45720,"KDPPUM":"64","NAMOBJ":"Kelurahan Lempake","REMARK":null,"KDPBPS":null,"FCODE":"BA03070040","LUASWH":null,"UUPP":"Hasil Delineasi Batas Desa 2018","SRS_ID":"SRGI 2013","METADATA":"TASWIL1000020200326DATA_BATAS_DESA_KELURAHAN","KDEBPS":null,"KDEPUM":"64.72.05.1003","KDCBPS":null,"KDCPUM":"64.72.05","KDBBPS":null,"WADMKD":"Kelurahan Lempake","WIADKD":null,"WADMKC":"Samarinda Utara","WIADKC":null,"WADMKK":"Kota Samarinda","WIADKK":null,"WADMPR":"Kalimantan Timur","WIADPR":null,"TIPADM":2,"KDPKAB":"64.72","SHAPE_Leng":0.283474646056263,"SHAPE_Area":0.002807868658866,"visibility":false},"geometry":{"type":"MultiPolygon","coordinates":[[[[117.217513,-0.399407,0],[117.217662,-0.399164,0],[117.217767,-0.398641,0],[117.217976,-0.397451,0],[117.218062,-0.396699,0],[117.217986,-0.396299,0],[117.217748,-0.395652,0],[117.217691,-0.395129,0],[117.217719,-0.394367,0],[117.217855,-0.39289,0],[117.217812,-0.39279,0],[117.217755,-0.392526,0],[117.217755,-0.392333,0],[117.217926,-0.391869,0],[117.21712,-0.389501,0],[117.217107,-0.389475,0],[117.217041,-0.389337,0],[117.216955,-0.389199,0],[117.216884,-0.389085,0],[117.216884,-0.389004,0],[117.216915,-0.388929,0],[117.217017,-0.388825,0],[117.217118,-0.388676,0],[117.217145,-0.38859,0],[117.217165,-0.38848,0],[117.217162,-0.388355,0],[117.217153,-0.388236,0],[117.217099,-0.388066,0],[117.217028,-0.387819,0],[117.216899,-0.387533,0],[117.216794,-0.387386,0],[117.216718,-0.387252,0],[117.216585,-0.3871,0],[117.216537,-0.387029,0],[117.216552,-0.386877,0],[117.216571,-0.386691,0],[117.216627,-0.386613,0],[117.216853,-0.386488,0],[117.217169,-0.386316,0],[117.217466,-0.386137,0],[117.217615,-0.386024,0],[117.217716,-0.385911,0],[117.217781,-0.385697,0],[117.21793,-0.385417,0],[117.218142,-0.385183,0],[117.218237,-0.385035,0],[117.218247,-0.38483,0],[117.21818,-0.384554,0],[117.218004,-0.384321,0],[117.2178,-0.384093,0],[117.217728,-0.383921,0],[117.217733,-0.383693,0],[117.217781,-0.383312,0],[117.217864,-0.382921,0],[117.217866,-0.382903,0],[117.217866,-0.382331,0],[117.217847,-0.382324,0],[117.217696,-0.382306,0],[117.217542,-0.382217,0],[117.217406,-0.382138,0],[117.217192,-0.381901,0],[117.21678,-0.381382,0],[117.216666,-0.38122,0],[117.216402,-0.380837,0],[117.216335,-0.380706,0],[117.216321,-0.380646,0],[117.216316,-0.3805,0],[117.21634,-0.380262,0],[117.216321,-0.380138,0],[117.216263,-0.380048,0],[117.216144,-0.379915,0],[117.216111,-0.379767,0],[117.216033,-0.379586,0],[117.215965,-0.37947,0],[117.215866,-0.379348,0],[117.215783,-0.379178,0],[117.215685,-0.379006,0],[117.215652,-0.378893,0],[117.215617,-0.378762,0],[117.215566,-0.378631,0],[117.215516,-0.378438,0],[117.215497,-0.378212,0],[117.215443,-0.378015,0],[117.215368,-0.377887,0],[117.21525,-0.377701,0],[117.215018,-0.377444,0],[117.214929,-0.377212,0],[117.21489,-0.376941,0],[117.214833,-0.376695,0],[117.214681,-0.376544,0],[117.214581,-0.376458,0],[117.214324,-0.376315,0],[117.214153,-0.376251,0],[117.214117,-0.376205,0],[117.214149,-0.375791,0],[117.214174,-0.375627,0],[117.214227,-0.37538,0],[117.21431,-0.375295,0],[117.214477,-0.375227,0],[117.214562,-0.375201,0],[117.214688,-0.375175,0],[117.214767,-0.375144,0],[117.21485,-0.375073,0],[117.214938,-0.375013,0],[117.215052,-0.374963,0],[117.215121,-0.374892,0],[117.21515,-0.374749,0],[117.215177,-0.37465,0],[117.215272,-0.374543,0],[117.215471,-0.374355,0],[117.215324,-0.374183,0],[117.215179,-0.37403,0],[117.215042,-0.373931,0],[117.214943,-0.373895,0],[117.214851,-0.373841,0],[117.214737,-0.373805,0],[117.214462,-0.373833,0],[117.214325,-0.37386,0],[117.214241,-0.373896,0],[117.214111,-0.373932,0],[117.213928,-0.374022,0],[117.213791,-0.374094,0],[117.213676,-0.37422,0],[117.213585,-0.374337,0],[117.213501,-0.374436,0],[117.213394,-0.374526,0],[117.213264,-0.374625,0],[117.213112,-0.374751,0],[117.21302,-0.374823,0],[117.212914,-0.374877,0],[117.212723,-0.374976,0],[117.212624,-0.375039,0],[117.212479,-0.375093,0],[117.212349,-0.375138,0],[117.212212,-0.375174,0],[117.212029,-0.375273,0],[117.211929,-0.375274,0],[117.211648,-0.375278,0],[117.211448,-0.375271,0],[117.21128,-0.375232,0],[117.210889,-0.374702,0],[117.210785,-0.37469,0],[117.210526,-0.374735,0],[117.210327,-0.374762,0],[117.210167,-0.374807,0],[117.209961,-0.374843,0],[117.209755,-0.374897,0],[117.209518,-0.374951,0],[117.209259,-0.374952,0],[117.209091,-0.374916,0],[117.208611,-0.374916,0],[117.208504,-0.374898,0],[117.208405,-0.374817,0],[117.208298,-0.3747,0],[117.208206,-0.374557,0],[117.208145,-0.374467,0],[117.208092,-0.37435,0],[117.208069,-0.374233,0],[117.208015,-0.374134,0],[117.20797,-0.373954,0],[117.207901,-0.373783,0],[117.207878,-0.373675,0],[117.207802,-0.373523,0],[117.207756,-0.37337,0],[117.207672,-0.373082,0],[117.207649,-0.372983,0],[117.207603,-0.372812,0],[117.207558,-0.372479,0],[117.20752,-0.372299,0],[117.20752,-0.372183,0],[117.207489,-0.371931,0],[117.207428,-0.371787,0],[117.207382,-0.371562,0],[117.207321,-0.37131,0],[117.207275,-0.371094,0],[117.207253,-0.370879,0],[117.20723,-0.370753,0],[117.20723,-0.370627,0],[117.207207,-0.370501,0],[117.207207,-0.370229,0],[117.207337,-0.369329,0],[117.207522,-0.368787,0],[117.207651,-0.368016,0],[117.207594,-0.367673,0],[117.207708,-0.367445,0],[117.207938,-0.367208,0],[117.208185,-0.366904,0],[117.208347,-0.366618,0],[117.208452,-0.366237,0],[117.208366,-0.365847,0],[117.208366,-0.365647,0],[117.208423,-0.365419,0],[117.208423,-0.365086,0],[117.208442,-0.364658,0],[117.208502,-0.364093,0],[117.208597,-0.363582,0],[117.208871,-0.363237,0],[117.209073,-0.363034,0],[117.209144,-0.36288,0],[117.209192,-0.362594,0],[117.209168,-0.362225,0],[117.209013,-0.361833,0],[117.208906,-0.361547,0],[117.208906,-0.361238,0],[117.209025,-0.360857,0],[117.209216,-0.360476,0],[117.209275,-0.360084,0],[117.209216,-0.359703,0],[117.209114,-0.359175,0],[117.209114,-0.358975,0],[117.209327,-0.357847,0],[117.209284,-0.357319,0],[117.209137,-0.356859,0],[117.208701,-0.356445,0],[117.208187,-0.356096,0],[117.207531,-0.355774,0],[117.207009,-0.355674,0],[117.206383,-0.355561,0],[117.205819,-0.355433,0],[117.205316,-0.355408,0],[117.204516,-0.355465,0],[117.204281,-0.355497,0],[117.204189,-0.355626,0],[117.204029,-0.355936,0],[117.203838,-0.356245,0],[117.20363,-0.356447,0],[117.203464,-0.356536,0],[117.203214,-0.356548,0],[117.202768,-0.35653,0],[117.202107,-0.356513,0],[117.201852,-0.356548,0],[117.201691,-0.356602,0],[117.201512,-0.35659,0],[117.201358,-0.356542,0],[117.201025,-0.356501,0],[117.200644,-0.356566,0],[117.200325,-0.35657,0],[117.200129,-0.356558,0],[117.200004,-0.356516,0],[117.199855,-0.356451,0],[117.199736,-0.356424,0],[117.199447,-0.356415,0],[117.199334,-0.35635,0],[117.199274,-0.356267,0],[117.199191,-0.356112,0],[117.19906,-0.355993,0],[117.198888,-0.355957,0],[117.198626,-0.356082,0],[117.198465,-0.356201,0],[117.198358,-0.356231,0],[117.198269,-0.356219,0],[117.198138,-0.356017,0],[117.19793,-0.355755,0],[117.19768,-0.355612,0],[117.197287,-0.355553,0],[117.196716,-0.355576,0],[117.196121,-0.355505,0],[117.195488,-0.355218,0],[117.195328,-0.355092,0],[117.195198,-0.355002,0],[117.19503,-0.354895,0],[117.194878,-0.354832,0],[117.194695,-0.354751,0],[117.19455,-0.354688,0],[117.188185,-0.375688,0],[117.18799,-0.375785,0],[117.187783,-0.375857,0],[117.187634,-0.375828,0],[117.187362,-0.375828,0],[117.186996,-0.375923,0],[117.186736,-0.37617,0],[117.186593,-0.376388,0],[117.186507,-0.376569,0],[117.186421,-0.37695,0],[117.186326,-0.377369,0],[117.186212,-0.37793,0],[117.186174,-0.378378,0],[117.186088,-0.379244,0],[117.185981,-0.3797,0],[117.185991,-0.37988,0],[117.186048,-0.380004,0],[117.186003,-0.380191,0],[117.185918,-0.38042,0],[117.185775,-0.380896,0],[117.185803,-0.381181,0],[117.186003,-0.381505,0],[117.18607,-0.3818,0],[117.186003,-0.382143,0],[117.18588,-0.382285,0],[117.185508,-0.382176,0],[117.183894,-0.381526,0],[117.18239,-0.38105,0],[117.181352,-0.380746,0],[117.18002,-0.380527,0],[117.179791,-0.380546,0],[117.179739,-0.380763,0],[117.180453,-0.390578,0],[117.181145,-0.394912,0],[117.181169,-0.395116,0],[117.181185,-0.395192,0],[117.181207,-0.395226,0],[117.181302,-0.395209,0],[117.18134,-0.395209,0],[117.181536,-0.395102,0],[117.181668,-0.395091,0],[117.182435,-0.395131,0],[117.182546,-0.395173,0],[117.18288,-0.395295,0],[117.183077,-0.395403,0],[117.183276,-0.395542,0],[117.183441,-0.39561,0],[117.183665,-0.395638,0],[117.184144,-0.395652,0],[117.184383,-0.395681,0],[117.184697,-0.395837,0],[117.185008,-0.395955,0],[117.185193,-0.396069,0],[117.185286,-0.396205,0],[117.185354,-0.396426,0],[117.185418,-0.396744,0],[117.185436,-0.397026,0],[117.185398,-0.397324,0],[117.185307,-0.397881,0],[117.185145,-0.3985,0],[117.18505,-0.398957,0],[117.184968,-0.399696,0],[117.184973,-0.400696,0],[117.184994,-0.401324,0],[117.185044,-0.401858,0],[117.185118,-0.402423,0],[117.185169,-0.402732,0],[117.185178,-0.402968,0],[117.185169,-0.403185,0],[117.185079,-0.403402,0],[117.184922,-0.403593,0],[117.184761,-0.403795,0],[117.184643,-0.404023,0],[117.184568,-0.404301,0],[117.184169,-0.404305,0],[117.184004,-0.40433,0],[117.183901,-0.404426,0],[117.183797,-0.404598,0],[117.183719,-0.404815,0],[117.18368,-0.404997,0],[117.183713,-0.405271,0],[117.183609,-0.405256,0],[117.183514,-0.405232,0],[117.183266,-0.405052,0],[117.183138,-0.405028,0],[117.182928,-0.405004,0],[117.182795,-0.405004,0],[117.182719,-0.404952,0],[117.182557,-0.404747,0],[117.182476,-0.404633,0],[117.182362,-0.404509,0],[117.182186,-0.404395,0],[117.182072,-0.404276,0],[117.181834,-0.404071,0],[117.181672,-0.404014,0],[117.181529,-0.404014,0],[117.181472,-0.404076,0],[117.181377,-0.404157,0],[117.181305,-0.404181,0],[117.181244,-0.404176,0],[117.180976,-0.404133,0],[117.180769,-0.40414,0],[117.180598,-0.404154,0],[117.180369,-0.404211,0],[117.180141,-0.404318,0],[117.179819,-0.404482,0],[117.179733,-0.404586,0],[117.179676,-0.404601,0],[117.179381,-0.404463,0],[117.179305,-0.404429,0],[117.179229,-0.404463,0],[117.179019,-0.404729,0],[117.178953,-0.404762,0],[117.178705,-0.404662,0],[117.17862,-0.404667,0],[117.178515,-0.404741,0],[117.178408,-0.404848,0],[117.178187,-0.404955,0],[117.177834,-0.405059,0],[117.177802,-0.405085,0],[117.177734,-0.405118,0],[117.177642,-0.405182,0],[117.177581,-0.405245,0],[117.177522,-0.405327,0],[117.177409,-0.405655,0],[117.177366,-0.405884,0],[117.177302,-0.406055,0],[117.177231,-0.406219,0],[117.177238,-0.406362,0],[117.177273,-0.406569,0],[117.177252,-0.40684,0],[117.177173,-0.40704,0],[117.177116,-0.407326,0],[117.177116,-0.407533,0],[117.177109,-0.407754,0],[117.177002,-0.407911,0],[117.176794,-0.407957,0],[117.176658,-0.40785,0],[117.176443,-0.407713,0],[117.176289,-0.407654,0],[117.1762,-0.407683,0],[117.175849,-0.40788,0],[117.175254,-0.408058,0],[117.175057,-0.408231,0],[117.174974,-0.40832,0],[117.174861,-0.408528,0],[117.174808,-0.408724,0],[117.174653,-0.408831,0],[117.174558,-0.408938,0],[117.17432,-0.409182,0],[117.174213,-0.409278,0],[117.173975,-0.409337,0],[117.17385,-0.409367,0],[117.173529,-0.409319,0],[117.173294,-0.409341,0],[117.173121,-0.409436,0],[117.172996,-0.409489,0],[117.1728,-0.409537,0],[117.172526,-0.409543,0],[117.17236,-0.40962,0],[117.172151,-0.409864,0],[117.172017,-0.410054,0],[117.171993,-0.410167,0],[117.171975,-0.410399,0],[117.171963,-0.410572,0],[117.171892,-0.410703,0],[117.171749,-0.410739,0],[117.171636,-0.410739,0],[117.17144,-0.410786,0],[117.171333,-0.410929,0],[117.171327,-0.411107,0],[117.171202,-0.411387,0],[117.171077,-0.411708,0],[117.170922,-0.411976,0],[117.170887,-0.412083,0],[117.170917,-0.412232,0],[117.170988,-0.41244,0],[117.171045,-0.412561,0],[117.171103,-0.412718,0],[117.171074,-0.412954,0],[117.171017,-0.413211,0],[117.170974,-0.413425,0],[117.170974,-0.413639,0],[117.171031,-0.413882,0],[117.171053,-0.414039,0],[117.171124,-0.414189,0],[117.171245,-0.414403,0],[117.171295,-0.414524,0],[117.171559,-0.414712,0],[117.171702,-0.414891,0],[117.172016,-0.415191,0],[117.172151,-0.415426,0],[117.172237,-0.415605,0],[117.172308,-0.415919,0],[117.172444,-0.416347,0],[117.172515,-0.416632,0],[117.172537,-0.417004,0],[117.172537,-0.417225,0],[117.172729,-0.417711,0],[117.172801,-0.417878,0],[117.172836,-0.41808,0],[117.172824,-0.418199,0],[117.172676,-0.418532,0],[117.172664,-0.418699,0],[117.172717,-0.418859,0],[117.172818,-0.419091,0],[117.172812,-0.419293,0],[117.172801,-0.419656,0],[117.173006,-0.420001,0],[117.173191,-0.420364,0],[117.173197,-0.420513,0],[117.173078,-0.420888,0],[117.173102,-0.421221,0],[117.173264,-0.421793,0],[117.173292,-0.42199,0],[117.173267,-0.422104,0],[117.173157,-0.422404,0],[117.173037,-0.422717,0],[117.172965,-0.422931,0],[117.172739,-0.423526,0],[117.172728,-0.423597,0],[117.172743,-0.424127,0],[117.172746,-0.424219,0],[117.172722,-0.42432,0],[117.172674,-0.424397,0],[117.17257,-0.424496,0],[117.172247,-0.424853,0],[117.172152,-0.42499,0],[117.172111,-0.425204,0],[117.172051,-0.425591,0],[117.171974,-0.425995,0],[117.171781,-0.426541,0],[117.171767,-0.426869,0],[117.171667,-0.427147,0],[117.17141,-0.428018,0],[117.171089,-0.429159,0],[117.170957,-0.429538,0],[117.173059,-0.429192,0],[117.175903,-0.434424,0],[117.177912,-0.433073,0],[117.178761,-0.434222,0],[117.181625,-0.435516,0],[117.1828,-0.436918,0],[117.18364,-0.437979,0],[117.184006,-0.438716,0],[117.187162,-0.445765,0],[117.189132,-0.45149,0],[117.189275,-0.452532,0],[117.188961,-0.454103,0],[117.188632,-0.455073,0],[117.188775,-0.455459,0],[117.189427,-0.455924,0],[117.189984,-0.456408,0],[117.190196,-0.456343,0],[117.19046,-0.456357,0],[117.190803,-0.456472,0],[117.191281,-0.456871,0],[117.191683,-0.45762,0],[117.192748,-0.456858,0],[117.193113,-0.45661,0],[117.19323,-0.456531,0],[117.193702,-0.456211,0],[117.19409,-0.455955,0],[117.194125,-0.455899,0],[117.194172,-0.455744,0],[117.194399,-0.45553,0],[117.19469,-0.455191,0],[117.194815,-0.454935,0],[117.194892,-0.454876,0],[117.194981,-0.454888,0],[117.195178,-0.454911,0],[117.195338,-0.45484,0],[117.195434,-0.45484,0],[117.195731,-0.454911,0],[117.196115,-0.454937,0],[117.199792,-0.452995,0],[117.19989,-0.452866,0],[117.200034,-0.45272,0],[117.200139,-0.452602,0],[117.200383,-0.452369,0],[117.200579,-0.452131,0],[117.200721,-0.451903,0],[117.200878,-0.451674,0],[117.201035,-0.451408,0],[117.201135,-0.451265,0],[117.201235,-0.451179,0],[117.201535,-0.450908,0],[117.201721,-0.450723,0],[117.201821,-0.45058,0],[117.201878,-0.450455,0],[117.201914,-0.450316,0],[117.201982,-0.449763,0],[117.202129,-0.448935,0],[117.20221,-0.448454,0],[117.202277,-0.448216,0],[117.202353,-0.448045,0],[117.202482,-0.447821,0],[117.202799,-0.447231,0],[117.203025,-0.44669,0],[117.203407,-0.445832,0],[117.20355,-0.445575,0],[117.20365,-0.445471,0],[117.20354,-0.445064,0],[117.203454,-0.444731,0],[117.203369,-0.444493,0],[117.203321,-0.444064,0],[117.203311,-0.443383,0],[117.20334,-0.442917,0],[117.203316,-0.442803,0],[117.203031,-0.442356,0],[117.203021,-0.442298,0],[117.203109,-0.442237,0],[117.203139,-0.442005,0],[117.203187,-0.441933,0],[117.203651,-0.441618,0],[117.204168,-0.441279,0],[117.204513,-0.440964,0],[117.204828,-0.440595,0],[117.205075,-0.440046,0],[117.205207,-0.439384,0],[117.205331,-0.438994,0],[117.20555,-0.438099,0],[117.205858,-0.43735,0],[117.206203,-0.435434,0],[117.206203,-0.434471,0],[117.206548,-0.429795,0],[117.210585,-0.419631,0],[117.210946,-0.419208,0],[117.211839,-0.418615,0],[117.212368,-0.417956,0],[117.217513,-0.399407,0]]]]}},{"type":"Feature","properties":{"OBJECTID":45721,"KDPPUM":"64","NAMOBJ":"Kelurahan Loa Bakung","REMARK":null,"KDPBPS":null,"FCODE":"BA03070040","LUASWH":null,"UUPP":"Hasil Delineasi Batas Desa 2018","SRS_ID":"SRGI 2013","METADATA":"TASWIL1000020200326DATA_BATAS_DESA_KELURAHAN","KDEBPS":null,"KDEPUM":"64.72.06.1001","KDCBPS":null,"KDCPUM":"64.72.06","KDBBPS":null,"WADMKD":"Kelurahan Loa Bakung","WIADKD":null,"WADMKC":"Sungai Kunjang","WIADKC":null,"WADMKK":"Kota Samarinda","WIADKK":null,"WADMPR":"Kalimantan Timur","WIADPR":null,"TIPADM":2,"KDPKAB":"64.72","SHAPE_Leng":0.131106178611648,"SHAPE_Area":0.000961965379254,"visibility":false},"geometry":{"type":"MultiPolygon","coordinates":[[[[117.092426,-0.509095,0],[117.09069,-0.509323,0],[117.087916,-0.50899,0],[117.087627,-0.508996,0],[117.087266,-0.508984,0],[117.087066,-0.509044,0],[117.086918,-0.509199,0],[117.086611,-0.509407,0],[117.086327,-0.509539,0],[117.086114,-0.509551,0],[117.084973,-0.509439,0],[117.084601,-0.50936,0],[117.083977,-0.509099,0],[117.083955,-0.509367,0],[117.083927,-0.509503,0],[117.083835,-0.509575,0],[117.08358,-0.509553,0],[117.083239,-0.509561,0],[117.081551,-0.509391,0],[117.080821,-0.509529,0],[117.080389,-0.509601,0],[117.079857,-0.509701,0],[117.079594,-0.509702,0],[117.078991,-0.509602,0],[117.07556,-0.510748,0],[117.074213,-0.511463,0],[117.071719,-0.514436,0],[117.070677,-0.515365,0],[117.070146,-0.51608,0],[117.069976,-0.51633,0],[117.069976,-0.516751,0],[117.069856,-0.517109,0],[117.069685,-0.517681,0],[117.06965,-0.518544,0],[117.069567,-0.518723,0],[117.069184,-0.519175,0],[117.068203,-0.520793,0],[117.067724,-0.52186,0],[117.066579,-0.524132,0],[117.066214,-0.525156,0],[117.060165,-0.526322,0],[117.061432,-0.529323,0],[117.065383,-0.531825,0],[117.072867,-0.537131,0],[117.083256,-0.544558,0],[117.086123,-0.545792,0],[117.087362,-0.54347,0],[117.088388,-0.541612,0],[117.090124,-0.539718,0],[117.091577,-0.538467,0],[117.095032,-0.537148,0],[117.095375,-0.537031,0],[117.095474,-0.537021,0],[117.095764,-0.536958,0],[117.095894,-0.536931,0],[117.096153,-0.53685,0],[117.096329,-0.536823,0],[117.096588,-0.536759,0],[117.096687,-0.536759,0],[117.096939,-0.536732,0],[117.097206,-0.536687,0],[117.097328,-0.536687,0],[117.097549,-0.536659,0],[117.09771,-0.536641,0],[117.097969,-0.536605,0],[117.098091,-0.536569,0],[117.098549,-0.536569,0],[117.09877,-0.53655,0],[117.098923,-0.53655,0],[117.099007,-0.536523,0],[117.099136,-0.536523,0],[117.09935,-0.536487,0],[117.099556,-0.536478,0],[117.099902,-0.536477,0],[117.100357,-0.536477,0],[117.100586,-0.536513,0],[117.100731,-0.536512,0],[117.100861,-0.536539,0],[117.101387,-0.536539,0],[117.101624,-0.536511,0],[117.10186,-0.536511,0],[117.102036,-0.536493,0],[117.102142,-0.536493,0],[117.102272,-0.536457,0],[117.10247,-0.536457,0],[117.102821,-0.536429,0],[117.103516,-0.536438,0],[117.103729,-0.536401,0],[117.103867,-0.536401,0],[117.104057,-0.536374,0],[117.104202,-0.536374,0],[117.104393,-0.536356,0],[117.104594,-0.532991,0],[117.104575,-0.532401,0],[117.104492,-0.532039,0],[117.104025,-0.531206,0],[117.103646,-0.530776,0],[117.103017,-0.530187,0],[117.10109,-0.527786,0],[117.101089,-0.527079,0],[117.099916,-0.520876,0],[117.099873,-0.520704,0],[117.099809,-0.52039,0],[117.09978,-0.520119,0],[117.099808,-0.519648,0],[117.099822,-0.519298,0],[117.099811,-0.518035,0],[117.09986,-0.517756,0],[117.100009,-0.517363,0],[117.100044,-0.51722,0],[117.099994,-0.517085,0],[117.099852,-0.516842,0],[117.099632,-0.516592,0],[117.09949,-0.516357,0],[117.099362,-0.516093,0],[117.099234,-0.5159,0],[117.098979,-0.515751,0],[117.096915,-0.514939,0],[117.096684,-0.514886,0],[117.096401,-0.514821,0],[117.096395,-0.514702,0],[117.096434,-0.514482,0],[117.09641,-0.514367,0],[117.096329,-0.51431,0],[117.095506,-0.513945,0],[117.09491,-0.513707,0],[117.09476,-0.513679,0],[117.094505,-0.513665,0],[117.09423,-0.51367,0],[117.093876,-0.513666,0],[117.093578,-0.513647,0],[117.093327,-0.513595,0],[117.093106,-0.513522,0],[117.092481,-0.51333,0],[117.092318,-0.51328,0],[117.092376,-0.510524,0],[117.092426,-0.509095,0]]]]}},{"type":"Feature","properties":{"OBJECTID":45722,"KDPPUM":"64","NAMOBJ":"Kelurahan Loa Buah","REMARK":null,"KDPBPS":null,"FCODE":"BA03070040","LUASWH":null,"UUPP":"Hasil Delineasi Batas Desa 2018","SRS_ID":"SRGI 2013","METADATA":"TASWIL1000020200326DATA_BATAS_DESA_KELURAHAN","KDEBPS":null,"KDEPUM":"64.72.06.1002","KDCBPS":null,"KDCPUM":"64.72.06","KDBBPS":null,"WADMKD":"Kelurahan Loa Buah","WIADKD":null,"WADMKC":"Sungai Kunjang","WIADKC":null,"WADMKK":"Kota Samarinda","WIADKK":null,"WADMPR":"Kalimantan Timur","WIADPR":null,"TIPADM":2,"KDPKAB":"64.72","SHAPE_Leng":0.166518300177501,"SHAPE_Area":0.001387167359963,"visibility":false},"geometry":{"type":"MultiPolygon","coordinates":[[[[117.086123,-0.545792,0],[117.083256,-0.544558,0],[117.072867,-0.537131,0],[117.065383,-0.531825,0],[117.061432,-0.529323,0],[117.060165,-0.526322,0],[117.059325,-0.527218,0],[117.058902,-0.527671,0],[117.05858,-0.528014,0],[117.055549,-0.53141,0],[117.055252,-0.531748,0],[117.054781,-0.532283,0],[117.053961,-0.533215,0],[117.052257,-0.535049,0],[117.052098,-0.53522,0],[117.051145,-0.536258,0],[117.051032,-0.536412,0],[117.050884,-0.536614,0],[117.050679,-0.536914,0],[117.050535,-0.537366,0],[117.050385,-0.537836,0],[117.050362,-0.537907,0],[117.049095,-0.540418,0],[117.048666,-0.541403,0],[117.047956,-0.543035,0],[117.047844,-0.543297,0],[117.047826,-0.543653,0],[117.047826,-0.543916,0],[117.047863,-0.544234,0],[117.048087,-0.544853,0],[117.048453,-0.546124,0],[117.050085,-0.551778,0],[117.050817,-0.554419,0],[117.050868,-0.554601,0],[117.051112,-0.555482,0],[117.051373,-0.5558,0],[117.052376,-0.556749,0],[117.05264,-0.557,0],[117.0527,-0.557055,0],[117.053244,-0.557557,0],[117.05535,-0.559503,0],[117.055489,-0.559631,0],[117.055981,-0.560085,0],[117.056446,-0.560514,0],[117.056474,-0.560542,0],[117.056544,-0.56061,0],[117.057018,-0.561073,0],[117.057335,-0.561383,0],[117.058485,-0.562507,0],[117.059092,-0.5631,0],[117.059744,-0.563737,0],[117.060797,-0.564784,0],[117.062408,-0.566386,0],[117.062732,-0.566708,0],[117.063058,-0.567038,0],[117.063701,-0.567687,0],[117.065849,-0.569857,0],[117.066447,-0.571479,0],[117.066521,-0.571678,0],[117.066867,-0.572563,0],[117.066869,-0.572569,0],[117.067122,-0.573301,0],[117.067185,-0.573747,0],[117.06728,-0.574543,0],[117.06728,-0.575211,0],[117.06728,-0.575416,0],[117.06728,-0.575912,0],[117.067185,-0.576803,0],[117.066885,-0.57799,0],[117.066455,-0.579685,0],[117.066416,-0.579782,0],[117.066306,-0.580054,0],[117.066107,-0.580544,0],[117.066099,-0.580573,0],[117.065939,-0.581157,0],[117.065922,-0.58122,0],[117.065759,-0.581818,0],[117.065742,-0.581872,0],[117.065562,-0.582453,0],[117.065482,-0.582711,0],[117.065148,-0.583789,0],[117.064999,-0.584269,0],[117.064934,-0.5844,0],[117.064772,-0.584723,0],[117.064753,-0.584761,0],[117.064611,-0.585045,0],[117.064274,-0.585444,0],[117.063531,-0.586325,0],[117.065264,-0.588364,0],[117.066049,-0.589287,0],[117.066741,-0.589943,0],[117.068673,-0.591773,0],[117.069871,-0.592055,0],[117.071477,-0.591953,0],[117.073184,-0.591235,0],[117.076191,-0.589338,0],[117.078026,-0.587595,0],[117.0793,-0.585365,0],[117.079611,-0.584531,0],[117.082717,-0.576198,0],[117.083462,-0.574621,0],[117.083873,-0.571467,0],[117.083999,-0.567644,0],[117.083931,-0.566704,0],[117.083654,-0.562903,0],[117.083649,-0.558333,0],[117.083873,-0.555305,0],[117.084324,-0.55222,0],[117.084992,-0.549399,0],[117.086123,-0.545792,0]]]]}},{"type":"Feature","properties":{"OBJECTID":45726,"KDPPUM":"64","NAMOBJ":"Kelurahan Lok Bahu","REMARK":null,"KDPBPS":null,"FCODE":"BA03070040","LUASWH":null,"UUPP":"Hasil Delineasi Batas Desa 2018","SRS_ID":"SRGI 2013","METADATA":"TASWIL1000020200326DATA_BATAS_DESA_KELURAHAN","KDEBPS":null,"KDEPUM":"64.72.06.1004","KDCBPS":null,"KDCPUM":"64.72.06","KDBBPS":null,"WADMKD":"Kelurahan Lok Bahu","WIADKD":null,"WADMKC":"Sungai Kunjang","WIADKC":null,"WADMKK":"Kota Samarinda","WIADKK":null,"WADMPR":"Kalimantan Timur","WIADPR":null,"TIPADM":2,"KDPKAB":"64.72","SHAPE_Leng":0.281451142385621,"SHAPE_Area":0.002842688444005,"visibility":false},"geometry":{"type":"MultiPolygon","coordinates":[[[[117.1014,-0.476257,0],[117.099586,-0.474196,0],[117.068497,-0.441106,0],[117.068535,-0.44089,0],[117.068596,-0.440458,0],[117.068703,-0.440026,0],[117.06881,-0.439604,0],[117.068916,-0.439172,0],[117.069023,-0.438749,0],[117.06913,-0.438317,0],[117.069244,-0.437894,0],[117.069366,-0.437471,0],[117.069496,-0.437057,0],[117.069649,-0.436643,0],[117.069801,-0.436229,0],[117.069962,-0.435824,0],[117.070152,-0.435428,0],[117.070358,-0.435041,0],[117.070572,-0.434654,0],[117.070801,-0.434285,0],[117.07103,-0.433907,0],[117.071266,-0.433529,0],[117.071495,-0.43316,0],[117.071716,-0.432782,0],[117.071803,-0.43265,0],[117.07191,-0.432488,0],[117.068664,-0.433403,0],[117.068461,-0.433739,0],[117.068182,-0.434384,0],[117.067837,-0.435094,0],[117.067583,-0.43556,0],[117.067178,-0.436304,0],[117.067104,-0.436421,0],[117.066951,-0.436663,0],[117.066724,-0.437169,0],[117.065934,-0.438488,0],[117.065878,-0.43858,0],[117.065651,-0.439102,0],[117.065424,-0.439608,0],[117.065348,-0.439783,0],[117.065116,-0.440309,0],[117.064972,-0.440664,0],[117.064684,-0.441374,0],[117.064646,-0.441467,0],[117.064419,-0.441972,0],[117.063801,-0.443431,0],[117.063558,-0.444034,0],[117.063396,-0.444475,0],[117.063234,-0.444817,0],[117.063184,-0.444928,0],[117.063088,-0.445143,0],[117.063007,-0.44536,0],[117.062893,-0.445665,0],[117.0626,-0.446472,0],[117.062438,-0.446912,0],[117.062261,-0.447313,0],[117.062243,-0.447353,0],[117.062186,-0.447571,0],[117.062114,-0.447842,0],[117.062016,-0.448939,0],[117.062,-0.449428,0],[117.062,-0.449885,0],[117.062,-0.450227,0],[117.062,-0.450651,0],[117.062065,-0.451042,0],[117.062254,-0.451466,0],[117.062396,-0.451784,0],[117.062487,-0.451988,0],[117.062888,-0.452691,0],[117.063027,-0.452933,0],[117.063,-0.452961,0],[117.062722,-0.453259,0],[117.062316,-0.453566,0],[117.061768,-0.453913,0],[117.061078,-0.454443,0],[117.060428,-0.454831,0],[117.060205,-0.455097,0],[117.060062,-0.455362,0],[117.060033,-0.455654,0],[117.060022,-0.455771,0],[117.060062,-0.456342,0],[117.060083,-0.457037,0],[117.06006,-0.458274,0],[117.059857,-0.458907,0],[117.059674,-0.459662,0],[117.059451,-0.460295,0],[117.059248,-0.460744,0],[117.059085,-0.461152,0],[117.058984,-0.46152,0],[117.058982,-0.461553,0],[117.058963,-0.461928,0],[117.059146,-0.462561,0],[117.059197,-0.462701,0],[117.059309,-0.46301,0],[117.059372,-0.463196,0],[117.059512,-0.463604,0],[117.05986,-0.464617,0],[117.059861,-0.464619,0],[117.060286,-0.465597,0],[117.060925,-0.467121,0],[117.060997,-0.467292,0],[117.061464,-0.468211,0],[117.061602,-0.468615,0],[117.06165,-0.468756,0],[117.061687,-0.468864,0],[117.061992,-0.469558,0],[117.061947,-0.470584,0],[117.06194,-0.47073,0],[117.06194,-0.471084,0],[117.061944,-0.471219,0],[117.061954,-0.471589,0],[117.062076,-0.471903,0],[117.062211,-0.472243,0],[117.062239,-0.472313,0],[117.062388,-0.472626,0],[117.062689,-0.473643,0],[117.062804,-0.47403,0],[117.062863,-0.474229,0],[117.063013,-0.475103,0],[117.06308,-0.475526,0],[117.063084,-0.475551,0],[117.063121,-0.475839,0],[117.063148,-0.47614,0],[117.063162,-0.476426,0],[117.063162,-0.476658,0],[117.063094,-0.476863,0],[117.062945,-0.477177,0],[117.062864,-0.477288,0],[117.062737,-0.477465,0],[117.062279,-0.478099,0],[117.062089,-0.478427,0],[117.061858,-0.478836,0],[117.061587,-0.479218,0],[117.061302,-0.479478,0],[117.060976,-0.479833,0],[117.0608,-0.480119,0],[117.060542,-0.480488,0],[117.060411,-0.480672,0],[117.059957,-0.481314,0],[117.059889,-0.481669,0],[117.059889,-0.482105,0],[117.059919,-0.48242,0],[117.059962,-0.48287,0],[117.060028,-0.483558,0],[117.060079,-0.484098,0],[117.060079,-0.484685,0],[117.060093,-0.485203,0],[117.060119,-0.485883,0],[117.060133,-0.486248,0],[117.060187,-0.486712,0],[117.060228,-0.487231,0],[117.06024,-0.487392,0],[117.060248,-0.48749,0],[117.060268,-0.487763,0],[117.060268,-0.488172,0],[117.060323,-0.488732,0],[117.060228,-0.489032,0],[117.060182,-0.489118,0],[117.060051,-0.48936,0],[117.05996,-0.489537,0],[117.059848,-0.489755,0],[117.05944,-0.490664,0],[117.059263,-0.491101,0],[117.059128,-0.491483,0],[117.058965,-0.491838,0],[117.058756,-0.49237,0],[117.058734,-0.492424,0],[117.058354,-0.492947,0],[117.058123,-0.493371,0],[117.057943,-0.493693,0],[117.057933,-0.493712,0],[117.057756,-0.494012,0],[117.057553,-0.494394,0],[117.057479,-0.494507,0],[117.057295,-0.49479,0],[117.056777,-0.495766,0],[117.056615,-0.496027,0],[117.056574,-0.496094,0],[117.056411,-0.496312,0],[117.05618,-0.49664,0],[117.056054,-0.496754,0],[117.055922,-0.496872,0],[117.055013,-0.497417,0],[117.054783,-0.497622,0],[117.05477,-0.497644,0],[117.054593,-0.49795,0],[117.05443,-0.49825,0],[117.054396,-0.498304,0],[117.054199,-0.498618,0],[117.054153,-0.49871,0],[117.053666,-0.499682,0],[117.053546,-0.499923,0],[117.053398,-0.5003,0],[117.053369,-0.500373,0],[117.05333,-0.500452,0],[117.053193,-0.500728,0],[117.052989,-0.501206,0],[117.052882,-0.501426,0],[117.052704,-0.501793,0],[117.052369,-0.50259,0],[117.052107,-0.503212,0],[117.051733,-0.503994,0],[117.051685,-0.504095,0],[117.051362,-0.50481,0],[117.051093,-0.505405,0],[117.050965,-0.50569,0],[117.050728,-0.506215,0],[117.050409,-0.50692,0],[117.049988,-0.507859,0],[117.049976,-0.507885,0],[117.04977,-0.508345,0],[117.048969,-0.510147,0],[117.048895,-0.510301,0],[117.048563,-0.510986,0],[117.048439,-0.511244,0],[117.048345,-0.511414,0],[117.047733,-0.512527,0],[117.047619,-0.512756,0],[117.04757,-0.512854,0],[117.047435,-0.513072,0],[117.04738,-0.513291,0],[117.04738,-0.513454,0],[117.047475,-0.513591,0],[117.047523,-0.513643,0],[117.047611,-0.513741,0],[117.047764,-0.51382,0],[117.048154,-0.514021,0],[117.048301,-0.514096,0],[117.048631,-0.514266,0],[117.048972,-0.514442,0],[117.04919,-0.514554,0],[117.049662,-0.514774,0],[117.052007,-0.515867,0],[117.052175,-0.515946,0],[117.054048,-0.516951,0],[117.054477,-0.517182,0],[117.054607,-0.518161,0],[117.054657,-0.518542,0],[117.054738,-0.519257,0],[117.054962,-0.520114,0],[117.055185,-0.520768,0],[117.055289,-0.520913,0],[117.055465,-0.521157,0],[117.055713,-0.521503,0],[117.055771,-0.521544,0],[117.056261,-0.521891,0],[117.056355,-0.521948,0],[117.056931,-0.522299,0],[117.0584,-0.523052,0],[117.058783,-0.523382,0],[117.058826,-0.52342,0],[117.059151,-0.523807,0],[117.059331,-0.524096,0],[117.059456,-0.524297,0],[117.05972,-0.524828,0],[117.059984,-0.525849,0],[117.060165,-0.526322,0],[117.066214,-0.525156,0],[117.066579,-0.524132,0],[117.067724,-0.52186,0],[117.068203,-0.520793,0],[117.069184,-0.519175,0],[117.069567,-0.518723,0],[117.06965,-0.518544,0],[117.069685,-0.517681,0],[117.069856,-0.517109,0],[117.069976,-0.516751,0],[117.069976,-0.51633,0],[117.070146,-0.51608,0],[117.070677,-0.515365,0],[117.071719,-0.514436,0],[117.074213,-0.511463,0],[117.07556,-0.510748,0],[117.078991,-0.509602,0],[117.079594,-0.509702,0],[117.079857,-0.509701,0],[117.080389,-0.509601,0],[117.080821,-0.509529,0],[117.081551,-0.509391,0],[117.083239,-0.509561,0],[117.08358,-0.509553,0],[117.083835,-0.509575,0],[117.083927,-0.509503,0],[117.083955,-0.509367,0],[117.083977,-0.509099,0],[117.084601,-0.50936,0],[117.084973,-0.509439,0],[117.086114,-0.509551,0],[117.086327,-0.509539,0],[117.086611,-0.509407,0],[117.086918,-0.509199,0],[117.087066,-0.509044,0],[117.087266,-0.508984,0],[117.087627,-0.508996,0],[117.087916,-0.50899,0],[117.09069,-0.509323,0],[117.092426,-0.509095,0],[117.092705,-0.509152,0],[117.093159,-0.509271,0],[117.093594,-0.509347,0],[117.093859,-0.509356,0],[117.094129,-0.509327,0],[117.094379,-0.509246,0],[117.094648,-0.509069,0],[117.094757,-0.508957,0],[117.095117,-0.508588,0],[117.095649,-0.508058,0],[117.095938,-0.507796,0],[117.09614,-0.507709,0],[117.096579,-0.507537,0],[117.09699,-0.507365,0],[117.097324,-0.507165,0],[117.097565,-0.507022,0],[117.097805,-0.506672,0],[117.09806,-0.506136,0],[117.098166,-0.505867,0],[117.098298,-0.505591,0],[117.098449,-0.505371,0],[117.098653,-0.505148,0],[117.098912,-0.504914,0],[117.099262,-0.5046,0],[117.099621,-0.50428,0],[117.100042,-0.503928,0],[117.100544,-0.503644,0],[117.100369,-0.502955,0],[117.100262,-0.50247,0],[117.10027,-0.501215,0],[117.100279,-0.499942,0],[117.101271,-0.499886,0],[117.101452,-0.499868,0],[117.101543,-0.499815,0],[117.101735,-0.499667,0],[117.101708,-0.499611,0],[117.101689,-0.499591,0],[117.10166,-0.499577,0],[117.101642,-0.499552,0],[117.101628,-0.499524,0],[117.101625,-0.499496,0],[117.101629,-0.499468,0],[117.101643,-0.499444,0],[117.101668,-0.499417,0],[117.101699,-0.499399,0],[117.101743,-0.499386,0],[117.101833,-0.499379,0],[117.101993,-0.499338,0],[117.102217,-0.499252,0],[117.102686,-0.499033,0],[117.102952,-0.49904,0],[117.103409,-0.499029,0],[117.103753,-0.498989,0],[117.104011,-0.498929,0],[117.104367,-0.498829,0],[117.104548,-0.498747,0],[117.104785,-0.498667,0],[117.104986,-0.499145,0],[117.105396,-0.499226,0],[117.105664,-0.49932,0],[117.105742,-0.499373,0],[117.10582,-0.499489,0],[117.105825,-0.499573,0],[117.105811,-0.499644,0],[117.105759,-0.499739,0],[117.105714,-0.499917,0],[117.106277,-0.500001,0],[117.106294,-0.500204,0],[117.106329,-0.500553,0],[117.106347,-0.500766,0],[117.106328,-0.500922,0],[117.106643,-0.50117,0],[117.106564,-0.501471,0],[117.106643,-0.501558,0],[117.106729,-0.501718,0],[117.106797,-0.501897,0],[117.106831,-0.501993,0],[117.106861,-0.502022,0],[117.106947,-0.502033,0],[117.107162,-0.502042,0],[117.107303,-0.50206,0],[117.107495,-0.502114,0],[117.107641,-0.502161,0],[117.107841,-0.502244,0],[117.107909,-0.502274,0],[117.107951,-0.502289,0],[117.108035,-0.502302,0],[117.108135,-0.502303,0],[117.108226,-0.502306,0],[117.108278,-0.502509,0],[117.108302,-0.502746,0],[117.108328,-0.502934,0],[117.108304,-0.503149,0],[117.108364,-0.503286,0],[117.108523,-0.503439,0],[117.108573,-0.503509,0],[117.108599,-0.50358,0],[117.108602,-0.503676,0],[117.108595,-0.503764,0],[117.108585,-0.503837,0],[117.108547,-0.503989,0],[117.108506,-0.504126,0],[117.108569,-0.504172,0],[117.109984,-0.505049,0],[117.110526,-0.504134,0],[117.11088,-0.503348,0],[117.111144,-0.502748,0],[117.111359,-0.502231,0],[117.111566,-0.501774,0],[117.11175,-0.501312,0],[117.11199,-0.500904,0],[117.112189,-0.500551,0],[117.112434,-0.500175,0],[117.112576,-0.499842,0],[117.112764,-0.499499,0],[117.112961,-0.49913,0],[117.113096,-0.498951,0],[117.113266,-0.498683,0],[117.113368,-0.498462,0],[117.113637,-0.497876,0],[117.113771,-0.497547,0],[117.113863,-0.497308,0],[117.113927,-0.497147,0],[117.11405,-0.496992,0],[117.114146,-0.496885,0],[117.11427,-0.496727,0],[117.11433,-0.496552,0],[117.11433,-0.49637,0],[117.114298,-0.496181,0],[117.114138,-0.495707,0],[117.114113,-0.495492,0],[117.114167,-0.495252,0],[117.1142,-0.495081,0],[117.11428,-0.494723,0],[117.114388,-0.494338,0],[117.114504,-0.494036,0],[117.114589,-0.493903,0],[117.114711,-0.493772,0],[117.114815,-0.493698,0],[117.11496,-0.493698,0],[117.11509,-0.493707,0],[117.115191,-0.493748,0],[117.115305,-0.4938,0],[117.115527,-0.493942,0],[117.115795,-0.494071,0],[117.115939,-0.494133,0],[117.116019,-0.494168,0],[117.116281,-0.494211,0],[117.116493,-0.494173,0],[117.116682,-0.494082,0],[117.116892,-0.493819,0],[117.117108,-0.493563,0],[117.117299,-0.493355,0],[117.117882,-0.492829,0],[117.118142,-0.492653,0],[117.118596,-0.492353,0],[117.118927,-0.492119,0],[117.118367,-0.491684,0],[117.109268,-0.481699,0],[117.102837,-0.477891,0],[117.10207,-0.477019,0],[117.1014,-0.476257,0]]]]}},{"type":"Feature","properties":{"OBJECTID":45730,"KDPPUM":"64","NAMOBJ":"Kelurahan Makroman","REMARK":null,"KDPBPS":null,"FCODE":"BA03070040","LUASWH":null,"UUPP":"Hasil Delineasi Batas Desa 2018","SRS_ID":"SRGI 2013","METADATA":"TASWIL1000020200326DATA_BATAS_DESA_KELURAHAN","KDEBPS":null,"KDEPUM":"64.72.07.1003","KDCBPS":null,"KDCPUM":"64.72.07","KDBBPS":null,"WADMKD":"Kelurahan Makroman","WIADKD":null,"WADMKC":"Sambutan","WIADKC":null,"WADMKK":"Kota Samarinda","WIADKK":null,"WADMPR":"Kalimantan Timur","WIADPR":null,"TIPADM":2,"KDPKAB":"64.72","SHAPE_Leng":0.23946635637734,"SHAPE_Area":0.002038541260504,"visibility":false},"geometry":{"type":"MultiPolygon","coordinates":[[[[117.267309,-0.500867,0],[117.259182,-0.5008,0],[117.259067,-0.500779,0],[117.258903,-0.500786,0],[117.258682,-0.500814,0],[117.258189,-0.500879,0],[117.257832,-0.500893,0],[117.257461,-0.500857,0],[117.257161,-0.500793,0],[117.256833,-0.500672,0],[117.256376,-0.500443,0],[117.255431,-0.49991,0],[117.254969,-0.499686,0],[117.254365,-0.499448,0],[117.253989,-0.499324,0],[117.253584,-0.499277,0],[117.253108,-0.499305,0],[117.252618,-0.499267,0],[117.252218,-0.499167,0],[117.251952,-0.499096,0],[117.251666,-0.499039,0],[117.251219,-0.499039,0],[117.24981,-0.499001,0],[117.249184,-0.498982,0],[117.248943,-0.498965,0],[117.24793,-0.498901,0],[117.247482,-0.498855,0],[117.247153,-0.498822,0],[117.246525,-0.498764,0],[117.246133,-0.498743,0],[117.246043,-0.498723,0],[117.245662,-0.498642,0],[117.245434,-0.49857,0],[117.245213,-0.498534,0],[117.244892,-0.49857,0],[117.244371,-0.498592,0],[117.243971,-0.498606,0],[117.243938,-0.498602,0],[117.243767,-0.498583,0],[117.243472,-0.498549,0],[117.243115,-0.498441,0],[117.242833,-0.498287,0],[117.242787,-0.498262,0],[117.242559,-0.498254,0],[117.242145,-0.498355,0],[117.241724,-0.498556,0],[117.240488,-0.499106,0],[117.240383,-0.499152,0],[117.240269,-0.499197,0],[117.240224,-0.499215,0],[117.239891,-0.499346,0],[117.239679,-0.499443,0],[117.239499,-0.499526,0],[117.239106,-0.499705,0],[117.238864,-0.499813,0],[117.238793,-0.499867,0],[117.238688,-0.499867,0],[117.238507,-0.499843,0],[117.238388,-0.49981,0],[117.23824,-0.499744,0],[117.237674,-0.499521,0],[117.237022,-0.499121,0],[117.236617,-0.49894,0],[117.236451,-0.498888,0],[117.236237,-0.498759,0],[117.235808,-0.498412,0],[117.235451,-0.497998,0],[117.235366,-0.497869,0],[117.235332,-0.497803,0],[117.235332,-0.497717,0],[117.235347,-0.497612,0],[117.235399,-0.497498,0],[117.235471,-0.49736,0],[117.235504,-0.497165,0],[117.235518,-0.497022,0],[117.235494,-0.496965,0],[117.23538,-0.496875,0],[117.235275,-0.496803,0],[117.235142,-0.496737,0],[117.234866,-0.496665,0],[117.234286,-0.49648,0],[117.234033,-0.496394,0],[117.2337,-0.496332,0],[117.233296,-0.496342,0],[117.23311,-0.496361,0],[117.232748,-0.496461,0],[117.232296,-0.496657,0],[117.232286,-0.496734,0],[117.232234,-0.496815,0],[117.232144,-0.496981,0],[117.23123,-0.498275,0],[117.231015,-0.49887,0],[117.230587,-0.499631,0],[117.230116,-0.500741,0],[117.229985,-0.501235,0],[117.229884,-0.50183,0],[117.229824,-0.502115,0],[117.229806,-0.502264,0],[117.229794,-0.502418,0],[117.229836,-0.502579,0],[117.229866,-0.502746,0],[117.230134,-0.503525,0],[117.230264,-0.503912,0],[117.230336,-0.504221,0],[117.230395,-0.504554,0],[117.230395,-0.504774,0],[117.230342,-0.505173,0],[117.230098,-0.506321,0],[117.230062,-0.506443,0],[117.229618,-0.506987,0],[117.228984,-0.507763,0],[117.228476,-0.508385,0],[117.228383,-0.5085,0],[117.227162,-0.509995,0],[117.225274,-0.512307,0],[117.224869,-0.512803,0],[117.223694,-0.513002,0],[117.222916,-0.51348,0],[117.222153,-0.513975,0],[117.221893,-0.51447,0],[117.222115,-0.51527,0],[117.222443,-0.516205,0],[117.222763,-0.51706,0],[117.222819,-0.51736,0],[117.222969,-0.518175,0],[117.222415,-0.519674,0],[117.222299,-0.520023,0],[117.222144,-0.520499,0],[117.222049,-0.520892,0],[117.221966,-0.521094,0],[117.221787,-0.521273,0],[117.221704,-0.52151,0],[117.22168,-0.521725,0],[117.221633,-0.521927,0],[117.221549,-0.522105,0],[117.221502,-0.522236,0],[117.221454,-0.522498,0],[117.221335,-0.524711,0],[117.221311,-0.524842,0],[117.221216,-0.52502,0],[117.221061,-0.525151,0],[117.220895,-0.525258,0],[117.220716,-0.525401,0],[117.22055,-0.525556,0],[117.220467,-0.525675,0],[117.220395,-0.525805,0],[117.220354,-0.525904,0],[117.220306,-0.526065,0],[117.220276,-0.526166,0],[117.220238,-0.5263,0],[117.220855,-0.538124,0],[117.220977,-0.538216,0],[117.221219,-0.538331,0],[117.221426,-0.538452,0],[117.221641,-0.538516,0],[117.221712,-0.538716,0],[117.221683,-0.538837,0],[117.221633,-0.539009,0],[117.221534,-0.539159,0],[117.221448,-0.539287,0],[117.221327,-0.539401,0],[117.221234,-0.539508,0],[117.221141,-0.539623,0],[117.221155,-0.539701,0],[117.221168,-0.539762,0],[117.221054,-0.539883,0],[117.221004,-0.53999,0],[117.220979,-0.540108,0],[117.220979,-0.540201,0],[117.220979,-0.540375,0],[117.221001,-0.540483,0],[117.221061,-0.540629,0],[117.22114,-0.540743,0],[117.221257,-0.540872,0],[117.221082,-0.554883,0],[117.220173,-0.554849,0],[117.218808,-0.554768,0],[117.218617,-0.557195,0],[117.218598,-0.557815,0],[117.219096,-0.557864,0],[117.219087,-0.558049,0],[117.219101,-0.55833,0],[117.220048,-0.558244,0],[117.219996,-0.559534,0],[117.219944,-0.560857,0],[117.219925,-0.56159,0],[117.221547,-0.561671,0],[117.222256,-0.561709,0],[117.223121,-0.561754,0],[117.223597,-0.561769,0],[117.224151,-0.561794,0],[117.224676,-0.561815,0],[117.225702,-0.561864,0],[117.226604,-0.561901,0],[117.227379,-0.561935,0],[117.228409,-0.561983,0],[117.228672,-0.554233,0],[117.234845,-0.55448,0],[117.242424,-0.554515,0],[117.24244,-0.553394,0],[117.244382,-0.553432,0],[117.244442,-0.55185,0],[117.246607,-0.551012,0],[117.247723,-0.550797,0],[117.249546,-0.550797,0],[117.252238,-0.545726,0],[117.252243,-0.54563,0],[117.252539,-0.537047,0],[117.255263,-0.537225,0],[117.25725,-0.537321,0],[117.260213,-0.537487,0],[117.26214,-0.537594,0],[117.262809,-0.537631,0],[117.263772,-0.537685,0],[117.263734,-0.537011,0],[117.263714,-0.536144,0],[117.263625,-0.532334,0],[117.26364,-0.531812,0],[117.263735,-0.531416,0],[117.263876,-0.531163,0],[117.264034,-0.530989,0],[117.264238,-0.530878,0],[117.264411,-0.530831,0],[117.264679,-0.530831,0],[117.265292,-0.530894,0],[117.265639,-0.530957,0],[117.265985,-0.530957,0],[117.266148,-0.530903,0],[117.266268,-0.530863,0],[117.266425,-0.530673,0],[117.266432,-0.530656,0],[117.26652,-0.530451,0],[117.266567,-0.53015,0],[117.266567,-0.529755,0],[117.26649,-0.529005,0],[117.266423,-0.528635,0],[117.266356,-0.52841,0],[117.26621,-0.528241,0],[117.265987,-0.528051,0],[117.265752,-0.527882,0],[117.26562,-0.527804,0],[117.265507,-0.527736,0],[117.265489,-0.527721,0],[117.265283,-0.527545,0],[117.263628,-0.526673,0],[117.263407,-0.526557,0],[117.263083,-0.52649,0],[117.262826,-0.526456,0],[117.262648,-0.526456,0],[117.262525,-0.526512,0],[117.26238,-0.526624,0],[117.26229,-0.526681,0],[117.262201,-0.526737,0],[117.262011,-0.526871,0],[117.261839,-0.52699,0],[117.261832,-0.526995,0],[117.261687,-0.527085,0],[117.261638,-0.527126,0],[117.261553,-0.527197,0],[117.261408,-0.527208,0],[117.261263,-0.527208,0],[117.260493,-0.527109,0],[117.259645,-0.52703,0],[117.259252,-0.526969,0],[117.259204,-0.526961,0],[117.258864,-0.526893,0],[117.258633,-0.526798,0],[117.258615,-0.526791,0],[117.258468,-0.526677,0],[117.258429,-0.526588,0],[117.258378,-0.526472,0],[117.258333,-0.526176,0],[117.258333,-0.525915,0],[117.258316,-0.525699,0],[117.258253,-0.524902,0],[117.258242,-0.524527,0],[117.258185,-0.522664,0],[117.258159,-0.522398,0],[117.258053,-0.521534,0],[117.258018,-0.521246,0],[117.257971,-0.520513,0],[117.258164,-0.519605,0],[117.258182,-0.519185,0],[117.258019,-0.518583,0],[117.25791,-0.5182,0],[117.257837,-0.517762,0],[117.257674,-0.516953,0],[117.257606,-0.516633,0],[117.257606,-0.516407,0],[117.257587,-0.516191,0],[117.257631,-0.515952,0],[117.257649,-0.515707,0],[117.257674,-0.51528,0],[117.257693,-0.515064,0],[117.257699,-0.514845,0],[117.257805,-0.514644,0],[117.257887,-0.514449,0],[117.258018,-0.514279,0],[117.258149,-0.514079,0],[117.258311,-0.513922,0],[117.258411,-0.513727,0],[117.258549,-0.513557,0],[117.258665,-0.513363,0],[117.258896,-0.513189,0],[117.259526,-0.512899,0],[117.259743,-0.512691,0],[117.25995,-0.512493,0],[117.260157,-0.512334,0],[117.260374,-0.512185,0],[117.26069,-0.511997,0],[117.261158,-0.511669,0],[117.261532,-0.51146,0],[117.261801,-0.511294,0],[117.261992,-0.511189,0],[117.262226,-0.511093,0],[117.262543,-0.511073,0],[117.262864,-0.511119,0],[117.263544,-0.511396,0],[117.264225,-0.511611,0],[117.264569,-0.511627,0],[117.265019,-0.511534,0],[117.26515,-0.511464,0],[117.265485,-0.511227,0],[117.265751,-0.510883,0],[117.265637,-0.51031,0],[117.265333,-0.509775,0],[117.264839,-0.508781,0],[117.264306,-0.508054,0],[117.26404,-0.507634,0],[117.26404,-0.507328,0],[117.264306,-0.506793,0],[117.265371,-0.506296,0],[117.267157,-0.505416,0],[117.269551,-0.503772,0],[117.269752,-0.503495,0],[117.270273,-0.502778,0],[117.270691,-0.502052,0],[117.271147,-0.501134,0],[117.271147,-0.500752,0],[117.270919,-0.500446,0],[117.270577,-0.50037,0],[117.269969,-0.500828,0],[117.269627,-0.501211,0],[117.269171,-0.501478,0],[117.268677,-0.501593,0],[117.267955,-0.501364,0],[117.267309,-0.500867,0]]]]}},{"type":"Feature","properties":{"OBJECTID":45753,"KDPPUM":"64","NAMOBJ":"Kelurahan Mugirejo","REMARK":null,"KDPBPS":null,"FCODE":"BA03070040","LUASWH":null,"UUPP":"Hasil Delineasi Batas Desa 2018","SRS_ID":"SRGI 2013","METADATA":"TASWIL1000020200326DATA_BATAS_DESA_KELURAHAN","KDEBPS":null,"KDEPUM":"64.72.08.1004","KDCBPS":null,"KDCPUM":"64.72.08","KDBBPS":null,"WADMKD":"Kelurahan Mugirejo","WIADKD":null,"WADMKC":"Sungai Pinang","WIADKC":null,"WADMKK":"Kota Samarinda","WIADKK":null,"WADMPR":"Kalimantan Timur","WIADPR":null,"TIPADM":2,"KDPKAB":"64.72","SHAPE_Leng":0.184982870304769,"SHAPE_Area":0.00152592213346,"visibility":false},"geometry":{"type":"MultiPolygon","coordinates":[[[[117.193113,-0.45661,0],[117.192748,-0.456858,0],[117.191683,-0.45762,0],[117.191281,-0.456871,0],[117.190803,-0.456472,0],[117.19046,-0.456357,0],[117.190196,-0.456343,0],[117.189984,-0.456408,0],[117.189765,-0.45728,0],[117.189647,-0.457829,0],[117.189443,-0.458136,0],[117.18904,-0.458587,0],[117.188431,-0.459111,0],[117.187651,-0.45982,0],[117.18695,-0.460505,0],[117.186368,-0.461137,0],[117.185979,-0.461479,0],[117.185533,-0.461715,0],[117.18464,-0.462047,0],[117.184376,-0.462111,0],[117.18388,-0.462079,0],[117.182514,-0.46192,0],[117.18253,-0.462423,0],[117.182531,-0.462623,0],[117.182337,-0.463087,0],[117.182007,-0.463898,0],[117.181905,-0.464365,0],[117.181758,-0.464923,0],[117.181673,-0.465163,0],[117.181438,-0.466091,0],[117.181171,-0.467651,0],[117.181129,-0.467752,0],[117.181027,-0.468088,0],[117.180674,-0.468991,0],[117.180494,-0.469413,0],[117.180449,-0.469612,0],[117.180447,-0.469688,0],[117.180379,-0.470214,0],[117.180353,-0.470514,0],[117.180327,-0.471061,0],[117.18042,-0.471403,0],[117.180505,-0.471613,0],[117.180672,-0.472069,0],[117.180783,-0.472415,0],[117.180788,-0.472503,0],[117.180886,-0.473382,0],[117.180926,-0.474318,0],[117.180888,-0.474518,0],[117.180667,-0.474956,0],[117.180485,-0.475229,0],[117.18017,-0.475625,0],[117.179729,-0.476041,0],[117.179482,-0.476313,0],[117.179111,-0.476819,0],[117.179007,-0.477081,0],[117.178907,-0.477444,0],[117.178759,-0.477938,0],[117.17862,-0.478578,0],[117.178551,-0.479111,0],[117.178355,-0.479758,0],[117.178078,-0.480321,0],[117.177645,-0.4811,0],[117.177653,-0.482054,0],[117.177589,-0.482951,0],[117.177288,-0.484273,0],[117.176799,-0.484258,0],[117.176192,-0.484214,0],[117.175437,-0.484318,0],[117.175141,-0.484422,0],[117.175319,-0.484884,0],[117.175452,-0.485287,0],[117.175529,-0.485299,0],[117.175917,-0.48541,0],[117.17605,-0.48547,0],[117.176271,-0.485634,0],[117.17639,-0.485744,0],[117.176604,-0.486012,0],[117.176764,-0.486262,0],[117.176864,-0.486443,0],[117.176883,-0.486538,0],[117.176878,-0.486705,0],[117.17692,-0.486873,0],[117.177027,-0.487079,0],[117.177132,-0.487245,0],[117.177199,-0.487453,0],[117.177255,-0.487742,0],[117.17724,-0.487898,0],[117.177179,-0.488031,0],[117.177153,-0.488113,0],[117.177161,-0.48837,0],[117.177184,-0.488505,0],[117.177207,-0.488583,0],[117.177306,-0.488971,0],[117.177347,-0.48912,0],[117.17742,-0.489238,0],[117.177588,-0.489422,0],[117.177845,-0.489536,0],[117.177937,-0.489582,0],[117.178121,-0.489759,0],[117.178267,-0.48995,0],[117.178338,-0.490065,0],[117.178353,-0.490103,0],[117.178386,-0.490283,0],[117.178424,-0.490462,0],[117.178437,-0.490572,0],[117.178454,-0.490651,0],[117.178488,-0.490882,0],[117.178518,-0.491011,0],[117.178564,-0.491176,0],[117.178597,-0.491236,0],[117.178722,-0.491473,0],[117.178802,-0.491804,0],[117.178845,-0.491921,0],[117.179031,-0.492173,0],[117.179336,-0.492481,0],[117.179373,-0.492563,0],[117.179406,-0.492711,0],[117.179457,-0.493053,0],[117.1795,-0.493218,0],[117.179505,-0.493226,0],[117.179529,-0.493288,0],[117.17958,-0.493334,0],[117.17968,-0.493389,0],[117.179817,-0.493443,0],[117.180001,-0.493542,0],[117.180308,-0.493684,0],[117.180693,-0.49382,0],[117.181195,-0.494072,0],[117.181377,-0.494197,0],[117.181464,-0.494268,0],[117.181619,-0.494427,0],[117.181722,-0.494512,0],[117.182021,-0.494597,0],[117.182224,-0.494645,0],[117.182399,-0.494674,0],[117.182433,-0.494673,0],[117.182637,-0.494679,0],[117.182746,-0.494652,0],[117.182857,-0.494616,0],[117.182885,-0.494612,0],[117.183506,-0.494669,0],[117.184027,-0.494819,0],[117.184349,-0.494954,0],[117.184495,-0.495094,0],[117.184601,-0.495249,0],[117.184671,-0.49537,0],[117.184733,-0.495438,0],[117.184887,-0.495511,0],[117.185012,-0.495568,0],[117.185319,-0.495657,0],[117.185492,-0.495546,0],[117.185628,-0.495483,0],[117.185864,-0.495414,0],[117.186068,-0.495347,0],[117.186462,-0.495222,0],[117.186911,-0.495033,0],[117.187532,-0.49454,0],[117.187696,-0.494262,0],[117.187632,-0.493669,0],[117.187611,-0.492377,0],[117.189167,-0.492249,0],[117.190552,-0.492085,0],[117.191116,-0.491978,0],[117.191308,-0.491885,0],[117.191358,-0.491749,0],[117.191358,-0.491557,0],[117.191301,-0.491321,0],[117.191294,-0.491185,0],[117.191337,-0.491078,0],[117.191454,-0.49099,0],[117.191596,-0.490955,0],[117.191745,-0.490955,0],[117.19237,-0.490996,0],[117.192959,-0.490984,0],[117.193976,-0.490836,0],[117.194416,-0.490717,0],[117.194636,-0.490556,0],[117.194934,-0.49033,0],[117.195053,-0.490247,0],[117.195207,-0.490253,0],[117.195469,-0.490276,0],[117.195725,-0.490312,0],[117.195856,-0.490378,0],[117.196088,-0.490455,0],[117.196248,-0.490372,0],[117.19645,-0.490282,0],[117.196593,-0.490172,0],[117.198256,-0.489058,0],[117.199113,-0.48858,0],[117.199798,-0.48843,0],[117.199998,-0.488466,0],[117.200612,-0.488551,0],[117.200927,-0.48853,0],[117.201162,-0.488416,0],[117.201539,-0.488259,0],[117.202689,-0.48823,0],[117.203511,-0.488409,0],[117.20446,-0.488908,0],[117.205588,-0.489165,0],[117.206102,-0.489222,0],[117.206295,-0.489194,0],[117.206623,-0.489072,0],[117.207237,-0.488794,0],[117.207951,-0.488501,0],[117.208486,-0.488473,0],[117.208665,-0.488516,0],[117.209036,-0.488794,0],[117.209493,-0.489122,0],[117.209778,-0.489544,0],[117.209821,-0.489758,0],[117.2098,-0.489972,0],[117.2098,-0.490264,0],[117.2098,-0.490521,0],[117.20985,-0.490707,0],[117.209978,-0.49085,0],[117.210899,-0.491292,0],[117.211856,-0.491742,0],[117.212134,-0.491735,0],[117.212412,-0.491778,0],[117.213355,-0.492042,0],[117.21389,-0.492099,0],[117.214311,-0.492078,0],[117.214468,-0.492028,0],[117.215817,-0.491192,0],[117.216831,-0.490552,0],[117.217117,-0.490422,0],[117.21739,-0.490427,0],[117.218033,-0.490362,0],[117.218455,-0.490249,0],[117.218723,-0.490142,0],[117.218812,-0.489993,0],[117.218842,-0.489464,0],[117.218854,-0.488988,0],[117.218937,-0.488637,0],[117.219127,-0.488357,0],[117.219359,-0.488137,0],[117.21949,-0.488066,0],[117.219609,-0.488042,0],[117.220103,-0.487989,0],[117.221239,-0.487816,0],[117.221794,-0.487738,0],[117.222198,-0.487656,0],[117.222879,-0.487228,0],[117.223727,-0.486619,0],[117.223815,-0.486543,0],[117.224225,-0.486424,0],[117.224713,-0.486317,0],[117.224844,-0.486335,0],[117.225165,-0.486513,0],[117.225736,-0.486894,0],[117.225843,-0.487168,0],[117.225921,-0.487435,0],[117.226194,-0.4876,0],[117.226784,-0.487581,0],[117.226859,-0.487496,0],[117.226992,-0.487205,0],[117.227263,-0.485891,0],[117.227334,-0.485184,0],[117.227234,-0.484906,0],[117.227057,-0.484675,0],[117.226593,-0.484282,0],[117.226257,-0.483997,0],[117.225886,-0.483461,0],[117.225672,-0.483069,0],[117.225672,-0.482897,0],[117.225807,-0.482519,0],[117.226079,-0.482069,0],[117.226578,-0.48107,0],[117.226707,-0.480699,0],[117.226985,-0.480278,0],[117.227245,-0.479983,0],[117.22803,-0.479262,0],[117.228701,-0.478583,0],[117.22893,-0.478241,0],[117.228987,-0.477984,0],[117.229087,-0.477613,0],[117.229294,-0.47722,0],[117.229679,-0.476471,0],[117.230079,-0.475715,0],[117.230299,-0.475001,0],[117.230353,-0.474615,0],[117.230317,-0.474365,0],[117.230258,-0.474157,0],[117.230162,-0.473919,0],[117.230127,-0.473704,0],[117.230127,-0.473568,0],[117.230168,-0.473407,0],[117.230234,-0.47324,0],[117.230365,-0.473008,0],[117.230591,-0.472681,0],[117.230924,-0.472318,0],[117.231174,-0.471979,0],[117.231349,-0.471618,0],[117.23142,-0.471166,0],[117.231425,-0.470875,0],[117.231396,-0.470685,0],[117.231334,-0.470461,0],[117.231206,-0.470204,0],[117.230849,-0.469852,0],[117.230673,-0.469448,0],[117.230549,-0.469252,0],[117.230306,-0.468929,0],[117.230125,-0.468567,0],[117.230097,-0.468315,0],[117.230078,-0.467782,0],[117.230087,-0.466792,0],[117.230026,-0.46653,0],[117.230003,-0.465936,0],[117.23007,-0.46566,0],[117.230251,-0.465355,0],[117.230636,-0.46485,0],[117.230838,-0.4646,0],[117.230898,-0.464279,0],[117.230612,-0.463565,0],[117.230315,-0.462804,0],[117.230339,-0.462577,0],[117.230493,-0.462173,0],[117.230362,-0.461816,0],[117.229215,-0.460374,0],[117.229096,-0.460106,0],[117.229007,-0.459678,0],[117.228923,-0.45944,0],[117.228572,-0.458887,0],[117.228224,-0.458079,0],[117.228096,-0.457704,0],[117.228085,-0.457689,0],[117.228055,-0.457654,0],[117.228027,-0.457627,0],[117.228001,-0.457609,0],[117.227967,-0.4576,0],[117.227746,-0.457596,0],[117.227454,-0.457549,0],[117.227151,-0.457358,0],[117.226937,-0.457317,0],[117.226812,-0.457317,0],[117.226378,-0.457465,0],[117.226146,-0.45759,0],[117.225896,-0.45787,0],[117.225589,-0.458442,0],[117.225475,-0.458656,0],[117.22531,-0.45882,0],[117.225089,-0.458949,0],[117.224696,-0.459142,0],[117.224525,-0.459292,0],[117.224183,-0.459656,0],[117.223918,-0.45982,0],[117.223561,-0.460041,0],[117.223105,-0.460355,0],[117.222791,-0.460441,0],[117.222512,-0.460398,0],[117.222241,-0.460284,0],[117.221991,-0.460264,0],[117.221807,-0.460341,0],[117.221593,-0.46049,0],[117.221468,-0.46068,0],[117.221319,-0.461061,0],[117.221177,-0.461198,0],[117.221052,-0.461204,0],[117.220736,-0.461126,0],[117.220024,-0.460824,0],[117.219387,-0.460503,0],[117.219048,-0.460283,0],[117.218745,-0.460003,0],[117.218542,-0.459724,0],[117.218364,-0.459587,0],[117.218215,-0.459492,0],[117.217995,-0.459462,0],[117.217513,-0.459379,0],[117.2174,-0.459379,0],[117.217156,-0.45948,0],[117.217067,-0.459504,0],[117.217026,-0.459474,0],[117.216972,-0.459355,0],[117.216854,-0.459119,0],[117.21684,-0.459104,0],[117.216794,-0.459086,0],[117.216754,-0.459073,0],[117.216724,-0.459067,0],[117.216528,-0.459092,0],[117.216326,-0.459169,0],[117.21613,-0.459169,0],[117.215945,-0.459235,0],[117.215856,-0.459342,0],[117.215606,-0.459658,0],[117.214557,-0.46017,0],[117.214072,-0.460455,0],[117.212944,-0.461041,0],[117.212088,-0.461526,0],[117.211574,-0.46164,0],[117.211088,-0.461612,0],[117.21066,-0.461597,0],[117.209655,-0.461548,0],[117.209584,-0.461605,0],[117.209363,-0.461823,0],[117.209245,-0.461937,0],[117.209163,-0.462062,0],[117.209056,-0.46213,0],[117.208995,-0.462123,0],[117.208863,-0.462062,0],[117.208731,-0.462023,0],[117.208563,-0.46198,0],[117.208335,-0.461901,0],[117.20827,-0.461882,0],[117.208185,-0.461879,0],[117.208023,-0.462003,0],[117.207833,-0.462422,0],[117.205824,-0.461314,0],[117.204873,-0.460781,0],[117.204929,-0.459649,0],[117.204947,-0.459518,0],[117.204912,-0.459417,0],[117.204751,-0.459262,0],[117.204519,-0.459155,0],[117.204263,-0.459066,0],[117.203585,-0.458965,0],[117.203091,-0.45887,0],[117.202883,-0.458787,0],[117.202495,-0.458499,0],[117.202383,-0.45839,0],[117.202094,-0.45814,0],[117.20184,-0.45794,0],[117.201615,-0.457895,0],[117.20111,-0.457885,0],[117.200796,-0.457881,0],[117.20061,-0.457828,0],[117.200477,-0.457752,0],[117.200306,-0.457657,0],[117.20023,-0.457619,0],[117.200168,-0.457624,0],[117.200073,-0.457733,0],[117.199968,-0.457866,0],[117.19984,-0.458095,0],[117.199801,-0.458257,0],[117.199716,-0.458536,0],[117.199592,-0.458742,0],[117.199515,-0.459135,0],[117.199136,-0.459035,0],[117.198258,-0.458799,0],[117.197066,-0.458578,0],[117.195198,-0.45819,0],[117.195091,-0.458172,0],[117.194874,-0.457992,0],[117.194753,-0.457849,0],[117.194461,-0.45761,0],[117.194172,-0.45746,0],[117.193947,-0.457274,0],[117.193655,-0.457107,0],[117.193433,-0.457028,0],[117.193113,-0.45661,0]]]]}},{"type":"Feature","properties":{"OBJECTID":45769,"KDPPUM":"64","NAMOBJ":"Kelurahan Pulau Atas","REMARK":null,"KDPBPS":null,"FCODE":"BA03070040","LUASWH":null,"UUPP":"Hasil Delineasi Batas Desa 2018","SRS_ID":"SRGI 2013","METADATA":"TASWIL1000020200326DATA_BATAS_DESA_KELURAHAN","KDEBPS":null,"KDEPUM":"64.72.07.1005","KDCBPS":null,"KDCPUM":"64.72.07","KDBBPS":null,"WADMKD":"Kelurahan Pulau Atas","WIADKD":null,"WADMKC":"Sambutan","WIADKC":null,"WADMKK":"Kota Samarinda","WIADKK":null,"WADMPR":"Kalimantan Timur","WIADPR":null,"TIPADM":2,"KDPKAB":"64.72","SHAPE_Leng":0.18671835003652,"SHAPE_Area":0.001375262648089,"visibility":false},"geometry":{"type":"MultiPolygon","coordinates":[[[[117.220238,-0.5263,0],[117.21979,-0.525901,0],[117.219029,-0.525577,0],[117.21801,-0.525111,0],[117.217059,-0.524949,0],[117.21624,-0.524968,0],[117.21526,-0.52512,0],[117.214364,-0.525367,0],[117.19706,-0.536338,0],[117.196427,-0.536257,0],[117.195827,-0.536257,0],[117.195171,-0.536333,0],[117.19419,-0.536562,0],[117.193515,-0.5368,0],[117.190544,-0.537986,0],[117.190285,-0.538041,0],[117.189776,-0.538679,0],[117.188346,-0.540472,0],[117.185898,-0.543541,0],[117.185176,-0.544197,0],[117.185128,-0.544519,0],[117.185099,-0.544977,0],[117.185146,-0.545334,0],[117.185253,-0.545934,0],[117.185253,-0.546137,0],[117.18517,-0.546238,0],[117.183891,-0.547773,0],[117.183284,-0.548534,0],[117.182969,-0.548849,0],[117.182838,-0.548938,0],[117.182642,-0.548933,0],[117.182508,-0.549024,0],[117.182411,-0.549153,0],[117.182285,-0.549412,0],[117.182201,-0.54954,0],[117.181802,-0.550091,0],[117.181637,-0.550206,0],[117.179072,-0.553575,0],[117.179253,-0.553739,0],[117.179604,-0.554071,0],[117.179741,-0.554206,0],[117.179863,-0.554305,0],[117.179947,-0.554377,0],[117.180107,-0.554521,0],[117.180199,-0.55462,0],[117.180344,-0.554754,0],[117.180412,-0.554835,0],[117.180504,-0.554907,0],[117.180618,-0.555024,0],[117.180786,-0.555177,0],[117.180885,-0.555266,0],[117.180962,-0.555329,0],[117.181046,-0.55541,0],[117.18119,-0.555527,0],[117.181282,-0.555599,0],[117.181396,-0.555707,0],[117.18148,-0.555788,0],[117.181602,-0.555895,0],[117.181702,-0.555958,0],[117.181786,-0.55603,0],[117.181848,-0.556077,0],[117.18187,-0.556093,0],[117.181961,-0.556138,0],[117.182091,-0.556228,0],[117.182259,-0.556335,0],[117.182365,-0.556389,0],[117.182465,-0.55647,0],[117.182579,-0.556506,0],[117.182671,-0.55656,0],[117.18277,-0.556605,0],[117.182915,-0.556686,0],[117.183159,-0.556811,0],[117.183243,-0.556874,0],[117.183411,-0.556973,0],[117.183533,-0.557045,0],[117.18364,-0.557099,0],[117.183762,-0.557188,0],[117.183914,-0.557278,0],[117.184074,-0.557386,0],[117.184196,-0.557467,0],[117.184387,-0.557592,0],[117.184502,-0.557664,0],[117.184677,-0.557763,0],[117.184822,-0.557835,0],[117.185013,-0.557943,0],[117.185127,-0.558005,0],[117.185226,-0.558068,0],[117.185356,-0.558122,0],[117.185608,-0.558248,0],[117.18573,-0.55832,0],[117.185875,-0.558373,0],[117.186211,-0.558544,0],[117.186317,-0.558571,0],[117.18644,-0.558634,0],[117.186661,-0.558723,0],[117.186702,-0.558738,0],[117.186859,-0.558795,0],[117.186951,-0.558831,0],[117.187141,-0.558921,0],[117.187233,-0.558939,0],[117.187637,-0.559082,0],[117.187752,-0.559136,0],[117.187988,-0.559217,0],[117.188164,-0.559297,0],[117.188255,-0.559333,0],[117.188377,-0.559387,0],[117.188454,-0.559441,0],[117.188591,-0.559477,0],[117.188896,-0.559611,0],[117.189011,-0.559665,0],[117.189117,-0.559719,0],[117.189316,-0.559782,0],[117.1894,-0.559836,0],[117.189499,-0.559863,0],[117.189774,-0.559988,0],[117.189888,-0.56006,0],[117.190125,-0.560159,0],[117.190361,-0.560257,0],[117.190521,-0.56032,0],[117.190628,-0.560356,0],[117.190796,-0.560401,0],[117.190903,-0.560446,0],[117.191017,-0.560482,0],[117.191254,-0.560562,0],[117.19136,-0.560607,0],[117.19149,-0.560634,0],[117.191719,-0.560697,0],[117.191811,-0.560724,0],[117.191925,-0.560751,0],[117.192108,-0.560813,0],[117.192307,-0.560876,0],[117.192604,-0.560975,0],[117.19278,-0.561001,0],[117.193001,-0.561082,0],[117.193146,-0.561118,0],[117.193237,-0.561145,0],[117.193336,-0.561163,0],[117.193504,-0.561208,0],[117.193604,-0.561234,0],[117.193756,-0.561288,0],[117.193848,-0.561324,0],[117.193962,-0.56136,0],[117.194061,-0.561396,0],[117.194267,-0.56145,0],[117.19445,-0.561494,0],[117.19455,-0.56153,0],[117.194633,-0.561548,0],[117.194771,-0.561602,0],[117.194931,-0.561647,0],[117.195145,-0.56171,0],[117.195244,-0.561745,0],[117.195419,-0.561817,0],[117.195549,-0.561844,0],[117.195702,-0.561907,0],[117.195808,-0.561925,0],[117.195908,-0.561961,0],[117.196053,-0.562005,0],[117.196205,-0.562032,0],[117.196312,-0.56205,0],[117.196419,-0.562086,0],[117.196556,-0.562131,0],[117.196808,-0.562202,0],[117.196922,-0.562247,0],[117.197159,-0.562319,0],[117.197266,-0.562346,0],[117.197411,-0.562409,0],[117.197502,-0.562418,0],[117.197639,-0.562462,0],[117.197762,-0.562507,0],[117.197891,-0.562552,0],[117.198135,-0.56266,0],[117.198265,-0.562696,0],[117.198441,-0.562767,0],[117.19857,-0.562821,0],[117.198723,-0.562875,0],[117.198845,-0.562929,0],[117.198944,-0.562974,0],[117.199036,-0.56301,0],[117.199173,-0.563045,0],[117.199265,-0.563081,0],[117.199371,-0.563126,0],[117.199448,-0.563171,0],[117.199516,-0.56318,0],[117.199608,-0.563207,0],[117.19973,-0.563252,0],[117.199898,-0.563305,0],[117.199989,-0.56335,0],[117.200073,-0.563377,0],[117.200272,-0.563431,0],[117.20047,-0.563503,0],[117.200592,-0.563539,0],[117.200729,-0.563565,0],[117.200897,-0.56361,0],[117.201111,-0.563664,0],[117.201233,-0.563682,0],[117.201324,-0.563718,0],[117.201447,-0.563763,0],[117.201584,-0.563807,0],[117.201691,-0.563834,0],[117.201836,-0.563861,0],[117.201988,-0.563924,0],[117.20211,-0.563969,0],[117.202187,-0.564014,0],[117.202278,-0.564031,0],[117.2024,-0.564067,0],[117.202492,-0.564103,0],[117.202614,-0.564139,0],[117.202736,-0.564193,0],[117.202919,-0.564238,0],[117.203255,-0.564354,0],[117.203354,-0.564381,0],[117.203522,-0.564444,0],[117.203735,-0.564525,0],[117.203827,-0.564561,0],[117.203987,-0.564605,0],[117.204086,-0.564659,0],[117.204262,-0.564722,0],[117.204376,-0.564767,0],[117.204475,-0.564803,0],[117.204661,-0.564864,0],[117.204666,-0.564865,0],[117.204781,-0.56491,0],[117.20491,-0.564973,0],[117.205002,-0.564991,0],[117.205147,-0.565027,0],[117.205238,-0.565072,0],[117.205475,-0.565116,0],[117.205597,-0.565179,0],[117.205757,-0.565224,0],[117.20591,-0.565287,0],[117.206085,-0.565359,0],[117.206184,-0.565376,0],[117.206276,-0.565439,0],[117.206383,-0.565475,0],[117.206543,-0.565538,0],[117.206665,-0.565583,0],[117.206825,-0.565673,0],[117.207047,-0.565771,0],[117.207176,-0.565825,0],[117.20726,-0.565879,0],[117.207413,-0.565951,0],[117.207565,-0.566014,0],[117.207649,-0.566049,0],[117.207809,-0.56613,0],[117.207962,-0.566193,0],[117.208046,-0.566238,0],[117.208145,-0.566256,0],[117.208237,-0.566319,0],[117.208427,-0.566372,0],[117.208565,-0.566426,0],[117.208649,-0.566471,0],[117.208725,-0.566534,0],[117.208885,-0.566561,0],[117.208984,-0.566624,0],[117.209129,-0.56666,0],[117.209259,-0.566722,0],[117.209412,-0.566785,0],[117.209526,-0.56683,0],[117.209808,-0.56692,0],[117.209999,-0.566964,0],[117.210106,-0.567,0],[117.210243,-0.567063,0],[117.21035,-0.56709,0],[117.210457,-0.567144,0],[117.210587,-0.56718,0],[117.210716,-0.567224,0],[117.210876,-0.567296,0],[117.211021,-0.56735,0],[117.211105,-0.567386,0],[117.211365,-0.567467,0],[117.211487,-0.56752,0],[117.211639,-0.567574,0],[117.211792,-0.567637,0],[117.211983,-0.567718,0],[117.212265,-0.567825,0],[117.21244,-0.567906,0],[117.212532,-0.567969,0],[117.212662,-0.568023,0],[117.212753,-0.568059,0],[117.212852,-0.568104,0],[117.213028,-0.568184,0],[117.213165,-0.568265,0],[117.213394,-0.568346,0],[117.21347,-0.5684,0],[117.213699,-0.56848,0],[117.213829,-0.568543,0],[117.213989,-0.568615,0],[117.214088,-0.56866,0],[117.214256,-0.568732,0],[117.214378,-0.568776,0],[117.214539,-0.568857,0],[117.214638,-0.568884,0],[117.214767,-0.568947,0],[117.214897,-0.569001,0],[117.21508,-0.569108,0],[117.215225,-0.569162,0],[117.215317,-0.569198,0],[117.215439,-0.569252,0],[117.215576,-0.569333,0],[117.215797,-0.569423,0],[117.216057,-0.569557,0],[117.216187,-0.56962,0],[117.216339,-0.56971,0],[117.216469,-0.569782,0],[117.21656,-0.569808,0],[117.216667,-0.569844,0],[117.216774,-0.569898,0],[117.216888,-0.56997,0],[117.217079,-0.57006,0],[117.217186,-0.570123,0],[117.217339,-0.570212,0],[117.217705,-0.570392,0],[117.217804,-0.570473,0],[117.217911,-0.570535,0],[117.218102,-0.570643,0],[117.218231,-0.570724,0],[117.218346,-0.570787,0],[117.218452,-0.570832,0],[117.218582,-0.570904,0],[117.218689,-0.570975,0],[117.218796,-0.570993,0],[117.218903,-0.571065,0],[117.219002,-0.57111,0],[117.219109,-0.571182,0],[117.219475,-0.571361,0],[117.219604,-0.571442,0],[117.219788,-0.57155,0],[117.219917,-0.571649,0],[117.220146,-0.571756,0],[117.220276,-0.571828,0],[117.22039,-0.571909,0],[117.220612,-0.572053,0],[117.220718,-0.572115,0],[117.220894,-0.572223,0],[117.221001,-0.572304,0],[117.221153,-0.572403,0],[117.22139,-0.572519,0],[117.221519,-0.5726,0],[117.221603,-0.572654,0],[117.221748,-0.572735,0],[117.221848,-0.572798,0],[117.22226,-0.572995,0],[117.222466,-0.573094,0],[117.222588,-0.573157,0],[117.222679,-0.573202,0],[117.222809,-0.573264,0],[117.222916,-0.573282,0],[117.223007,-0.573318,0],[117.223091,-0.573363,0],[117.223289,-0.573408,0],[117.223373,-0.573435,0],[117.223511,-0.573479,0],[117.223602,-0.573497,0],[117.223808,-0.573578,0],[117.223923,-0.573623,0],[117.224083,-0.573695,0],[117.224175,-0.573731,0],[117.224312,-0.573775,0],[117.224434,-0.573829,0],[117.224564,-0.573865,0],[117.224655,-0.573901,0],[117.224869,-0.573982,0],[117.225052,-0.574071,0],[117.225174,-0.574107,0],[117.225311,-0.57417,0],[117.225449,-0.574251,0],[117.225609,-0.574332,0],[117.22583,-0.574421,0],[117.225983,-0.574502,0],[117.226067,-0.574529,0],[117.226181,-0.574574,0],[117.226372,-0.574673,0],[117.226463,-0.574699,0],[117.226593,-0.57478,0],[117.226746,-0.574825,0],[117.226898,-0.574888,0],[117.227058,-0.574951,0],[117.227158,-0.575013,0],[117.227272,-0.575058,0],[117.227394,-0.575121,0],[117.227493,-0.575157,0],[117.227534,-0.575175,0],[117.227615,-0.575211,0],[117.227776,-0.575256,0],[117.228058,-0.575372,0],[117.228226,-0.575417,0],[117.228508,-0.575498,0],[117.228668,-0.575524,0],[117.228851,-0.57556,0],[117.228996,-0.575587,0],[117.229164,-0.575641,0],[117.229332,-0.575722,0],[117.229446,-0.575748,0],[117.229561,-0.575766,0],[117.229691,-0.575811,0],[117.229782,-0.575856,0],[117.229881,-0.575856,0],[117.230019,-0.575883,0],[117.230164,-0.575883,0],[117.230354,-0.575927,0],[117.230598,-0.575963,0],[117.230858,-0.575963,0],[117.231018,-0.575981,0],[117.231194,-0.575998,0],[117.231712,-0.575998,0],[117.232018,-0.576033,0],[117.232147,-0.576033,0],[117.232475,-0.57606,0],[117.232574,-0.57606,0],[117.232788,-0.576087,0],[117.233154,-0.576086,0],[117.233368,-0.576095,0],[117.234299,-0.576103,0],[117.234413,-0.576076,0],[117.234665,-0.576075,0],[117.23484,-0.576066,0],[117.235146,-0.576066,0],[117.238645,-0.574062,0],[117.237628,-0.573698,0],[117.237103,-0.573218,0],[117.236869,-0.573004,0],[117.236352,-0.571773,0],[117.236726,-0.570192,0],[117.236715,-0.569711,0],[117.236792,-0.569248,0],[117.23689,-0.568919,0],[117.236901,-0.568848,0],[117.236946,-0.568572,0],[117.236953,-0.568109,0],[117.236935,-0.567966,0],[117.236918,-0.567821,0],[117.236764,-0.56738,0],[117.236512,-0.566837,0],[117.236373,-0.566529,0],[117.236205,-0.566108,0],[117.236108,-0.565712,0],[117.236087,-0.565221,0],[117.236093,-0.564355,0],[117.235757,-0.564248,0],[117.235167,-0.56401,0],[117.234562,-0.563772,0],[117.233682,-0.563424,0],[117.233096,-0.563201,0],[117.232273,-0.562782,0],[117.231198,-0.562173,0],[117.231069,-0.56213,0],[117.230589,-0.562082,0],[117.229394,-0.56203,0],[117.228409,-0.561983,0],[117.227379,-0.561935,0],[117.226604,-0.561901,0],[117.225702,-0.561864,0],[117.224676,-0.561815,0],[117.224151,-0.561794,0],[117.223597,-0.561769,0],[117.223121,-0.561754,0],[117.222256,-0.561709,0],[117.221547,-0.561671,0],[117.219925,-0.56159,0],[117.219944,-0.560857,0],[117.219996,-0.559534,0],[117.220048,-0.558244,0],[117.219101,-0.55833,0],[117.219087,-0.558049,0],[117.219096,-0.557864,0],[117.218598,-0.557815,0],[117.218617,-0.557195,0],[117.218808,-0.554768,0],[117.220173,-0.554849,0],[117.221082,-0.554883,0],[117.221257,-0.540872,0],[117.22114,-0.540743,0],[117.221061,-0.540629,0],[117.221001,-0.540483,0],[117.220979,-0.540375,0],[117.220979,-0.540201,0],[117.220979,-0.540108,0],[117.221004,-0.53999,0],[117.221054,-0.539883,0],[117.221168,-0.539762,0],[117.221155,-0.539701,0],[117.221141,-0.539623,0],[117.221234,-0.539508,0],[117.221327,-0.539401,0],[117.221448,-0.539287,0],[117.221534,-0.539159,0],[117.221633,-0.539009,0],[117.221683,-0.538837,0],[117.221712,-0.538716,0],[117.221641,-0.538516,0],[117.221426,-0.538452,0],[117.221219,-0.538331,0],[117.220977,-0.538216,0],[117.220855,-0.538124,0],[117.220238,-0.5263,0]]]]}},{"type":"Feature","properties":{"OBJECTID":45770,"KDPPUM":"64","NAMOBJ":"Kelurahan Rapak Dalam","REMARK":null,"KDPBPS":null,"FCODE":"BA03070040","LUASWH":null,"UUPP":"Hasil Delineasi Batas Desa 2018","SRS_ID":"SRGI 2013","METADATA":"TASWIL1000020200326DATA_BATAS_DESA_KELURAHAN","KDEBPS":null,"KDEPUM":"64.72.10.1005","KDCBPS":null,"KDCPUM":"64.72.10","KDBBPS":null,"WADMKD":"Kelurahan Rapak Dalam","WIADKD":null,"WADMKC":"Loa Janan Ilir","WIADKC":null,"WADMKK":"Kota Samarinda","WIADKK":null,"WADMPR":"Kalimantan Timur","WIADPR":null,"TIPADM":2,"KDPKAB":"64.72","SHAPE_Leng":0.116826111213961,"SHAPE_Area":0.000546855576149,"visibility":false},"geometry":{"type":"MultiPolygon","coordinates":[[[[117.143736,-0.512815,0],[117.143731,-0.512823,0],[117.143714,-0.512853,0],[117.143697,-0.512882,0],[117.143693,-0.512891,0],[117.143683,-0.512907,0],[117.143682,-0.51291,0],[117.143654,-0.512841,0],[117.143353,-0.513283,0],[117.142931,-0.513905,0],[117.142496,-0.514544,0],[117.142374,-0.514724,0],[117.136328,-0.520913,0],[117.136328,-0.520941,0],[117.136345,-0.521198,0],[117.136362,-0.521464,0],[117.136371,-0.52167,0],[117.136366,-0.521741,0],[117.136339,-0.521835,0],[117.136269,-0.521943,0],[117.136181,-0.522064,0],[117.136106,-0.522188,0],[117.136081,-0.522245,0],[117.136048,-0.522355,0],[117.136014,-0.5225,0],[117.135988,-0.522622,0],[117.135968,-0.522704,0],[117.135957,-0.522754,0],[117.135949,-0.522784,0],[117.135925,-0.522879,0],[117.13589,-0.523024,0],[117.135883,-0.523049,0],[117.135823,-0.523407,0],[117.135805,-0.523502,0],[117.135786,-0.523591,0],[117.135774,-0.523648,0],[117.135762,-0.523708,0],[117.135746,-0.523788,0],[117.135734,-0.523836,0],[117.135655,-0.524103,0],[117.13557,-0.524291,0],[117.135411,-0.524524,0],[117.135202,-0.524742,0],[117.135037,-0.524923,0],[117.134834,-0.525121,0],[117.134643,-0.525297,0],[117.134556,-0.525362,0],[117.134506,-0.525403,0],[117.134457,-0.525448,0],[117.134402,-0.52553,0],[117.134228,-0.525757,0],[117.134149,-0.52584,0],[117.134107,-0.525885,0],[117.134079,-0.525913,0],[117.134051,-0.525931,0],[117.133987,-0.525962,0],[117.133956,-0.525974,0],[117.133937,-0.525989,0],[117.133922,-0.526017,0],[117.133917,-0.526043,0],[117.133919,-0.526066,0],[117.133941,-0.526095,0],[117.133947,-0.526115,0],[117.133945,-0.526141,0],[117.13392,-0.526227,0],[117.133916,-0.52627,0],[117.133921,-0.526297,0],[117.133938,-0.526321,0],[117.133976,-0.526349,0],[117.134037,-0.526366,0],[117.134118,-0.526384,0],[117.134189,-0.526393,0],[117.134171,-0.526456,0],[117.134157,-0.526499,0],[117.134136,-0.52656,0],[117.134114,-0.526615,0],[117.134089,-0.526674,0],[117.134052,-0.526764,0],[117.134017,-0.526849,0],[117.133976,-0.526938,0],[117.133943,-0.527013,0],[117.133905,-0.527099,0],[117.133865,-0.527178,0],[117.133825,-0.527253,0],[117.133765,-0.527383,0],[117.133695,-0.527534,0],[117.133629,-0.527651,0],[117.133559,-0.527777,0],[117.133521,-0.527848,0],[117.1335,-0.527899,0],[117.133489,-0.52795,0],[117.133484,-0.528011,0],[117.133483,-0.528077,0],[117.133491,-0.528141,0],[117.133499,-0.528191,0],[117.133504,-0.528255,0],[117.133506,-0.528307,0],[117.1335,-0.528371,0],[117.133487,-0.528438,0],[117.133468,-0.528505,0],[117.133452,-0.528557,0],[117.133448,-0.528589,0],[117.133449,-0.528622,0],[117.133457,-0.528672,0],[117.133465,-0.528721,0],[117.133477,-0.52877,0],[117.133494,-0.528825,0],[117.133517,-0.528888,0],[117.133547,-0.528959,0],[117.133587,-0.529033,0],[117.133637,-0.529129,0],[117.133689,-0.529227,0],[117.133736,-0.529313,0],[117.133806,-0.529411,0],[117.133878,-0.52952,0],[117.133918,-0.529586,0],[117.133936,-0.529643,0],[117.133938,-0.529695,0],[117.133931,-0.529734,0],[117.133915,-0.529784,0],[117.133862,-0.529879,0],[117.133765,-0.530006,0],[117.133649,-0.530147,0],[117.133565,-0.530258,0],[117.133496,-0.530361,0],[117.133419,-0.53046,0],[117.13338,-0.530517,0],[117.133348,-0.530581,0],[117.133322,-0.530633,0],[117.133299,-0.53066,0],[117.133261,-0.530692,0],[117.133203,-0.530717,0],[117.133101,-0.530742,0],[117.132968,-0.530771,0],[117.132673,-0.530831,0],[117.13266,-0.530837,0],[117.132661,-0.53085,0],[117.132632,-0.530892,0],[117.132591,-0.530953,0],[117.132592,-0.531005,0],[117.132593,-0.531077,0],[117.132592,-0.531006,0],[117.132591,-0.530953,0],[117.132581,-0.530968,0],[117.132558,-0.531003,0],[117.132508,-0.531077,0],[117.132474,-0.531127,0],[117.132424,-0.531187,0],[117.132278,-0.531364,0],[117.132258,-0.531389,0],[117.132228,-0.531425,0],[117.132058,-0.531707,0],[117.132053,-0.531716,0],[117.131928,-0.531949,0],[117.131859,-0.532028,0],[117.131708,-0.5322,0],[117.131653,-0.532262,0],[117.131507,-0.532398,0],[117.131061,-0.532815,0],[117.131022,-0.532856,0],[117.130889,-0.532995,0],[117.130705,-0.533187,0],[117.13063,-0.533273,0],[117.130589,-0.53332,0],[117.130548,-0.53343,0],[117.130515,-0.533578,0],[117.130512,-0.533601,0],[117.130469,-0.534027,0],[117.130478,-0.534103,0],[117.130508,-0.53435,0],[117.130534,-0.534427,0],[117.130576,-0.534547,0],[117.130648,-0.534674,0],[117.130725,-0.53481,0],[117.130736,-0.53491,0],[117.130717,-0.534979,0],[117.130704,-0.535025,0],[117.13065,-0.535068,0],[117.130589,-0.535092,0],[117.130415,-0.535158,0],[117.130208,-0.535172,0],[117.130167,-0.535173,0],[117.129973,-0.535179,0],[117.129834,-0.535212,0],[117.129659,-0.535319,0],[117.129528,-0.535462,0],[117.129498,-0.535495,0],[117.129434,-0.535632,0],[117.129401,-0.535723,0],[117.129302,-0.535994,0],[117.129231,-0.536113,0],[117.129145,-0.536178,0],[117.129116,-0.53619,0],[117.128878,-0.536292,0],[117.128578,-0.536397,0],[117.128461,-0.536449,0],[117.128314,-0.536515,0],[117.128181,-0.536609,0],[117.128088,-0.536674,0],[117.128008,-0.536731,0],[117.127904,-0.536828,0],[117.127812,-0.536937,0],[117.127755,-0.537004,0],[117.127536,-0.537325,0],[117.127384,-0.537509,0],[117.12729,-0.537582,0],[117.127257,-0.537597,0],[117.127245,-0.537603,0],[117.127234,-0.537608,0],[117.127076,-0.537682,0],[117.127052,-0.5377,0],[117.127006,-0.537724,0],[117.126977,-0.537733,0],[117.126943,-0.537744,0],[117.126914,-0.537762,0],[117.126896,-0.537782,0],[117.126882,-0.537803,0],[117.126865,-0.537853,0],[117.126855,-0.53789,0],[117.12684,-0.537917,0],[117.126827,-0.537927,0],[117.126795,-0.53793,0],[117.126758,-0.537927,0],[117.126647,-0.537902,0],[117.126623,-0.537903,0],[117.126613,-0.537907,0],[117.126605,-0.537915,0],[117.126588,-0.537951,0],[117.126559,-0.538051,0],[117.126549,-0.538074,0],[117.126532,-0.538086,0],[117.126508,-0.53809,0],[117.126473,-0.538088,0],[117.126445,-0.538082,0],[117.126439,-0.538108,0],[117.126428,-0.538136,0],[117.12642,-0.538158,0],[117.126406,-0.538181,0],[117.126393,-0.538197,0],[117.126378,-0.538209,0],[117.126363,-0.538223,0],[117.126342,-0.538247,0],[117.126309,-0.538294,0],[117.126272,-0.53835,0],[117.126244,-0.538406,0],[117.126217,-0.538483,0],[117.126193,-0.538524,0],[117.126175,-0.538549,0],[117.126148,-0.538582,0],[117.126131,-0.538603,0],[117.126107,-0.538624,0],[117.126085,-0.538649,0],[117.126073,-0.53867,0],[117.126069,-0.538694,0],[117.126068,-0.538729,0],[117.12606,-0.538773,0],[117.126046,-0.538811,0],[117.126024,-0.53885,0],[117.125989,-0.538901,0],[117.125939,-0.53896,0],[117.12588,-0.539055,0],[117.125816,-0.539139,0],[117.125767,-0.53919,0],[117.125652,-0.539411,0],[117.125502,-0.539637,0],[117.125369,-0.539759,0],[117.124304,-0.54013,0],[117.123888,-0.540657,0],[117.121066,-0.549282,0],[117.12147,-0.549475,0],[117.122074,-0.549727,0],[117.122564,-0.549956,0],[117.123493,-0.550412,0],[117.124565,-0.550901,0],[117.127668,-0.553017,0],[117.129127,-0.55428,0],[117.132376,-0.556099,0],[117.146277,-0.541145,0],[117.146756,-0.538487,0],[117.146754,-0.537938,0],[117.146633,-0.537998,0],[117.146625,-0.538003,0],[117.14629,-0.538212,0],[117.146218,-0.538257,0],[117.146104,-0.53833,0],[117.145929,-0.538442,0],[117.145833,-0.538508,0],[117.145659,-0.538628,0],[117.145567,-0.538673,0],[117.145479,-0.53869,0],[117.145417,-0.538671,0],[117.145369,-0.53864,0],[117.145306,-0.538567,0],[117.145242,-0.53845,0],[117.145196,-0.538384,0],[117.145139,-0.538322,0],[117.145065,-0.538251,0],[117.14496,-0.538174,0],[117.144805,-0.538078,0],[117.144734,-0.538036,0],[117.14468,-0.538003,0],[117.144546,-0.537929,0],[117.144473,-0.537885,0],[117.144379,-0.537961,0],[117.144289,-0.538007,0],[117.144196,-0.538026,0],[117.144089,-0.538032,0],[117.144007,-0.538026,0],[117.143921,-0.537999,0],[117.143816,-0.537944,0],[117.143649,-0.537843,0],[117.1435,-0.537757,0],[117.143296,-0.537647,0],[117.14319,-0.537579,0],[117.143149,-0.537545,0],[117.143103,-0.537507,0],[117.143058,-0.537472,0],[117.14302,-0.537434,0],[117.142963,-0.537368,0],[117.142896,-0.537311,0],[117.142793,-0.537234,0],[117.142645,-0.537126,0],[117.142703,-0.537047,0],[117.142766,-0.536972,0],[117.142832,-0.53689,0],[117.142869,-0.536824,0],[117.142927,-0.536705,0],[117.143013,-0.536659,0],[117.143115,-0.536608,0],[117.1432,-0.536556,0],[117.143278,-0.536505,0],[117.143368,-0.536417,0],[117.143444,-0.536309,0],[117.14351,-0.536161,0],[117.143551,-0.536007,0],[117.143573,-0.535821,0],[117.143593,-0.535629,0],[117.143601,-0.535463,0],[117.143865,-0.535194,0],[117.144028,-0.535003,0],[117.144168,-0.534837,0],[117.144276,-0.5347,0],[117.144348,-0.534605,0],[117.144415,-0.534521,0],[117.144464,-0.53444,0],[117.144505,-0.534348,0],[117.14453,-0.534246,0],[117.144555,-0.534047,0],[117.144574,-0.533921,0],[117.144741,-0.533855,0],[117.145037,-0.533647,0],[117.14524,-0.53349,0],[117.145429,-0.533324,0],[117.145581,-0.53311,0],[117.145711,-0.532887,0],[117.145833,-0.532611,0],[117.145846,-0.53258,0],[117.145886,-0.532472,0],[117.145914,-0.532398,0],[117.145954,-0.532306,0],[117.145995,-0.532217,0],[117.146036,-0.532137,0],[117.146073,-0.532059,0],[117.146103,-0.531989,0],[117.146137,-0.531914,0],[117.146186,-0.53181,0],[117.146222,-0.531751,0],[117.14627,-0.5317,0],[117.146324,-0.531668,0],[117.146406,-0.531608,0],[117.14642,-0.531597,0],[117.146666,-0.531302,0],[117.145879,-0.529519,0],[117.145776,-0.529013,0],[117.145569,-0.527994,0],[117.145493,-0.52777,0],[117.145412,-0.527531,0],[117.145207,-0.526928,0],[117.145205,-0.526923,0],[117.145431,-0.52684,0],[117.145411,-0.52675,0],[117.145405,-0.526724,0],[117.145387,-0.526642,0],[117.145211,-0.525862,0],[117.144886,-0.525534,0],[117.147525,-0.522004,0],[117.147508,-0.521966,0],[117.146871,-0.520473,0],[117.146217,-0.518942,0],[117.146211,-0.518929,0],[117.145683,-0.51769,0],[117.145676,-0.517674,0],[117.145642,-0.51748,0],[117.145636,-0.517465,0],[117.145625,-0.517437,0],[117.145602,-0.517382,0],[117.145562,-0.517283,0],[117.145519,-0.517177,0],[117.14549,-0.517108,0],[117.145427,-0.516955,0],[117.145374,-0.516827,0],[117.145313,-0.516683,0],[117.145249,-0.51653,0],[117.145221,-0.516462,0],[117.145126,-0.516233,0],[117.145115,-0.516208,0],[117.145019,-0.515973,0],[117.144942,-0.515773,0],[117.144903,-0.515669,0],[117.144852,-0.515533,0],[117.144842,-0.515505,0],[117.144732,-0.5152,0],[117.14468,-0.51505,0],[117.144652,-0.514982,0],[117.144632,-0.51494,0],[117.144598,-0.514882,0],[117.144565,-0.514819,0],[117.144542,-0.514769,0],[117.144526,-0.514729,0],[117.144511,-0.514692,0],[117.144507,-0.514681,0],[117.144494,-0.514644,0],[117.144478,-0.514598,0],[117.144435,-0.514471,0],[117.144411,-0.514366,0],[117.1444,-0.514315,0],[117.144389,-0.514268,0],[117.144362,-0.514185,0],[117.144315,-0.514056,0],[117.144236,-0.513924,0],[117.144202,-0.513857,0],[117.144156,-0.513743,0],[117.144086,-0.513556,0],[117.144017,-0.513368,0],[117.143941,-0.513168,0],[117.143883,-0.513046,0],[117.143829,-0.512948,0],[117.143736,-0.512815,0]]]]}},{"type":"Feature","properties":{"OBJECTID":45771,"KDPPUM":"64","NAMOBJ":"Kelurahan Rawa Makmur","REMARK":null,"KDPBPS":null,"FCODE":"BA03070040","LUASWH":null,"UUPP":"Hasil Delineasi Batas Desa 2018","SRS_ID":"SRGI 2013","METADATA":"TASWIL1000020200326DATA_BATAS_DESA_KELURAHAN","KDEBPS":null,"KDEPUM":"64.72.01.1001","KDCBPS":null,"KDCPUM":"64.72.01","KDBBPS":null,"WADMKD":"Kelurahan Rawa Makmur","WIADKD":null,"WADMKC":"Palaran","WIADKC":null,"WADMKK":"Kota Samarinda","WIADKK":null,"WADMPR":"Kalimantan Timur","WIADPR":null,"TIPADM":2,"KDPKAB":"64.72","SHAPE_Leng":0.147526511025054,"SHAPE_Area":0.000988416887448,"visibility":false},"geometry":{"type":"MultiPolygon","coordinates":[[[[117.195549,-0.561844,0],[117.195419,-0.561817,0],[117.195244,-0.561745,0],[117.195145,-0.56171,0],[117.194931,-0.561647,0],[117.194771,-0.561602,0],[117.194633,-0.561548,0],[117.19455,-0.56153,0],[117.19445,-0.561494,0],[117.194267,-0.56145,0],[117.194061,-0.561396,0],[117.193962,-0.56136,0],[117.193848,-0.561324,0],[117.193756,-0.561288,0],[117.193604,-0.561234,0],[117.193504,-0.561208,0],[117.193336,-0.561163,0],[117.193237,-0.561145,0],[117.193146,-0.561118,0],[117.193001,-0.561082,0],[117.19278,-0.561001,0],[117.192604,-0.560975,0],[117.192307,-0.560876,0],[117.192108,-0.560813,0],[117.191925,-0.560751,0],[117.191811,-0.560724,0],[117.191719,-0.560697,0],[117.19149,-0.560634,0],[117.19136,-0.560607,0],[117.191254,-0.560562,0],[117.191017,-0.560482,0],[117.190903,-0.560446,0],[117.190796,-0.560401,0],[117.190628,-0.560356,0],[117.190521,-0.56032,0],[117.190361,-0.560257,0],[117.190125,-0.560159,0],[117.189888,-0.56006,0],[117.189774,-0.559988,0],[117.189499,-0.559863,0],[117.1894,-0.559836,0],[117.189316,-0.559782,0],[117.189117,-0.559719,0],[117.189011,-0.559665,0],[117.188896,-0.559611,0],[117.188591,-0.559477,0],[117.188454,-0.559441,0],[117.188377,-0.559387,0],[117.188255,-0.559333,0],[117.188164,-0.559297,0],[117.187988,-0.559217,0],[117.187752,-0.559136,0],[117.187637,-0.559082,0],[117.187233,-0.558939,0],[117.187141,-0.558921,0],[117.186951,-0.558831,0],[117.186859,-0.558795,0],[117.186702,-0.558738,0],[117.186661,-0.558723,0],[117.18644,-0.558634,0],[117.186317,-0.558571,0],[117.186211,-0.558544,0],[117.185875,-0.558373,0],[117.18573,-0.55832,0],[117.185608,-0.558248,0],[117.185356,-0.558122,0],[117.185226,-0.558068,0],[117.185127,-0.558005,0],[117.185013,-0.557943,0],[117.184822,-0.557835,0],[117.184677,-0.557763,0],[117.184502,-0.557664,0],[117.184387,-0.557592,0],[117.184196,-0.557467,0],[117.184074,-0.557386,0],[117.183914,-0.557278,0],[117.183762,-0.557188,0],[117.18364,-0.557099,0],[117.183533,-0.557045,0],[117.183411,-0.556973,0],[117.183243,-0.556874,0],[117.183159,-0.556811,0],[117.182915,-0.556686,0],[117.18277,-0.556605,0],[117.182671,-0.55656,0],[117.182579,-0.556506,0],[117.182465,-0.55647,0],[117.182365,-0.556389,0],[117.182259,-0.556335,0],[117.182091,-0.556228,0],[117.181961,-0.556138,0],[117.18187,-0.556093,0],[117.181848,-0.556077,0],[117.181786,-0.55603,0],[117.181702,-0.555958,0],[117.181602,-0.555895,0],[117.18148,-0.555788,0],[117.181396,-0.555707,0],[117.181282,-0.555599,0],[117.18119,-0.555527,0],[117.181046,-0.55541,0],[117.180962,-0.555329,0],[117.180885,-0.555266,0],[117.180786,-0.555177,0],[117.180618,-0.555024,0],[117.180504,-0.554907,0],[117.180412,-0.554835,0],[117.180344,-0.554754,0],[117.180199,-0.55462,0],[117.180107,-0.554521,0],[117.179947,-0.554377,0],[117.179863,-0.554305,0],[117.179741,-0.554206,0],[117.179604,-0.554071,0],[117.179253,-0.553739,0],[117.179072,-0.553575,0],[117.173881,-0.556717,0],[117.173682,-0.556761,0],[117.172672,-0.556444,0],[117.171894,-0.556384,0],[117.171397,-0.556351,0],[117.17111,-0.556388,0],[117.17069,-0.556511,0],[117.170304,-0.556553,0],[117.169992,-0.556473,0],[117.169803,-0.556417,0],[117.169672,-0.556438,0],[117.169517,-0.556408,0],[117.169178,-0.556357,0],[117.169029,-0.556453,0],[117.168357,-0.556602,0],[117.167584,-0.556619,0],[117.167381,-0.556671,0],[117.167162,-0.556691,0],[117.1669,-0.556703,0],[117.166698,-0.556698,0],[117.166551,-0.556736,0],[117.166391,-0.556729,0],[117.166259,-0.556824,0],[117.166082,-0.556843,0],[117.165827,-0.556951,0],[117.165604,-0.557102,0],[117.165374,-0.557182,0],[117.165162,-0.557296,0],[117.164975,-0.557485,0],[117.164755,-0.557673,0],[117.164508,-0.55771,0],[117.164358,-0.557834,0],[117.164174,-0.557923,0],[117.163935,-0.558113,0],[117.163775,-0.558307,0],[117.163635,-0.558501,0],[117.163574,-0.558638,0],[117.163337,-0.558853,0],[117.163146,-0.559043,0],[117.162962,-0.559143,0],[117.162751,-0.559381,0],[117.162671,-0.559534,0],[117.162677,-0.559656,0],[117.162563,-0.559851,0],[117.162368,-0.560195,0],[117.162349,-0.560365,0],[117.161771,-0.561118,0],[117.16175,-0.56127,0],[117.161619,-0.561522,0],[117.161299,-0.561921,0],[117.161063,-0.562443,0],[117.160888,-0.562682,0],[117.160706,-0.56305,0],[117.160455,-0.563441,0],[117.160234,-0.563876,0],[117.159902,-0.564254,0],[117.159646,-0.564665,0],[117.159264,-0.564995,0],[117.158994,-0.565369,0],[117.158616,-0.565776,0],[117.158285,-0.565961,0],[117.157729,-0.566462,0],[117.15714,-0.567012,0],[117.156611,-0.567379,0],[117.156169,-0.567737,0],[117.155774,-0.568198,0],[117.155655,-0.568769,0],[117.1554,-0.569363,0],[117.155438,-0.570001,0],[117.155453,-0.570657,0],[117.155656,-0.571558,0],[117.155912,-0.572381,0],[117.156849,-0.573998,0],[117.157425,-0.574711,0],[117.158179,-0.575544,0],[117.158847,-0.576086,0],[117.159519,-0.576632,0],[117.160471,-0.57719,0],[117.16123,-0.577581,0],[117.162115,-0.578073,0],[117.162964,-0.578485,0],[117.163358,-0.578594,0],[117.163799,-0.578419,0],[117.164134,-0.578529,0],[117.164165,-0.578993,0],[117.164258,-0.579543,0],[117.164428,-0.580217,0],[117.164502,-0.581125,0],[117.164529,-0.58149,0],[117.164376,-0.581973,0],[117.164221,-0.58225,0],[117.164454,-0.582292,0],[117.164967,-0.582322,0],[117.165859,-0.582478,0],[117.166166,-0.582598,0],[117.166449,-0.58263,0],[117.166592,-0.58255,0],[117.167222,-0.582648,0],[117.167513,-0.582738,0],[117.168229,-0.582838,0],[117.169204,-0.582936,0],[117.169987,-0.583445,0],[117.173863,-0.584276,0],[117.174579,-0.584438,0],[117.175431,-0.584605,0],[117.176492,-0.58483,0],[117.177269,-0.584979,0],[117.177357,-0.584974,0],[117.177429,-0.584993,0],[117.177491,-0.585066,0],[117.1775,-0.585162,0],[117.177496,-0.585402,0],[117.177531,-0.585674,0],[117.17764,-0.585849,0],[117.177741,-0.58587,0],[117.178195,-0.585907,0],[117.17877,-0.585899,0],[117.179226,-0.585867,0],[117.179464,-0.585882,0],[117.179969,-0.585879,0],[117.180198,-0.585891,0],[117.180751,-0.585878,0],[117.182589,-0.585485,0],[117.184946,-0.585527,0],[117.184438,-0.590487,0],[117.184352,-0.592052,0],[117.184742,-0.592427,0],[117.186056,-0.593695,0],[117.187248,-0.594845,0],[117.190957,-0.598422,0],[117.191006,-0.598416,0],[117.19106,-0.598433,0],[117.191089,-0.59848,0],[117.191138,-0.598477,0],[117.191174,-0.598452,0],[117.191205,-0.598424,0],[117.191267,-0.598429,0],[117.191291,-0.598449,0],[117.191334,-0.598449,0],[117.191374,-0.598421,0],[117.191412,-0.598365,0],[117.191447,-0.598297,0],[117.191453,-0.598243,0],[117.191467,-0.598173,0],[117.191491,-0.59813,0],[117.191576,-0.598044,0],[117.191632,-0.598041,0],[117.191939,-0.598025,0],[117.192285,-0.598013,0],[117.19246,-0.597979,0],[117.192568,-0.597947,0],[117.192669,-0.597882,0],[117.192771,-0.597864,0],[117.192913,-0.597892,0],[117.193186,-0.597816,0],[117.193526,-0.597335,0],[117.193632,-0.597162,0],[117.193613,-0.597007,0],[117.193468,-0.596824,0],[117.192977,-0.596303,0],[117.192813,-0.59612,0],[117.19261,-0.595744,0],[117.192601,-0.595406,0],[117.192668,-0.595078,0],[117.193249,-0.594318,0],[117.193394,-0.594048,0],[117.193442,-0.593807,0],[117.193385,-0.593585,0],[117.193269,-0.593373,0],[117.193076,-0.5932,0],[117.192691,-0.592978,0],[117.192006,-0.592621,0],[117.191881,-0.592515,0],[117.191746,-0.59239,0],[117.191505,-0.59184,0],[117.19137,-0.591377,0],[117.19127,-0.590489,0],[117.191289,-0.58937,0],[117.19128,-0.589072,0],[117.19141,-0.58851,0],[117.191641,-0.587662,0],[117.191699,-0.587354,0],[117.191699,-0.587045,0],[117.191708,-0.586804,0],[117.191815,-0.586302,0],[117.191882,-0.585801,0],[117.192003,-0.583357,0],[117.192233,-0.581439,0],[117.192069,-0.58087,0],[117.191944,-0.580128,0],[117.191973,-0.579781,0],[117.192108,-0.579453,0],[117.192348,-0.578949,0],[117.192521,-0.578611,0],[117.19255,-0.578419,0],[117.19255,-0.578236,0],[117.192682,-0.578008,0],[117.192876,-0.577682,0],[117.192601,-0.576999,0],[117.193226,-0.57615,0],[117.193329,-0.575857,0],[117.193579,-0.575432,0],[117.193782,-0.575009,0],[117.193946,-0.574516,0],[117.194028,-0.574361,0],[117.194044,-0.574267,0],[117.193798,-0.573882,0],[117.193761,-0.573481,0],[117.19386,-0.572892,0],[117.1937,-0.57272,0],[117.193495,-0.572624,0],[117.193177,-0.572576,0],[117.192994,-0.572499,0],[117.192839,-0.572297,0],[117.192878,-0.572011,0],[117.193003,-0.571573,0],[117.193283,-0.571245,0],[117.193498,-0.570886,0],[117.193604,-0.570587,0],[117.193671,-0.57025,0],[117.19371,-0.569918,0],[117.19372,-0.569546,0],[117.193575,-0.569016,0],[117.19344,-0.568041,0],[117.19345,-0.567771,0],[117.193662,-0.567531,0],[117.193662,-0.567318,0],[117.193709,-0.567089,0],[117.193749,-0.566836,0],[117.193826,-0.566673,0],[117.193806,-0.566287,0],[117.194018,-0.565853,0],[117.194115,-0.565757,0],[117.194074,-0.565619,0],[117.195151,-0.562896,0],[117.195549,-0.561844,0]]]]}},{"type":"Feature","properties":{"OBJECTID":45780,"KDPPUM":"64","NAMOBJ":"Kelurahan Sambutan","REMARK":null,"KDPBPS":null,"FCODE":"BA03070040","LUASWH":null,"UUPP":"Hasil Delineasi Batas Desa 2018","SRS_ID":"SRGI 2013","METADATA":"TASWIL1000020200326DATA_BATAS_DESA_KELURAHAN","KDEBPS":null,"KDEPUM":"64.72.07.1002","KDCBPS":null,"KDCPUM":"64.72.07","KDBBPS":null,"WADMKD":"Kelurahan Sambutan","WIADKD":null,"WADMKC":"Sambutan","WIADKC":null,"WADMKK":"Kota Samarinda","WIADKK":null,"WADMPR":"Kalimantan Timur","WIADPR":null,"TIPADM":2,"KDPKAB":"64.72","SHAPE_Leng":0.24722941534962,"SHAPE_Area":0.00216214247931,"visibility":false},"geometry":{"type":"MultiPolygon","coordinates":[[[[117.225921,-0.487435,0],[117.225843,-0.487168,0],[117.225736,-0.486894,0],[117.225165,-0.486513,0],[117.224844,-0.486335,0],[117.224713,-0.486317,0],[117.224225,-0.486424,0],[117.223815,-0.486543,0],[117.223727,-0.486619,0],[117.222879,-0.487228,0],[117.222198,-0.487656,0],[117.221794,-0.487738,0],[117.221239,-0.487816,0],[117.220103,-0.487989,0],[117.219609,-0.488042,0],[117.21949,-0.488066,0],[117.219359,-0.488137,0],[117.219127,-0.488357,0],[117.218937,-0.488637,0],[117.218854,-0.488988,0],[117.218842,-0.489464,0],[117.218812,-0.489993,0],[117.218723,-0.490142,0],[117.218455,-0.490249,0],[117.218033,-0.490362,0],[117.21739,-0.490427,0],[117.217117,-0.490422,0],[117.216831,-0.490552,0],[117.215817,-0.491192,0],[117.214468,-0.492028,0],[117.214311,-0.492078,0],[117.21389,-0.492099,0],[117.213355,-0.492042,0],[117.212412,-0.491778,0],[117.212134,-0.491735,0],[117.211856,-0.491742,0],[117.210899,-0.491292,0],[117.209978,-0.49085,0],[117.20985,-0.490707,0],[117.2098,-0.490521,0],[117.2098,-0.490264,0],[117.2098,-0.489972,0],[117.209821,-0.489758,0],[117.209778,-0.489544,0],[117.209493,-0.489122,0],[117.209036,-0.488794,0],[117.208665,-0.488516,0],[117.208486,-0.488473,0],[117.207951,-0.488501,0],[117.207237,-0.488794,0],[117.206623,-0.489072,0],[117.206295,-0.489194,0],[117.206102,-0.489222,0],[117.205588,-0.489165,0],[117.20446,-0.488908,0],[117.203511,-0.488409,0],[117.202689,-0.48823,0],[117.201539,-0.488259,0],[117.201162,-0.488416,0],[117.200927,-0.48853,0],[117.200612,-0.488551,0],[117.199998,-0.488466,0],[117.199798,-0.48843,0],[117.199113,-0.48858,0],[117.198256,-0.489058,0],[117.196593,-0.490172,0],[117.19645,-0.490282,0],[117.196248,-0.490372,0],[117.196088,-0.490455,0],[117.195856,-0.490378,0],[117.195725,-0.490312,0],[117.195469,-0.490276,0],[117.195207,-0.490253,0],[117.195053,-0.490247,0],[117.194934,-0.49033,0],[117.194636,-0.490556,0],[117.194416,-0.490717,0],[117.193976,-0.490836,0],[117.192959,-0.490984,0],[117.19237,-0.490996,0],[117.191745,-0.490955,0],[117.191596,-0.490955,0],[117.191454,-0.49099,0],[117.191337,-0.491078,0],[117.191294,-0.491185,0],[117.191301,-0.491321,0],[117.191358,-0.491557,0],[117.191358,-0.491749,0],[117.191308,-0.491885,0],[117.191116,-0.491978,0],[117.190552,-0.492085,0],[117.189167,-0.492249,0],[117.187611,-0.492377,0],[117.187632,-0.493669,0],[117.187696,-0.494262,0],[117.187532,-0.49454,0],[117.186911,-0.495033,0],[117.186462,-0.495222,0],[117.186068,-0.495347,0],[117.185864,-0.495414,0],[117.185628,-0.495483,0],[117.185492,-0.495546,0],[117.185319,-0.495657,0],[117.185012,-0.495568,0],[117.184887,-0.495511,0],[117.184733,-0.495438,0],[117.184671,-0.49537,0],[117.184601,-0.495249,0],[117.184495,-0.495094,0],[117.184349,-0.494954,0],[117.184027,-0.494819,0],[117.183506,-0.494669,0],[117.182885,-0.494612,0],[117.182857,-0.494616,0],[117.182746,-0.494652,0],[117.182637,-0.494679,0],[117.182433,-0.494673,0],[117.182399,-0.494674,0],[117.182224,-0.494645,0],[117.182021,-0.494597,0],[117.181722,-0.494512,0],[117.181619,-0.494427,0],[117.181464,-0.494268,0],[117.181377,-0.494197,0],[117.181195,-0.494072,0],[117.180693,-0.49382,0],[117.180308,-0.493684,0],[117.180001,-0.493542,0],[117.179817,-0.493443,0],[117.17968,-0.493389,0],[117.17958,-0.493334,0],[117.179529,-0.493288,0],[117.179505,-0.493226,0],[117.1795,-0.493218,0],[117.179457,-0.493053,0],[117.179406,-0.492711,0],[117.179373,-0.492563,0],[117.179336,-0.492481,0],[117.179031,-0.492173,0],[117.178845,-0.491921,0],[117.178802,-0.491804,0],[117.178722,-0.491473,0],[117.178597,-0.491236,0],[117.178564,-0.491176,0],[117.178518,-0.491011,0],[117.178488,-0.490882,0],[117.178454,-0.490651,0],[117.178437,-0.490572,0],[117.178424,-0.490462,0],[117.178386,-0.490283,0],[117.178353,-0.490103,0],[117.178338,-0.490065,0],[117.178267,-0.48995,0],[117.178121,-0.489759,0],[117.177937,-0.489582,0],[117.177845,-0.489536,0],[117.177588,-0.489422,0],[117.17742,-0.489238,0],[117.177347,-0.48912,0],[117.177306,-0.488971,0],[117.177207,-0.488583,0],[117.177184,-0.488505,0],[117.176796,-0.488537,0],[117.171953,-0.488943,0],[117.172036,-0.48911,0],[117.172227,-0.489413,0],[117.172251,-0.489568,0],[117.17228,-0.489681,0],[117.172423,-0.489758,0],[117.17253,-0.489788,0],[117.172542,-0.490282,0],[117.172572,-0.490609,0],[117.17256,-0.490799,0],[117.172518,-0.490948,0],[117.172417,-0.491174,0],[117.172274,-0.491346,0],[117.172238,-0.491365,0],[117.172244,-0.491387,0],[117.172293,-0.491465,0],[117.17235,-0.491548,0],[117.172442,-0.491692,0],[117.172529,-0.491824,0],[117.172575,-0.491892,0],[117.172636,-0.491969,0],[117.172688,-0.492026,0],[117.172746,-0.492075,0],[117.172811,-0.492103,0],[117.172863,-0.492112,0],[117.172901,-0.492116,0],[117.172953,-0.492123,0],[117.172987,-0.492133,0],[117.173013,-0.492143,0],[117.173046,-0.492165,0],[117.173069,-0.492192,0],[117.173082,-0.492219,0],[117.173092,-0.492252,0],[117.173102,-0.492353,0],[117.173102,-0.492461,0],[117.173098,-0.492577,0],[117.173085,-0.492705,0],[117.173073,-0.492854,0],[117.173052,-0.492987,0],[117.173038,-0.493118,0],[117.173035,-0.493204,0],[117.173037,-0.493251,0],[117.17304,-0.493298,0],[117.173048,-0.493357,0],[117.173059,-0.49341,0],[117.173065,-0.493462,0],[117.173064,-0.493505,0],[117.173054,-0.493561,0],[117.173765,-0.494592,0],[117.173778,-0.494612,0],[117.175885,-0.497668,0],[117.175863,-0.498203,0],[117.1749,-0.498103,0],[117.173479,-0.499416,0],[117.173458,-0.499431,0],[117.173258,-0.499565,0],[117.173065,-0.499695,0],[117.172977,-0.499798,0],[117.172761,-0.500047,0],[117.172747,-0.50006,0],[117.17273,-0.500074,0],[117.172677,-0.500131,0],[117.172452,-0.500375,0],[117.172195,-0.500718,0],[117.172108,-0.500914,0],[117.172047,-0.501067,0],[117.171999,-0.501192,0],[117.17193,-0.501352,0],[117.171852,-0.501422,0],[117.17183,-0.501436,0],[117.171659,-0.501489,0],[117.171495,-0.501559,0],[117.171337,-0.50166,0],[117.171264,-0.501725,0],[117.17113,-0.501909,0],[117.171045,-0.502023,0],[117.170966,-0.502112,0],[117.170889,-0.502188,0],[117.170835,-0.502261,0],[117.170778,-0.502348,0],[117.170718,-0.502462,0],[117.170658,-0.502605,0],[117.17062,-0.502708,0],[117.1706,-0.502779,0],[117.170584,-0.502873,0],[117.170583,-0.502949,0],[117.170588,-0.503049,0],[117.170582,-0.503141,0],[117.170567,-0.50322,0],[117.170545,-0.503281,0],[117.170517,-0.503329,0],[117.170472,-0.503379,0],[117.170404,-0.503433,0],[117.170364,-0.503465,0],[117.170319,-0.503492,0],[117.170268,-0.503517,0],[117.170227,-0.503544,0],[117.170184,-0.50358,0],[117.170167,-0.503596,0],[117.170148,-0.503612,0],[117.170111,-0.503626,0],[117.170082,-0.503638,0],[117.170051,-0.503654,0],[117.170029,-0.503672,0],[117.169995,-0.503705,0],[117.169965,-0.503736,0],[117.169935,-0.503765,0],[117.169913,-0.503784,0],[117.169879,-0.503799,0],[117.169862,-0.503806,0],[117.169834,-0.503818,0],[117.169817,-0.503832,0],[117.169789,-0.503853,0],[117.169765,-0.503871,0],[117.169744,-0.503896,0],[117.169721,-0.503918,0],[117.169698,-0.503944,0],[117.169678,-0.503961,0],[117.16966,-0.503966,0],[117.169634,-0.503966,0],[117.169607,-0.503965,0],[117.169592,-0.503967,0],[117.169582,-0.503974,0],[117.169568,-0.503993,0],[117.169549,-0.504019,0],[117.16953,-0.50404,0],[117.169498,-0.504069,0],[117.169465,-0.504101,0],[117.169442,-0.504125,0],[117.169419,-0.504149,0],[117.169403,-0.504163,0],[117.169369,-0.504189,0],[117.16934,-0.50421,0],[117.169312,-0.504227,0],[117.169265,-0.504246,0],[117.169237,-0.504252,0],[117.169217,-0.504251,0],[117.169194,-0.504245,0],[117.169178,-0.504239,0],[117.169166,-0.504231,0],[117.169156,-0.504219,0],[117.169135,-0.50419,0],[117.169118,-0.504171,0],[117.169105,-0.504156,0],[117.169088,-0.504136,0],[117.169067,-0.50412,0],[117.169039,-0.504097,0],[117.169029,-0.504086,0],[117.168986,-0.504106,0],[117.168948,-0.504126,0],[117.168917,-0.504142,0],[117.168883,-0.504159,0],[117.168853,-0.504173,0],[117.168829,-0.50418,0],[117.168791,-0.504187,0],[117.168759,-0.504196,0],[117.168736,-0.504204,0],[117.168712,-0.504218,0],[117.168692,-0.504238,0],[117.168677,-0.504267,0],[117.168663,-0.504295,0],[117.168647,-0.504334,0],[117.168631,-0.504372,0],[117.168612,-0.504403,0],[117.168572,-0.504478,0],[117.16854,-0.504538,0],[117.168508,-0.504588,0],[117.168471,-0.504638,0],[117.168458,-0.504655,0],[117.168411,-0.504713,0],[117.168367,-0.504757,0],[117.168337,-0.504788,0],[117.168319,-0.50481,0],[117.168296,-0.504843,0],[117.168273,-0.504888,0],[117.168266,-0.504902,0],[117.168237,-0.504962,0],[117.168205,-0.505033,0],[117.168159,-0.505133,0],[117.168129,-0.505208,0],[117.168121,-0.505224,0],[117.168098,-0.50527,0],[117.168065,-0.50532,0],[117.168021,-0.505369,0],[117.167981,-0.505418,0],[117.167953,-0.505456,0],[117.167941,-0.505478,0],[117.167932,-0.505506,0],[117.167899,-0.505483,0],[117.167872,-0.505471,0],[117.167849,-0.505469,0],[117.167817,-0.505472,0],[117.167782,-0.505475,0],[117.167746,-0.505476,0],[117.167715,-0.505478,0],[117.167686,-0.505481,0],[117.167655,-0.505487,0],[117.167614,-0.505499,0],[117.167577,-0.505518,0],[117.167538,-0.505548,0],[117.167494,-0.505593,0],[117.167476,-0.5056,0],[117.167452,-0.5056,0],[117.167426,-0.505594,0],[117.167397,-0.505586,0],[117.167368,-0.505583,0],[117.167341,-0.505588,0],[117.167305,-0.505604,0],[117.16728,-0.505621,0],[117.167253,-0.505649,0],[117.167232,-0.505669,0],[117.167227,-0.505675,0],[117.167196,-0.505664,0],[117.167162,-0.505651,0],[117.167137,-0.505637,0],[117.167116,-0.505628,0],[117.16709,-0.505617,0],[117.167056,-0.505603,0],[117.167018,-0.505582,0],[117.166988,-0.505562,0],[117.166967,-0.505547,0],[117.166948,-0.505535,0],[117.166929,-0.50552,0],[117.166914,-0.505511,0],[117.16689,-0.505497,0],[117.166857,-0.505474,0],[117.166803,-0.505439,0],[117.166758,-0.505416,0],[117.166712,-0.505384,0],[117.166667,-0.505446,0],[117.166653,-0.505465,0],[117.166604,-0.505527,0],[117.166543,-0.505591,0],[117.166505,-0.505622,0],[117.166403,-0.505698,0],[117.166367,-0.505715,0],[117.166334,-0.505727,0],[117.166304,-0.505731,0],[117.166275,-0.505729,0],[117.166244,-0.505717,0],[117.166227,-0.505709,0],[117.166209,-0.505702,0],[117.166182,-0.505697,0],[117.166157,-0.505698,0],[117.166129,-0.5057,0],[117.166066,-0.505718,0],[117.165977,-0.505748,0],[117.165913,-0.505765,0],[117.165842,-0.50578,0],[117.16584,-0.505808,0],[117.165833,-0.505841,0],[117.16581,-0.505877,0],[117.165778,-0.505917,0],[117.165723,-0.50597,0],[117.16567,-0.506031,0],[117.165657,-0.506057,0],[117.1656,-0.506164,0],[117.165579,-0.506192,0],[117.165489,-0.50627,0],[117.165451,-0.506325,0],[117.165165,-0.506658,0],[117.165156,-0.50665,0],[117.165426,-0.506929,0],[117.165616,-0.50716,0],[117.16581,-0.507493,0],[117.165845,-0.507615,0],[117.165846,-0.507633,0],[117.165859,-0.507719,0],[117.165865,-0.507774,0],[117.165859,-0.508088,0],[117.165858,-0.508093,0],[117.16584,-0.508158,0],[117.165833,-0.508187,0],[117.165807,-0.508269,0],[117.165779,-0.508357,0],[117.165761,-0.508435,0],[117.165741,-0.508511,0],[117.165722,-0.508586,0],[117.165694,-0.508686,0],[117.165676,-0.508763,0],[117.165671,-0.508801,0],[117.16566,-0.508842,0],[117.165643,-0.509577,0],[117.165632,-0.509717,0],[117.165629,-0.509749,0],[117.165615,-0.509862,0],[117.165593,-0.509993,0],[117.165578,-0.510099,0],[117.165562,-0.510183,0],[117.165553,-0.510222,0],[117.165508,-0.510387,0],[117.165469,-0.510523,0],[117.165423,-0.510646,0],[117.165334,-0.510894,0],[117.165306,-0.510974,0],[117.165233,-0.511183,0],[117.165166,-0.511376,0],[117.165129,-0.511495,0],[117.165094,-0.511613,0],[117.165091,-0.511625,0],[117.164996,-0.511925,0],[117.164827,-0.512976,0],[117.164816,-0.513038,0],[117.164796,-0.513144,0],[117.164773,-0.513239,0],[117.164747,-0.513325,0],[117.164709,-0.51342,0],[117.164688,-0.51347,0],[117.164655,-0.513529,0],[117.164606,-0.5136,0],[117.164539,-0.51369,0],[117.164499,-0.51374,0],[117.164363,-0.513905,0],[117.164191,-0.514123,0],[117.164188,-0.514126,0],[117.164143,-0.514238,0],[117.16412,-0.514386,0],[117.164126,-0.514519,0],[117.164142,-0.514664,0],[117.164196,-0.514835,0],[117.16428,-0.515073,0],[117.164327,-0.515327,0],[117.164333,-0.515478,0],[117.164331,-0.515495,0],[117.164329,-0.515506,0],[117.164326,-0.515526,0],[117.16432,-0.515564,0],[117.164305,-0.515623,0],[117.164283,-0.515695,0],[117.164254,-0.515788,0],[117.164199,-0.51595,0],[117.164167,-0.516048,0],[117.164131,-0.516165,0],[117.164029,-0.51644,0],[117.163867,-0.516814,0],[117.163713,-0.517104,0],[117.163662,-0.517195,0],[117.163624,-0.517249,0],[117.163586,-0.517301,0],[117.163534,-0.517371,0],[117.163467,-0.517452,0],[117.163395,-0.517549,0],[117.163359,-0.517595,0],[117.163302,-0.517675,0],[117.163268,-0.517724,0],[117.163243,-0.517771,0],[117.163218,-0.517824,0],[117.163202,-0.517864,0],[117.163191,-0.517906,0],[117.163176,-0.51798,0],[117.16317,-0.518055,0],[117.163165,-0.518129,0],[117.163163,-0.518256,0],[117.16315,-0.518445,0],[117.163145,-0.518569,0],[117.16314,-0.518699,0],[117.16313,-0.518818,0],[117.163113,-0.518936,0],[117.163089,-0.519075,0],[117.163074,-0.519139,0],[117.163061,-0.519193,0],[117.163031,-0.519314,0],[117.162998,-0.519442,0],[117.162962,-0.519568,0],[117.162984,-0.519575,0],[117.163049,-0.519596,0],[117.163118,-0.519622,0],[117.163209,-0.519668,0],[117.163332,-0.519749,0],[117.163455,-0.519833,0],[117.163552,-0.519893,0],[117.16371,-0.519992,0],[117.163787,-0.520043,0],[117.163789,-0.520045,0],[117.163797,-0.52005,0],[117.163931,-0.520138,0],[117.163955,-0.520154,0],[117.164004,-0.520195,0],[117.164125,-0.520261,0],[117.164486,-0.520442,0],[117.164717,-0.520574,0],[117.164891,-0.520693,0],[117.165037,-0.520783,0],[117.165038,-0.520784,0],[117.165113,-0.520833,0],[117.165142,-0.52085,0],[117.165163,-0.520861,0],[117.165184,-0.520873,0],[117.16522,-0.52089,0],[117.165288,-0.520927,0],[117.16535,-0.520955,0],[117.165373,-0.520965,0],[117.165463,-0.521012,0],[117.165518,-0.52103,0],[117.165508,-0.521053,0],[117.165502,-0.521064,0],[117.16552,-0.52107,0],[117.166135,-0.521268,0],[117.167194,-0.521652,0],[117.167458,-0.521759,0],[117.16788,-0.520845,0],[117.168179,-0.52021,0],[117.168508,-0.519425,0],[117.168572,-0.519146,0],[117.168693,-0.518533,0],[117.170151,-0.517813,0],[117.170357,-0.517687,0],[117.170692,-0.517426,0],[117.170959,-0.517255,0],[117.171242,-0.517011,0],[117.171425,-0.516849,0],[117.171959,-0.516471,0],[117.172096,-0.516498,0],[117.172455,-0.516758,0],[117.172653,-0.517226,0],[117.172795,-0.517655,0],[117.172829,-0.517757,0],[117.173012,-0.518377,0],[117.173033,-0.518499,0],[117.173065,-0.518683,0],[117.173325,-0.518943,0],[117.173592,-0.51915,0],[117.174072,-0.519284,0],[117.174393,-0.519266,0],[117.174583,-0.519149,0],[117.175095,-0.518834,0],[117.175415,-0.518671,0],[117.175827,-0.518446,0],[117.176231,-0.518293,0],[117.181592,-0.516691,0],[117.181757,-0.517773,0],[117.181778,-0.517838,0],[117.182192,-0.517759,0],[117.183037,-0.517735,0],[117.183632,-0.517854,0],[117.184012,-0.518306,0],[117.186218,-0.521737,0],[117.186256,-0.522816,0],[117.186066,-0.523464,0],[117.185959,-0.524348,0],[117.185934,-0.524764,0],[117.185996,-0.525227,0],[117.18602,-0.525407,0],[117.186462,-0.526396,0],[117.186531,-0.527251,0],[117.184792,-0.528817,0],[117.183446,-0.529331,0],[117.182946,-0.529552,0],[117.180869,-0.531901,0],[117.181114,-0.532077,0],[117.184247,-0.53404,0],[117.186352,-0.535359,0],[117.188188,-0.53651,0],[117.190544,-0.537986,0],[117.193515,-0.5368,0],[117.19419,-0.536562,0],[117.195171,-0.536333,0],[117.195827,-0.536257,0],[117.196427,-0.536257,0],[117.19706,-0.536338,0],[117.214364,-0.525367,0],[117.21526,-0.52512,0],[117.21624,-0.524968,0],[117.217059,-0.524949,0],[117.21801,-0.525111,0],[117.219029,-0.525577,0],[117.21979,-0.525901,0],[117.220238,-0.5263,0],[117.220276,-0.526166,0],[117.220306,-0.526065,0],[117.220354,-0.525904,0],[117.220395,-0.525805,0],[117.220467,-0.525675,0],[117.22055,-0.525556,0],[117.220716,-0.525401,0],[117.220895,-0.525258,0],[117.221061,-0.525151,0],[117.221216,-0.52502,0],[117.221311,-0.524842,0],[117.221335,-0.524711,0],[117.221454,-0.522498,0],[117.221502,-0.522236,0],[117.221549,-0.522105,0],[117.221633,-0.521927,0],[117.22168,-0.521725,0],[117.221704,-0.52151,0],[117.221787,-0.521273,0],[117.221966,-0.521094,0],[117.222049,-0.520892,0],[117.222144,-0.520499,0],[117.222299,-0.520023,0],[117.222415,-0.519674,0],[117.222969,-0.518175,0],[117.222819,-0.51736,0],[117.222763,-0.51706,0],[117.222443,-0.516205,0],[117.222115,-0.51527,0],[117.221893,-0.51447,0],[117.222153,-0.513975,0],[117.222916,-0.51348,0],[117.223694,-0.513002,0],[117.224869,-0.512803,0],[117.225274,-0.512307,0],[117.227162,-0.509995,0],[117.228383,-0.5085,0],[117.228476,-0.508385,0],[117.228984,-0.507763,0],[117.229618,-0.506987,0],[117.230062,-0.506443,0],[117.230098,-0.506321,0],[117.230342,-0.505173,0],[117.230395,-0.504774,0],[117.230395,-0.504554,0],[117.230336,-0.504221,0],[117.230264,-0.503912,0],[117.230134,-0.503525,0],[117.229866,-0.502746,0],[117.229836,-0.502579,0],[117.229794,-0.502418,0],[117.229806,-0.502264,0],[117.229824,-0.502115,0],[117.229884,-0.50183,0],[117.229985,-0.501235,0],[117.230116,-0.500741,0],[117.230587,-0.499631,0],[117.231015,-0.49887,0],[117.23123,-0.498275,0],[117.232144,-0.496981,0],[117.232234,-0.496815,0],[117.232286,-0.496734,0],[117.232296,-0.496657,0],[117.232291,-0.496591,0],[117.232239,-0.49651,0],[117.232141,-0.496364,0],[117.232022,-0.496221,0],[117.231914,-0.496161,0],[117.231784,-0.496042,0],[117.23176,-0.496042,0],[117.231653,-0.496007,0],[117.231534,-0.495971,0],[117.231439,-0.495971,0],[117.231308,-0.495995,0],[117.231177,-0.496007,0],[117.231022,-0.496042,0],[117.230891,-0.496078,0],[117.23063,-0.496007,0],[117.230499,-0.495923,0],[117.230332,-0.495793,0],[117.23013,-0.495674,0],[117.229975,-0.495507,0],[117.229916,-0.495388,0],[117.229916,-0.495269,0],[117.229928,-0.495091,0],[117.230035,-0.4949,0],[117.230152,-0.49468,0],[117.230397,-0.494197,0],[117.230468,-0.494019,0],[117.230533,-0.493854,0],[117.23054,-0.49369,0],[117.230533,-0.493555,0],[117.230511,-0.493469,0],[117.230475,-0.493362,0],[117.230411,-0.493219,0],[117.23029,-0.493084,0],[117.230226,-0.492934,0],[117.230176,-0.492798,0],[117.230176,-0.492727,0],[117.23019,-0.492498,0],[117.230268,-0.49232,0],[117.230347,-0.492048,0],[117.230404,-0.491784,0],[117.23047,-0.49165,0],[117.230546,-0.491516,0],[117.230527,-0.491345,0],[117.230466,-0.491113,0],[117.230469,-0.491013,0],[117.230502,-0.490888,0],[117.230598,-0.490713,0],[117.230716,-0.490484,0],[117.230777,-0.490257,0],[117.230785,-0.490056,0],[117.230756,-0.489822,0],[117.230705,-0.48956,0],[117.23065,-0.489417,0],[117.230574,-0.489305,0],[117.230501,-0.48922,0],[117.230394,-0.489156,0],[117.229994,-0.489023,0],[117.229853,-0.488999,0],[117.229619,-0.489006,0],[117.229436,-0.488999,0],[117.22931,-0.488954,0],[117.229153,-0.488873,0],[117.228998,-0.488761,0],[117.228943,-0.488744,0],[117.228839,-0.488747,0],[117.228524,-0.488768,0],[117.228422,-0.488759,0],[117.228306,-0.488732,0],[117.22803,-0.488611,0],[117.227568,-0.488298,0],[117.227336,-0.48811,0],[117.227277,-0.488042,0],[117.226987,-0.487633,0],[117.226784,-0.487581,0],[117.226194,-0.4876,0],[117.225921,-0.487435,0]]],[[[117.17164,-0.491471,0],[117.171654,-0.491456,0],[117.171659,-0.491453,0],[117.171655,-0.491455,0],[117.171616,-0.491475,0],[117.171626,-0.491489,0],[117.17164,-0.491471,0]]]]}},{"type":"Feature","properties":{"OBJECTID":45787,"KDPPUM":"64","NAMOBJ":"Kelurahan Sempaja Barat","REMARK":null,"KDPBPS":null,"FCODE":"BA03070040","LUASWH":null,"UUPP":"Hasil Delineasi Batas Desa 2018","SRS_ID":"SRGI 2013","METADATA":"TASWIL1000020200326DATA_BATAS_DESA_KELURAHAN","KDEBPS":null,"KDEPUM":"64.72.05.1012","KDCBPS":null,"KDCPUM":"64.72.05","KDBBPS":null,"WADMKD":"Kelurahan Sempaja Barat","WIADKD":null,"WADMKC":"Samarinda Utara","WIADKC":null,"WADMKK":"Kota Samarinda","WIADKK":null,"WADMPR":"Kalimantan Timur","WIADPR":null,"TIPADM":2,"KDPKAB":"64.72","SHAPE_Leng":0.050646742508234,"SHAPE_Area":0.000145982084344,"visibility":false},"geometry":{"type":"MultiPolygon","coordinates":[[[[117.15284,-0.439599,0],[117.152632,-0.439373,0],[117.15202,-0.438827,0],[117.151342,-0.438314,0],[117.151092,-0.438145,0],[117.15064,-0.437819,0],[117.150191,-0.438106,0],[117.149569,-0.438506,0],[117.148455,-0.439063,0],[117.147128,-0.43952,0],[117.146171,-0.439691,0],[117.146106,-0.4397,0],[117.145951,-0.439763,0],[117.145883,-0.439801,0],[117.145808,-0.439852,0],[117.145692,-0.439977,0],[117.145586,-0.440134,0],[117.1453,-0.441162,0],[117.145156,-0.441613,0],[117.144964,-0.44217,0],[117.144899,-0.442377,0],[117.144799,-0.442666,0],[117.144596,-0.443222,0],[117.144501,-0.443413,0],[117.144426,-0.443514,0],[117.144358,-0.443594,0],[117.144153,-0.443707,0],[117.143974,-0.443802,0],[117.143651,-0.443876,0],[117.143351,-0.443921,0],[117.142994,-0.443997,0],[117.142639,-0.44412,0],[117.142406,-0.444242,0],[117.142254,-0.444371,0],[117.14197,-0.444648,0],[117.141837,-0.44483,0],[117.141739,-0.444975,0],[117.141423,-0.445539,0],[117.141328,-0.445711,0],[117.141025,-0.446401,0],[117.14076,-0.446906,0],[117.140632,-0.447099,0],[117.140442,-0.447322,0],[117.140175,-0.447633,0],[117.1399,-0.447861,0],[117.139586,-0.448058,0],[117.139315,-0.448164,0],[117.138929,-0.448285,0],[117.139528,-0.452928,0],[117.140686,-0.452063,0],[117.140796,-0.452046,0],[117.140858,-0.452004,0],[117.140992,-0.451918,0],[117.141159,-0.451823,0],[117.142197,-0.451508,0],[117.143041,-0.451261,0],[117.143416,-0.45115,0],[117.144198,-0.451052,0],[117.146623,-0.451052,0],[117.147992,-0.450838,0],[117.14939,-0.450464,0],[117.150901,-0.450131,0],[117.151311,-0.449988,0],[117.151757,-0.449899,0],[117.152203,-0.449916,0],[117.152519,-0.449952,0],[117.152941,-0.450047,0],[117.153096,-0.449827,0],[117.154024,-0.448548,0],[117.154535,-0.447715,0],[117.154943,-0.446904,0],[117.155272,-0.446007,0],[117.155368,-0.445588,0],[117.155544,-0.444979,0],[117.155786,-0.444195,0],[117.1558,-0.444063,0],[117.155811,-0.44391,0],[117.155768,-0.44372,0],[117.155542,-0.443275,0],[117.155227,-0.442681,0],[117.15505,-0.442298,0],[117.154976,-0.442196,0],[117.154909,-0.442076,0],[117.154648,-0.441612,0],[117.15443,-0.44124,0],[117.154394,-0.441154,0],[117.154244,-0.44098,0],[117.154041,-0.440769,0],[117.153841,-0.44059,0],[117.153613,-0.44043,0],[117.153242,-0.440037,0],[117.15284,-0.439599,0]]]]}},{"type":"Feature","properties":{"OBJECTID":45788,"KDPPUM":"64","NAMOBJ":"Kelurahan Sempaja Selatan","REMARK":null,"KDPBPS":null,"FCODE":"BA03070040","LUASWH":null,"UUPP":"Hasil Delineasi Batas Desa 2018","SRS_ID":"SRGI 2013","METADATA":"TASWIL1000020200326DATA_BATAS_DESA_KELURAHAN","KDEBPS":null,"KDEPUM":"64.72.05.1002","KDCBPS":null,"KDCPUM":"64.72.05","KDBBPS":null,"WADMKD":"Kelurahan Sempaja Selatan","WIADKD":null,"WADMKC":"Samarinda Utara","WIADKC":null,"WADMKK":"Kota Samarinda","WIADKK":null,"WADMPR":"Kalimantan Timur","WIADPR":null,"TIPADM":2,"KDPKAB":"64.72","SHAPE_Leng":0.097382782684947,"SHAPE_Area":0.000396689718015,"visibility":false},"geometry":{"type":"MultiPolygon","coordinates":[[[[117.152941,-0.450047,0],[117.152519,-0.449952,0],[117.152203,-0.449916,0],[117.151757,-0.449899,0],[117.151311,-0.449988,0],[117.150901,-0.450131,0],[117.14939,-0.450464,0],[117.147992,-0.450838,0],[117.146623,-0.451052,0],[117.144198,-0.451052,0],[117.143416,-0.45115,0],[117.143041,-0.451261,0],[117.142197,-0.451508,0],[117.141159,-0.451823,0],[117.140992,-0.451918,0],[117.140858,-0.452004,0],[117.140796,-0.452046,0],[117.140686,-0.452063,0],[117.139528,-0.452928,0],[117.140227,-0.453308,0],[117.13996,-0.454044,0],[117.140173,-0.454066,0],[117.14072,-0.454091,0],[117.140755,-0.454083,0],[117.141738,-0.454333,0],[117.142546,-0.454333,0],[117.142591,-0.454355,0],[117.14264,-0.454458,0],[117.142688,-0.454639,0],[117.14283,-0.454755,0],[117.143059,-0.454916,0],[117.143271,-0.454922,0],[117.143467,-0.454863,0],[117.143493,-0.454863,0],[117.143654,-0.454946,0],[117.143966,-0.455267,0],[117.144281,-0.455669,0],[117.144302,-0.455652,0],[117.144384,-0.455587,0],[117.144389,-0.455585,0],[117.144714,-0.455345,0],[117.144917,-0.455626,0],[117.145359,-0.456193,0],[117.145826,-0.456743,0],[117.145648,-0.456908,0],[117.145612,-0.456947,0],[117.146051,-0.457325,0],[117.146263,-0.457494,0],[117.14646,-0.457693,0],[117.146495,-0.457734,0],[117.146451,-0.457829,0],[117.146723,-0.458084,0],[117.146981,-0.45828,0],[117.147244,-0.458523,0],[117.147273,-0.458542,0],[117.146666,-0.459236,0],[117.146449,-0.459512,0],[117.14621,-0.459836,0],[117.146018,-0.459954,0],[117.145835,-0.460011,0],[117.145318,-0.460158,0],[117.144436,-0.460196,0],[117.144388,-0.461867,0],[117.144388,-0.462302,0],[117.144506,-0.462464,0],[117.144706,-0.462535,0],[117.144982,-0.462697,0],[117.145025,-0.462878,0],[117.145054,-0.463006,0],[117.145139,-0.463125,0],[117.145268,-0.463216,0],[117.145434,-0.463259,0],[117.145548,-0.463311,0],[117.145639,-0.463392,0],[117.145849,-0.46362,0],[117.145968,-0.463661,0],[117.146153,-0.463709,0],[117.14623,-0.463756,0],[117.146432,-0.46381,0],[117.146721,-0.463813,0],[117.14701,-0.463806,0],[117.147171,-0.463823,0],[117.147289,-0.463863,0],[117.147504,-0.464051,0],[117.147736,-0.464164,0],[117.147813,-0.464033,0],[117.147855,-0.463676,0],[117.147903,-0.46345,0],[117.147974,-0.463361,0],[117.148141,-0.463237,0],[117.148183,-0.463234,0],[117.148312,-0.463267,0],[117.148317,-0.463367,0],[117.148555,-0.463558,0],[117.14846,-0.463957,0],[117.148443,-0.464065,0],[117.149555,-0.464737,0],[117.150227,-0.463345,0],[117.150399,-0.462876,0],[117.150472,-0.462635,0],[117.150483,-0.462588,0],[117.151148,-0.462925,0],[117.15126,-0.462982,0],[117.15161,-0.463161,0],[117.151676,-0.463187,0],[117.153072,-0.463751,0],[117.153344,-0.463861,0],[117.154024,-0.464176,0],[117.154467,-0.46441,0],[117.154621,-0.464472,0],[117.154659,-0.46448,0],[117.155058,-0.464589,0],[117.155417,-0.464705,0],[117.155553,-0.464741,0],[117.155582,-0.464748,0],[117.155922,-0.46479,0],[117.155617,-0.465624,0],[117.155695,-0.466223,0],[117.155902,-0.46718,0],[117.156196,-0.468418,0],[117.156386,-0.469096,0],[117.156553,-0.469494,0],[117.156681,-0.469713,0],[117.156988,-0.470013,0],[117.157378,-0.470382,0],[117.157483,-0.470481,0],[117.157483,-0.470481,0],[117.157485,-0.470483,0],[117.157494,-0.470476,0],[117.157573,-0.470421,0],[117.157576,-0.470419,0],[117.157576,-0.470419,0],[117.158585,-0.470742,0],[117.158728,-0.470788,0],[117.159023,-0.470683,0],[117.159609,-0.470474,0],[117.159802,-0.470405,0],[117.159828,-0.470411,0],[117.160168,-0.470489,0],[117.160549,-0.470577,0],[117.161728,-0.470234,0],[117.162487,-0.469891,0],[117.162739,-0.469804,0],[117.163177,-0.469652,0],[117.163666,-0.469482,0],[117.164272,-0.469378,0],[117.16474,-0.469298,0],[117.166233,-0.468731,0],[117.167197,-0.468267,0],[117.167687,-0.468032,0],[117.16802,-0.467529,0],[117.16829,-0.467122,0],[117.169141,-0.465737,0],[117.169517,-0.465305,0],[117.169783,-0.464999,0],[117.170555,-0.46347,0],[117.1706,-0.463438,0],[117.171498,-0.46281,0],[117.171667,-0.462553,0],[117.17231,-0.461571,0],[117.172354,-0.461528,0],[117.172574,-0.461313,0],[117.172756,-0.461136,0],[117.173201,-0.460477,0],[117.17337,-0.460226,0],[117.172895,-0.459833,0],[117.169721,-0.457203,0],[117.167776,-0.455663,0],[117.167222,-0.455247,0],[117.166353,-0.454517,0],[117.164193,-0.452704,0],[117.163579,-0.452375,0],[117.162023,-0.452047,0],[117.160297,-0.451612,0],[117.157411,-0.450805,0],[117.156198,-0.450534,0],[117.15529,-0.450552,0],[117.153852,-0.450337,0],[117.152941,-0.450047,0]]]]}},{"type":"Feature","properties":{"OBJECTID":45789,"KDPPUM":"64","NAMOBJ":"Kelurahan Sempaja Timur","REMARK":null,"KDPBPS":null,"FCODE":"BA03070040","LUASWH":null,"UUPP":"Hasil Delineasi Batas Desa 2018","SRS_ID":"SRGI 2013","METADATA":"TASWIL1000020200326DATA_BATAS_DESA_KELURAHAN","KDEBPS":null,"KDEPUM":"64.72.05.1013","KDCBPS":null,"KDCPUM":"64.72.05","KDBBPS":null,"WADMKD":"Kelurahan Sempaja Timur","WIADKD":null,"WADMKC":"Samarinda Utara","WIADKC":null,"WADMKK":"Kota Samarinda","WIADKK":null,"WADMPR":"Kalimantan Timur","WIADPR":null,"TIPADM":2,"KDPKAB":"64.72","SHAPE_Leng":0.113646956591402,"SHAPE_Area":0.000477676391736,"visibility":false},"geometry":{"type":"MultiPolygon","coordinates":[[[[117.172739,-0.423526,0],[117.172266,-0.423421,0],[117.171716,-0.423393,0],[117.171095,-0.423386,0],[117.170602,-0.423329,0],[117.170188,-0.423314,0],[117.170153,-0.423015,0],[117.170153,-0.422186,0],[117.170138,-0.421544,0],[117.170133,-0.421036,0],[117.170055,-0.420752,0],[117.167933,-0.420666,0],[117.165858,-0.420628,0],[117.165563,-0.420733,0],[117.16541,-0.420885,0],[117.165277,-0.421028,0],[117.16522,-0.421062,0],[117.165167,-0.42107,0],[117.16511,-0.421072,0],[117.165011,-0.421056,0],[117.164354,-0.420847,0],[117.163904,-0.420723,0],[117.163691,-0.420712,0],[117.163461,-0.420721,0],[117.163034,-0.420789,0],[117.16295,-0.420777,0],[117.16279,-0.420744,0],[117.162422,-0.420598,0],[117.162108,-0.420516,0],[117.161927,-0.420504,0],[117.161438,-0.420541,0],[117.161152,-0.420544,0],[117.16079,-0.420553,0],[117.160496,-0.421157,0],[117.160125,-0.422044,0],[117.159769,-0.422676,0],[117.159455,-0.423117,0],[117.159066,-0.423683,0],[117.159004,-0.423781,0],[117.158925,-0.423928,0],[117.158882,-0.424081,0],[117.158849,-0.424449,0],[117.15886,-0.42477,0],[117.159077,-0.4253,0],[117.159163,-0.425486,0],[117.15932,-0.426085,0],[117.159106,-0.426656,0],[117.158735,-0.427356,0],[117.157892,-0.428941,0],[117.157021,-0.430411,0],[117.156108,-0.432381,0],[117.155908,-0.433052,0],[117.155574,-0.434159,0],[117.155446,-0.434582,0],[117.155218,-0.43553,0],[117.155084,-0.435833,0],[117.154922,-0.436193,0],[117.154816,-0.436381,0],[117.154144,-0.437592,0],[117.153873,-0.438077,0],[117.153494,-0.438726,0],[117.153178,-0.439211,0],[117.15284,-0.439599,0],[117.153242,-0.440037,0],[117.153613,-0.44043,0],[117.153841,-0.44059,0],[117.154041,-0.440769,0],[117.154244,-0.44098,0],[117.154394,-0.441154,0],[117.15443,-0.44124,0],[117.154648,-0.441612,0],[117.154909,-0.442076,0],[117.154976,-0.442196,0],[117.15505,-0.442298,0],[117.155227,-0.442681,0],[117.155542,-0.443275,0],[117.155768,-0.44372,0],[117.155811,-0.44391,0],[117.1558,-0.444063,0],[117.155786,-0.444195,0],[117.155544,-0.444979,0],[117.155368,-0.445588,0],[117.155272,-0.446007,0],[117.154943,-0.446904,0],[117.154535,-0.447715,0],[117.154024,-0.448548,0],[117.153096,-0.449827,0],[117.152941,-0.450047,0],[117.153852,-0.450337,0],[117.15529,-0.450552,0],[117.156198,-0.450534,0],[117.157411,-0.450805,0],[117.160297,-0.451612,0],[117.162023,-0.452047,0],[117.163579,-0.452375,0],[117.164193,-0.452704,0],[117.166353,-0.454517,0],[117.167222,-0.455247,0],[117.167776,-0.455663,0],[117.169721,-0.457203,0],[117.172895,-0.459833,0],[117.17337,-0.460226,0],[117.173414,-0.460161,0],[117.173424,-0.460147,0],[117.173629,-0.459819,0],[117.173544,-0.459319,0],[117.173718,-0.45813,0],[117.173661,-0.456809,0],[117.173511,-0.455039,0],[117.173425,-0.454818,0],[117.171976,-0.45329,0],[117.171641,-0.45304,0],[117.171526,-0.452883,0],[117.171498,-0.452655,0],[117.171514,-0.452387,0],[117.171509,-0.45222,0],[117.171455,-0.452072,0],[117.171312,-0.451917,0],[117.170818,-0.45162,0],[117.170194,-0.451352,0],[117.169831,-0.450769,0],[117.1697,-0.450002,0],[117.169694,-0.449157,0],[117.170045,-0.447658,0],[117.17045,-0.445885,0],[117.17083,-0.443539,0],[117.170892,-0.442654,0],[117.170816,-0.441964,0],[117.170797,-0.441726,0],[117.170855,-0.44148,0],[117.171009,-0.440859,0],[117.171047,-0.439612,0],[117.17091,-0.439012,0],[117.170539,-0.438668,0],[117.169319,-0.437837,0],[117.169158,-0.437591,0],[117.169165,-0.437459,0],[117.169208,-0.437348,0],[117.169336,-0.437173,0],[117.169551,-0.436866,0],[117.169722,-0.436638,0],[117.169772,-0.436555,0],[117.169793,-0.436427,0],[117.169768,-0.436149,0],[117.169743,-0.43586,0],[117.169672,-0.435545,0],[117.169586,-0.435371,0],[117.169436,-0.435213,0],[117.168812,-0.434735,0],[117.168219,-0.434253,0],[117.168094,-0.434036,0],[117.168077,-0.433918,0],[117.168105,-0.4337,0],[117.168273,-0.433275,0],[117.168548,-0.432426,0],[117.168769,-0.431876,0],[117.168826,-0.431462,0],[117.168801,-0.431002,0],[117.168819,-0.430895,0],[117.168876,-0.430802,0],[117.16898,-0.430698,0],[117.169097,-0.430588,0],[117.169558,-0.430299,0],[117.170118,-0.42997,0],[117.170219,-0.429924,0],[117.170639,-0.429732,0],[117.17085,-0.429649,0],[117.170871,-0.429634,0],[117.1709,-0.429614,0],[117.170921,-0.429599,0],[117.170957,-0.429538,0],[117.171089,-0.429159,0],[117.17141,-0.428018,0],[117.171667,-0.427147,0],[117.171767,-0.426869,0],[117.171781,-0.426541,0],[117.171974,-0.425995,0],[117.172051,-0.425591,0],[117.172111,-0.425204,0],[117.172152,-0.42499,0],[117.172247,-0.424853,0],[117.17257,-0.424496,0],[117.172674,-0.424397,0],[117.172722,-0.42432,0],[117.172746,-0.424219,0],[117.172743,-0.424127,0],[117.172728,-0.423597,0],[117.172739,-0.423526,0]]]]}},{"type":"Feature","properties":{"OBJECTID":45790,"KDPPUM":"64","NAMOBJ":"Kelurahan Sempaja Utara","REMARK":null,"KDPBPS":null,"FCODE":"BA03070040","LUASWH":null,"UUPP":"Hasil Delineasi Batas Desa 2018","SRS_ID":"SRGI 2013","METADATA":"TASWIL1000020200326DATA_BATAS_DESA_KELURAHAN","KDEBPS":null,"KDEPUM":"64.72.05.1010","KDCBPS":null,"KDCPUM":"64.72.05","KDBBPS":null,"WADMKD":"Kelurahan Sempaja Utara","WIADKD":null,"WADMKC":"Samarinda Utara","WIADKC":null,"WADMKK":"Kota Samarinda","WIADKK":null,"WADMPR":"Kalimantan Timur","WIADPR":null,"TIPADM":2,"KDPKAB":"64.72","SHAPE_Leng":0.395306019534282,"SHAPE_Area":0.006050512567836,"visibility":false},"geometry":{"type":"MultiPolygon","coordinates":[[[[117.209998,-0.319013,0],[117.209646,-0.318952,0],[117.209578,-0.318952,0],[117.209316,-0.318952,0],[117.209041,-0.31894,0],[117.20889,-0.318933,0],[117.208444,-0.318933,0],[117.207734,-0.318951,0],[117.207669,-0.318952,0],[117.207185,-0.31905,0],[117.207062,-0.319061,0],[117.206759,-0.319089,0],[117.206303,-0.319168,0],[117.206197,-0.319186,0],[117.205913,-0.319305,0],[117.205732,-0.319381,0],[117.205209,-0.319439,0],[117.204366,-0.319458,0],[117.204145,-0.319432,0],[117.203863,-0.319399,0],[117.20369,-0.319362,0],[117.20332,-0.319282,0],[117.20301,-0.319204,0],[117.202929,-0.319184,0],[117.202623,-0.319107,0],[117.202255,-0.31899,0],[117.201809,-0.318873,0],[117.201383,-0.318737,0],[117.200976,-0.3186,0],[117.200181,-0.318503,0],[117.199348,-0.318425,0],[117.198825,-0.318464,0],[117.198287,-0.318486,0],[117.19791,-0.318501,0],[117.197511,-0.318465,0],[117.197222,-0.318465,0],[117.196841,-0.318465,0],[117.196497,-0.318501,0],[117.196399,-0.318526,0],[117.19492,-0.318903,0],[117.194497,-0.31901,0],[117.194126,-0.319077,0],[117.193809,-0.319143,0],[117.19295,-0.319384,0],[117.192432,-0.319529,0],[117.192035,-0.319649,0],[117.191788,-0.319661,0],[117.191757,-0.319662,0],[117.191492,-0.319662,0],[117.191227,-0.319662,0],[117.190976,-0.319622,0],[117.19075,-0.319544,0],[117.190049,-0.319303,0],[117.189666,-0.31909,0],[117.189348,-0.31889,0],[117.188724,-0.31825,0],[117.188576,-0.318099,0],[117.188298,-0.317833,0],[117.187862,-0.317327,0],[117.18757,-0.316981,0],[117.187345,-0.316755,0],[117.187094,-0.316595,0],[117.18675,-0.316409,0],[117.186392,-0.316262,0],[117.186088,-0.316129,0],[117.185944,-0.316107,0],[117.185744,-0.316076,0],[117.185228,-0.316076,0],[117.18491,-0.316089,0],[117.184366,-0.316211,0],[117.183606,-0.316381,0],[117.183395,-0.316425,0],[117.182891,-0.316528,0],[117.182625,-0.316621,0],[117.182071,-0.316816,0],[117.182057,-0.316821,0],[117.18174,-0.316927,0],[117.18139,-0.317083,0],[117.181382,-0.317087,0],[117.180985,-0.317273,0],[117.180856,-0.317321,0],[117.180174,-0.317571,0],[117.179803,-0.317784,0],[117.179486,-0.318037,0],[117.178912,-0.318517,0],[117.17885,-0.318569,0],[117.178572,-0.318902,0],[117.178482,-0.319008,0],[117.178334,-0.319181,0],[117.178162,-0.319448,0],[117.178159,-0.319452,0],[117.17722,-0.320572,0],[117.177168,-0.32064,0],[117.176836,-0.321078,0],[117.176677,-0.321304,0],[117.176466,-0.32161,0],[117.176148,-0.322036,0],[117.175676,-0.322706,0],[117.174824,-0.323913,0],[117.174777,-0.323987,0],[117.174567,-0.324314,0],[117.17416,-0.324947,0],[117.173935,-0.3252,0],[117.173809,-0.32535,0],[117.173723,-0.325453,0],[117.173498,-0.325732,0],[117.172757,-0.326158,0],[117.172373,-0.326318,0],[117.172161,-0.326411,0],[117.171949,-0.326491,0],[117.171764,-0.326637,0],[117.171605,-0.32681,0],[117.171433,-0.327183,0],[117.171261,-0.327409,0],[117.171213,-0.327431,0],[117.171023,-0.327516,0],[117.170811,-0.327582,0],[117.170366,-0.327753,0],[117.169017,-0.328268,0],[117.168598,-0.328419,0],[117.168462,-0.328468,0],[117.168038,-0.328641,0],[117.167628,-0.328774,0],[117.167284,-0.328934,0],[117.166886,-0.329067,0],[117.166436,-0.329213,0],[117.166013,-0.329413,0],[117.165669,-0.329573,0],[117.165258,-0.329746,0],[117.165122,-0.329857,0],[117.164038,-0.330736,0],[117.163562,-0.331042,0],[117.162595,-0.331588,0],[117.162278,-0.331788,0],[117.16196,-0.332001,0],[117.161722,-0.332134,0],[117.161351,-0.332387,0],[117.160154,-0.333111,0],[117.15985,-0.333271,0],[117.159532,-0.33347,0],[117.159228,-0.333697,0],[117.159083,-0.333804,0],[117.158976,-0.333883,0],[117.158712,-0.334083,0],[117.158646,-0.334145,0],[117.1585,-0.334283,0],[117.158301,-0.334509,0],[117.15801,-0.334802,0],[117.157451,-0.335339,0],[117.157253,-0.3355,0],[117.157173,-0.335566,0],[117.156935,-0.335752,0],[117.156723,-0.335872,0],[117.156538,-0.336005,0],[117.156432,-0.336125,0],[117.156339,-0.336351,0],[117.15626,-0.336644,0],[117.156154,-0.33703,0],[117.156101,-0.337376,0],[117.155901,-0.338075,0],[117.155755,-0.338367,0],[117.15561,-0.338647,0],[117.155424,-0.338953,0],[117.154763,-0.339499,0],[117.154379,-0.339699,0],[117.154048,-0.339898,0],[117.153863,-0.340098,0],[117.153664,-0.340298,0],[117.153452,-0.340564,0],[117.153273,-0.340778,0],[117.153241,-0.340817,0],[117.152963,-0.341096,0],[117.152486,-0.341403,0],[117.151236,-0.342008,0],[117.150733,-0.342208,0],[117.150137,-0.342421,0],[117.149621,-0.342594,0],[117.14925,-0.342687,0],[117.14888,-0.342754,0],[117.148509,-0.342847,0],[117.148032,-0.342967,0],[117.147715,-0.342993,0],[117.147384,-0.342993,0],[117.147159,-0.34298,0],[117.147073,-0.342937,0],[117.146285,-0.342541,0],[117.145462,-0.342218,0],[117.145061,-0.342061,0],[117.145034,-0.342052,0],[117.144267,-0.341795,0],[117.143684,-0.341636,0],[117.143327,-0.341582,0],[117.14293,-0.341556,0],[117.142586,-0.341542,0],[117.142281,-0.341542,0],[117.14203,-0.341542,0],[117.141778,-0.341569,0],[117.141514,-0.341636,0],[117.141249,-0.341782,0],[117.140415,-0.342288,0],[117.140203,-0.342474,0],[117.140018,-0.342647,0],[117.139833,-0.3429,0],[117.139634,-0.34318,0],[117.139396,-0.343486,0],[117.139197,-0.343739,0],[117.138932,-0.344032,0],[117.138707,-0.344311,0],[117.138464,-0.344633,0],[117.13812,-0.34509,0],[117.137816,-0.345329,0],[117.137471,-0.345582,0],[117.137233,-0.345742,0],[117.136968,-0.345955,0],[117.136677,-0.346168,0],[117.136452,-0.346354,0],[117.136214,-0.346501,0],[117.136015,-0.346674,0],[117.13583,-0.3469,0],[117.135632,-0.347193,0],[117.135085,-0.348091,0],[117.13486,-0.348344,0],[117.134635,-0.348624,0],[117.134424,-0.348863,0],[117.13415,-0.349181,0],[117.134079,-0.349263,0],[117.132981,-0.350168,0],[117.132584,-0.350461,0],[117.132332,-0.35066,0],[117.132028,-0.35094,0],[117.131843,-0.35114,0],[117.131551,-0.351486,0],[117.131371,-0.351743,0],[117.130847,-0.352494,0],[117.130661,-0.352747,0],[117.130489,-0.353013,0],[117.13033,-0.353266,0],[117.130158,-0.353572,0],[117.12996,-0.353918,0],[117.129523,-0.35481,0],[117.129404,-0.355089,0],[117.129285,-0.355342,0],[117.129192,-0.355635,0],[117.129179,-0.355928,0],[117.129179,-0.356237,0],[117.129179,-0.356341,0],[117.129158,-0.356797,0],[117.129139,-0.357227,0],[117.129139,-0.357573,0],[117.129139,-0.357594,0],[117.129139,-0.358012,0],[117.129212,-0.358327,0],[117.129271,-0.358584,0],[117.129364,-0.359024,0],[117.129364,-0.35922,0],[117.129364,-0.359357,0],[117.129377,-0.359876,0],[117.129377,-0.359888,0],[117.129377,-0.360763,0],[117.129377,-0.361136,0],[117.129377,-0.361548,0],[117.129377,-0.361673,0],[117.129377,-0.362001,0],[117.129377,-0.362082,0],[117.129377,-0.362467,0],[117.129218,-0.363815,0],[117.129205,-0.364187,0],[117.129205,-0.364532,0],[117.129205,-0.364573,0],[117.129218,-0.365119,0],[117.129218,-0.365479,0],[117.129211,-0.365837,0],[117.129192,-0.366764,0],[117.129192,-0.366765,0],[117.129169,-0.366887,0],[117.129099,-0.367257,0],[117.129059,-0.36775,0],[117.12898,-0.368229,0],[117.128899,-0.368482,0],[117.128848,-0.368642,0],[117.128771,-0.368864,0],[117.128715,-0.369028,0],[117.12847,-0.369866,0],[117.12837,-0.370207,0],[117.128185,-0.370726,0],[117.127999,-0.371578,0],[117.12788,-0.371924,0],[117.127576,-0.372976,0],[117.127324,-0.373455,0],[117.127206,-0.373692,0],[117.12678,-0.374541,0],[117.126595,-0.3749,0],[117.126463,-0.375246,0],[117.126377,-0.375484,0],[117.126304,-0.375686,0],[117.126259,-0.375816,0],[117.126132,-0.376178,0],[117.126131,-0.37618,0],[117.126077,-0.376317,0],[117.125986,-0.376551,0],[117.125841,-0.37695,0],[117.125682,-0.377376,0],[117.125376,-0.378464,0],[117.125298,-0.378687,0],[117.125217,-0.378916,0],[117.12483,-0.38022,0],[117.124648,-0.380833,0],[117.124591,-0.380967,0],[117.124045,-0.382253,0],[117.123867,-0.38267,0],[117.123864,-0.382677,0],[117.123588,-0.383311,0],[117.123433,-0.383667,0],[117.123099,-0.384437,0],[117.122727,-0.385289,0],[117.12236,-0.385976,0],[117.122137,-0.386392,0],[117.122104,-0.386454,0],[117.121919,-0.38684,0],[117.121786,-0.387039,0],[117.121641,-0.387345,0],[117.121615,-0.387418,0],[117.121521,-0.387678,0],[117.121468,-0.388024,0],[117.121305,-0.388867,0],[117.121211,-0.38935,0],[117.121151,-0.389662,0],[117.121022,-0.390371,0],[117.120885,-0.39112,0],[117.120845,-0.39152,0],[117.120822,-0.391897,0],[117.120819,-0.391946,0],[117.120806,-0.392345,0],[117.12076,-0.39253,0],[117.120726,-0.392665,0],[117.120607,-0.392997,0],[117.120461,-0.393397,0],[117.120404,-0.393574,0],[117.12018,-0.394267,0],[117.12001,-0.39479,0],[117.119851,-0.395203,0],[117.119706,-0.395547,0],[117.119706,-0.395549,0],[117.1196,-0.395895,0],[117.119586,-0.395997,0],[117.119571,-0.396106,0],[117.119565,-0.396149,0],[117.119547,-0.396281,0],[117.11952,-0.39664,0],[117.119531,-0.396983,0],[117.119547,-0.397526,0],[117.119404,-0.398859,0],[117.119362,-0.399256,0],[117.119229,-0.400441,0],[117.119211,-0.400609,0],[117.119165,-0.401021,0],[117.119017,-0.402338,0],[117.119017,-0.402697,0],[117.119017,-0.40271,0],[117.119017,-0.402964,0],[117.119017,-0.40331,0],[117.118898,-0.404528,0],[117.11886,-0.40502,0],[117.118855,-0.405082,0],[117.118752,-0.406405,0],[117.118713,-0.406618,0],[117.118673,-0.406751,0],[117.118646,-0.406831,0],[117.121125,-0.408339,0],[117.122445,-0.409136,0],[117.122873,-0.409421,0],[117.123192,-0.409638,0],[117.123253,-0.409809,0],[117.123299,-0.409935,0],[117.123329,-0.410025,0],[117.123352,-0.410151,0],[117.12339,-0.41025,0],[117.123444,-0.410394,0],[117.123489,-0.410493,0],[117.123512,-0.410583,0],[117.123558,-0.410663,0],[117.123604,-0.410762,0],[117.123665,-0.410978,0],[117.123711,-0.41105,0],[117.123764,-0.411221,0],[117.123871,-0.411419,0],[117.123947,-0.411554,0],[117.124023,-0.411671,0],[117.124069,-0.41177,0],[117.124123,-0.41185,0],[117.124229,-0.411949,0],[117.127525,-0.419263,0],[117.127548,-0.419481,0],[117.127495,-0.419662,0],[117.127443,-0.419915,0],[117.127283,-0.420331,0],[117.127316,-0.420422,0],[117.127478,-0.420517,0],[117.127754,-0.42065,0],[117.127901,-0.420778,0],[117.127963,-0.420926,0],[117.128058,-0.421126,0],[117.128149,-0.42135,0],[117.128296,-0.42153,0],[117.128387,-0.421654,0],[117.128468,-0.421697,0],[117.128625,-0.421821,0],[117.128879,-0.422052,0],[117.128983,-0.422181,0],[117.129026,-0.422291,0],[117.129036,-0.422484,0],[117.129065,-0.42257,0],[117.129143,-0.422655,0],[117.129204,-0.422698,0],[117.129343,-0.422695,0],[117.12954,-0.422684,0],[117.129714,-0.42268,0],[117.129779,-0.422755,0],[117.129775,-0.422837,0],[117.129783,-0.423257,0],[117.129774,-0.423695,0],[117.129805,-0.424325,0],[117.136757,-0.439754,0],[117.136749,-0.440159,0],[117.13678,-0.440303,0],[117.136777,-0.440345,0],[117.136797,-0.440473,0],[117.136805,-0.440524,0],[117.136845,-0.440781,0],[117.136856,-0.440834,0],[117.136856,-0.440853,0],[117.136891,-0.441079,0],[117.136902,-0.441113,0],[117.136925,-0.441247,0],[117.136947,-0.441339,0],[117.136955,-0.441373,0],[117.136971,-0.44143,0],[117.137053,-0.44164,0],[117.137088,-0.441681,0],[117.137271,-0.441893,0],[117.138253,-0.443033,0],[117.13871,-0.446587,0],[117.138927,-0.448269,0],[117.138929,-0.448285,0],[117.139315,-0.448164,0],[117.139586,-0.448058,0],[117.1399,-0.447861,0],[117.140175,-0.447633,0],[117.140442,-0.447322,0],[117.140632,-0.447099,0],[117.14076,-0.446906,0],[117.141025,-0.446401,0],[117.141328,-0.445711,0],[117.141423,-0.445539,0],[117.141739,-0.444975,0],[117.141837,-0.44483,0],[117.14197,-0.444648,0],[117.142254,-0.444371,0],[117.142406,-0.444242,0],[117.142639,-0.44412,0],[117.142994,-0.443997,0],[117.143351,-0.443921,0],[117.143651,-0.443876,0],[117.143974,-0.443802,0],[117.144153,-0.443707,0],[117.144358,-0.443594,0],[117.144426,-0.443514,0],[117.144501,-0.443413,0],[117.144596,-0.443222,0],[117.144799,-0.442666,0],[117.144899,-0.442377,0],[117.144964,-0.44217,0],[117.145156,-0.441613,0],[117.1453,-0.441162,0],[117.145586,-0.440134,0],[117.145692,-0.439977,0],[117.145808,-0.439852,0],[117.145883,-0.439801,0],[117.145951,-0.439763,0],[117.146106,-0.4397,0],[117.146171,-0.439691,0],[117.147128,-0.43952,0],[117.148455,-0.439063,0],[117.149569,-0.438506,0],[117.150191,-0.438106,0],[117.15064,-0.437819,0],[117.151092,-0.438145,0],[117.151342,-0.438314,0],[117.15202,-0.438827,0],[117.152632,-0.439373,0],[117.15284,-0.439599,0],[117.153178,-0.439211,0],[117.153494,-0.438726,0],[117.153873,-0.438077,0],[117.154144,-0.437592,0],[117.154816,-0.436381,0],[117.154922,-0.436193,0],[117.155084,-0.435833,0],[117.155218,-0.43553,0],[117.155446,-0.434582,0],[117.155574,-0.434159,0],[117.155908,-0.433052,0],[117.156108,-0.432381,0],[117.157021,-0.430411,0],[117.157892,-0.428941,0],[117.158735,-0.427356,0],[117.159106,-0.426656,0],[117.15932,-0.426085,0],[117.159163,-0.425486,0],[117.159077,-0.4253,0],[117.15886,-0.42477,0],[117.158849,-0.424449,0],[117.158882,-0.424081,0],[117.158925,-0.423928,0],[117.159004,-0.423781,0],[117.159066,-0.423683,0],[117.159455,-0.423117,0],[117.159769,-0.422676,0],[117.160125,-0.422044,0],[117.160496,-0.421157,0],[117.16079,-0.420553,0],[117.161152,-0.420544,0],[117.161438,-0.420541,0],[117.161927,-0.420504,0],[117.162108,-0.420516,0],[117.162422,-0.420598,0],[117.16279,-0.420744,0],[117.16295,-0.420777,0],[117.163034,-0.420789,0],[117.163461,-0.420721,0],[117.163691,-0.420712,0],[117.163904,-0.420723,0],[117.164354,-0.420847,0],[117.165011,-0.421056,0],[117.16511,-0.421072,0],[117.165167,-0.42107,0],[117.16522,-0.421062,0],[117.165277,-0.421028,0],[117.16541,-0.420885,0],[117.165563,-0.420733,0],[117.165858,-0.420628,0],[117.167933,-0.420666,0],[117.170055,-0.420752,0],[117.170133,-0.421036,0],[117.170138,-0.421544,0],[117.170153,-0.422186,0],[117.170153,-0.423015,0],[117.170188,-0.423314,0],[117.170602,-0.423329,0],[117.171095,-0.423386,0],[117.171716,-0.423393,0],[117.172266,-0.423421,0],[117.172739,-0.423526,0],[117.172965,-0.422931,0],[117.173037,-0.422717,0],[117.173157,-0.422404,0],[117.173267,-0.422104,0],[117.173292,-0.42199,0],[117.173264,-0.421793,0],[117.173102,-0.421221,0],[117.173078,-0.420888,0],[117.173197,-0.420513,0],[117.173191,-0.420364,0],[117.173006,-0.420001,0],[117.172801,-0.419656,0],[117.172812,-0.419293,0],[117.172818,-0.419091,0],[117.172717,-0.418859,0],[117.172664,-0.418699,0],[117.172676,-0.418532,0],[117.172824,-0.418199,0],[117.172836,-0.41808,0],[117.172801,-0.417878,0],[117.172729,-0.417711,0],[117.172537,-0.417225,0],[117.172537,-0.417004,0],[117.172515,-0.416632,0],[117.172444,-0.416347,0],[117.172308,-0.415919,0],[117.172237,-0.415605,0],[117.172151,-0.415426,0],[117.172016,-0.415191,0],[117.171702,-0.414891,0],[117.171559,-0.414712,0],[117.171295,-0.414524,0],[117.171245,-0.414403,0],[117.171124,-0.414189,0],[117.171053,-0.414039,0],[117.171031,-0.413882,0],[117.170974,-0.413639,0],[117.170974,-0.413425,0],[117.171017,-0.413211,0],[117.171074,-0.412954,0],[117.171103,-0.412718,0],[117.171045,-0.412561,0],[117.170988,-0.41244,0],[117.170917,-0.412232,0],[117.170887,-0.412083,0],[117.170922,-0.411976,0],[117.171077,-0.411708,0],[117.171202,-0.411387,0],[117.171327,-0.411107,0],[117.171333,-0.410929,0],[117.17144,-0.410786,0],[117.171636,-0.410739,0],[117.171749,-0.410739,0],[117.171892,-0.410703,0],[117.171963,-0.410572,0],[117.171975,-0.410399,0],[117.171993,-0.410167,0],[117.172017,-0.410054,0],[117.172151,-0.409864,0],[117.17236,-0.40962,0],[117.172526,-0.409543,0],[117.1728,-0.409537,0],[117.172996,-0.409489,0],[117.173121,-0.409436,0],[117.173294,-0.409341,0],[117.173529,-0.409319,0],[117.17385,-0.409367,0],[117.173975,-0.409337,0],[117.174213,-0.409278,0],[117.17432,-0.409182,0],[117.174558,-0.408938,0],[117.174653,-0.408831,0],[117.174808,-0.408724,0],[117.174861,-0.408528,0],[117.174974,-0.40832,0],[117.175057,-0.408231,0],[117.175254,-0.408058,0],[117.175849,-0.40788,0],[117.1762,-0.407683,0],[117.176289,-0.407654,0],[117.176443,-0.407713,0],[117.176658,-0.40785,0],[117.176794,-0.407957,0],[117.177002,-0.407911,0],[117.177109,-0.407754,0],[117.177116,-0.407533,0],[117.177116,-0.407326,0],[117.177173,-0.40704,0],[117.177252,-0.40684,0],[117.177273,-0.406569,0],[117.177238,-0.406362,0],[117.177231,-0.406219,0],[117.177302,-0.406055,0],[117.177366,-0.405884,0],[117.177409,-0.405655,0],[117.177522,-0.405327,0],[117.177581,-0.405245,0],[117.177642,-0.405182,0],[117.177734,-0.405118,0],[117.177802,-0.405085,0],[117.177834,-0.405059,0],[117.178187,-0.404955,0],[117.178408,-0.404848,0],[117.178515,-0.404741,0],[117.17862,-0.404667,0],[117.178705,-0.404662,0],[117.178953,-0.404762,0],[117.179019,-0.404729,0],[117.179229,-0.404463,0],[117.179305,-0.404429,0],[117.179381,-0.404463,0],[117.179676,-0.404601,0],[117.179733,-0.404586,0],[117.179819,-0.404482,0],[117.180141,-0.404318,0],[117.180369,-0.404211,0],[117.180598,-0.404154,0],[117.180769,-0.40414,0],[117.180976,-0.404133,0],[117.181244,-0.404176,0],[117.181305,-0.404181,0],[117.181377,-0.404157,0],[117.181472,-0.404076,0],[117.181529,-0.404014,0],[117.181672,-0.404014,0],[117.181834,-0.404071,0],[117.182072,-0.404276,0],[117.182186,-0.404395,0],[117.182362,-0.404509,0],[117.182476,-0.404633,0],[117.182557,-0.404747,0],[117.182719,-0.404952,0],[117.182795,-0.405004,0],[117.182928,-0.405004,0],[117.183138,-0.405028,0],[117.183266,-0.405052,0],[117.183514,-0.405232,0],[117.183609,-0.405256,0],[117.183713,-0.405271,0],[117.18368,-0.404997,0],[117.183719,-0.404815,0],[117.183797,-0.404598,0],[117.183901,-0.404426,0],[117.184004,-0.40433,0],[117.184169,-0.404305,0],[117.184568,-0.404301,0],[117.184643,-0.404023,0],[117.184761,-0.403795,0],[117.184922,-0.403593,0],[117.185079,-0.403402,0],[117.185169,-0.403185,0],[117.185178,-0.402968,0],[117.185169,-0.402732,0],[117.185118,-0.402423,0],[117.185044,-0.401858,0],[117.184994,-0.401324,0],[117.184973,-0.400696,0],[117.184968,-0.399696,0],[117.18505,-0.398957,0],[117.185145,-0.3985,0],[117.185307,-0.397881,0],[117.185398,-0.397324,0],[117.185436,-0.397026,0],[117.185418,-0.396744,0],[117.185354,-0.396426,0],[117.185286,-0.396205,0],[117.185193,-0.396069,0],[117.185008,-0.395955,0],[117.184697,-0.395837,0],[117.184383,-0.395681,0],[117.184144,-0.395652,0],[117.183665,-0.395638,0],[117.183441,-0.39561,0],[117.183276,-0.395542,0],[117.183077,-0.395403,0],[117.18288,-0.395295,0],[117.182546,-0.395173,0],[117.182435,-0.395131,0],[117.181668,-0.395091,0],[117.181536,-0.395102,0],[117.18134,-0.395209,0],[117.181302,-0.395209,0],[117.181207,-0.395226,0],[117.181185,-0.395192,0],[117.181169,-0.395116,0],[117.181145,-0.394912,0],[117.180453,-0.390578,0],[117.179739,-0.380763,0],[117.179791,-0.380546,0],[117.18002,-0.380527,0],[117.181352,-0.380746,0],[117.18239,-0.38105,0],[117.183894,-0.381526,0],[117.185508,-0.382176,0],[117.18588,-0.382285,0],[117.186003,-0.382143,0],[117.18607,-0.3818,0],[117.186003,-0.381505,0],[117.185803,-0.381181,0],[117.185775,-0.380896,0],[117.185918,-0.38042,0],[117.186003,-0.380191,0],[117.186048,-0.380004,0],[117.185991,-0.37988,0],[117.185981,-0.3797,0],[117.186088,-0.379244,0],[117.186174,-0.378378,0],[117.186212,-0.37793,0],[117.186326,-0.377369,0],[117.186421,-0.37695,0],[117.186507,-0.376569,0],[117.186593,-0.376388,0],[117.186736,-0.37617,0],[117.186996,-0.375923,0],[117.187362,-0.375828,0],[117.187634,-0.375828,0],[117.187783,-0.375857,0],[117.18799,-0.375785,0],[117.188185,-0.375688,0],[117.19455,-0.354688,0],[117.194664,-0.354301,0],[117.19659,-0.347856,0],[117.196072,-0.340832,0],[117.195644,-0.339907,0],[117.195454,-0.339298,0],[117.195606,-0.338765,0],[117.19642,-0.337204,0],[117.196574,-0.336634,0],[117.197088,-0.33593,0],[117.197487,-0.335644,0],[117.197659,-0.335187,0],[117.197716,-0.33494,0],[117.198096,-0.33475,0],[117.198858,-0.33435,0],[117.200057,-0.333607,0],[117.200305,-0.333265,0],[117.200409,-0.332813,0],[117.200742,-0.332503,0],[117.201266,-0.332361,0],[117.201861,-0.332099,0],[117.202884,-0.331528,0],[117.203717,-0.330647,0],[117.204454,-0.330053,0],[117.204786,-0.329378,0],[117.204822,-0.329039,0],[117.204914,-0.328737,0],[117.204997,-0.328541,0],[117.205032,-0.32835,0],[117.205098,-0.32816,0],[117.205116,-0.328035,0],[117.205086,-0.327851,0],[117.205092,-0.3276,0],[117.205145,-0.327322,0],[117.20544,-0.326989,0],[117.205725,-0.32658,0],[117.20602,-0.326151,0],[117.20641,-0.325418,0],[117.206596,-0.325096,0],[117.206753,-0.324901,0],[117.206924,-0.324778,0],[117.207343,-0.324511,0],[117.207524,-0.324378,0],[117.207629,-0.324007,0],[117.207866,-0.323464,0],[117.208038,-0.323007,0],[117.208295,-0.322484,0],[117.208362,-0.322346,0],[117.209998,-0.319013,0]]]]}},{"type":"Feature","properties":{"OBJECTID":45791,"KDPPUM":"64","NAMOBJ":"Kelurahan Sengkotek","REMARK":null,"KDPBPS":null,"FCODE":"BA03070040","LUASWH":null,"UUPP":"Hasil Delineasi Batas Desa 2018","SRS_ID":"SRGI 2013","METADATA":"TASWIL1000020200326DATA_BATAS_DESA_KELURAHAN","KDEBPS":null,"KDEPUM":"64.72.10.1003","KDCBPS":null,"KDCPUM":"64.72.10","KDBBPS":null,"WADMKD":"Kelurahan Sengkotek","WIADKD":null,"WADMKC":"Loa Janan Ilir","WIADKC":null,"WADMKK":"Kota Samarinda","WIADKK":null,"WADMPR":"Kalimantan Timur","WIADPR":null,"TIPADM":2,"KDPKAB":"64.72","SHAPE_Leng":0.090849932050528,"SHAPE_Area":0.00045754190497,"visibility":false},"geometry":{"type":"MultiPolygon","coordinates":[[[[117.105653,-0.56481,0],[117.103042,-0.562597,0],[117.101897,-0.556296,0],[117.100291,-0.550407,0],[117.100183,-0.544139,0],[117.099898,-0.538885,0],[117.099871,-0.53714,0],[117.099871,-0.536726,0],[117.0999,-0.536498,0],[117.099902,-0.536477,0],[117.099556,-0.536478,0],[117.09935,-0.536487,0],[117.099136,-0.536523,0],[117.099007,-0.536523,0],[117.098923,-0.53655,0],[117.09877,-0.53655,0],[117.098549,-0.536569,0],[117.098091,-0.536569,0],[117.097969,-0.536605,0],[117.09771,-0.536641,0],[117.097549,-0.536659,0],[117.097328,-0.536687,0],[117.097206,-0.536687,0],[117.096939,-0.536732,0],[117.096687,-0.536759,0],[117.096588,-0.536759,0],[117.096329,-0.536823,0],[117.096153,-0.53685,0],[117.095894,-0.536931,0],[117.095764,-0.536958,0],[117.095474,-0.537021,0],[117.095375,-0.537031,0],[117.095032,-0.537148,0],[117.091577,-0.538467,0],[117.090124,-0.539718,0],[117.088388,-0.541612,0],[117.087362,-0.54347,0],[117.086123,-0.545792,0],[117.084992,-0.549399,0],[117.084324,-0.55222,0],[117.083873,-0.555305,0],[117.083649,-0.558333,0],[117.083654,-0.562903,0],[117.083931,-0.566704,0],[117.083932,-0.566704,0],[117.087391,-0.566788,0],[117.089744,-0.566982,0],[117.105653,-0.56481,0]]]]}},{"type":"Feature","properties":{"OBJECTID":45798,"KDPPUM":"64","NAMOBJ":"Kelurahan Sidodadi","REMARK":null,"KDPBPS":null,"FCODE":"BA03070040","LUASWH":null,"UUPP":"Hasil Delineasi Batas Desa 2018","SRS_ID":"SRGI 2013","METADATA":"TASWIL1000020200326DATA_BATAS_DESA_KELURAHAN","KDEBPS":null,"KDEPUM":"64.72.03.1005","KDCBPS":null,"KDCPUM":"64.72.03","KDBBPS":null,"WADMKD":"Kelurahan Sidodadi","WIADKD":null,"WADMKC":"Samarinda Ulu","WIADKC":null,"WADMKK":"Kota Samarinda","WIADKK":null,"WADMPR":"Kalimantan Timur","WIADPR":null,"TIPADM":2,"KDPKAB":"64.72","SHAPE_Leng":0.073445060843741,"SHAPE_Area":0.000174030768124,"visibility":false},"geometry":{"type":"MultiPolygon","coordinates":[[[[117.150758,-0.476688,0],[117.150369,-0.476478,0],[117.150065,-0.476412,0],[117.149613,-0.476383,0],[117.14918,-0.476393,0],[117.148632,-0.476402,0],[117.147966,-0.476364,0],[117.147662,-0.476221,0],[117.146972,-0.475841,0],[117.146548,-0.475612,0],[117.146205,-0.475412,0],[117.145701,-0.475136,0],[117.144616,-0.474494,0],[117.144326,-0.474327,0],[117.14404,-0.474161,0],[117.143521,-0.473842,0],[117.143131,-0.473614,0],[117.14278,-0.473459,0],[117.142175,-0.473211,0],[117.141568,-0.472977,0],[117.141362,-0.472928,0],[117.141047,-0.47285,0],[117.140596,-0.472719,0],[117.140303,-0.472643,0],[117.139974,-0.472517,0],[117.139618,-0.472405,0],[117.139256,-0.472342,0],[117.138566,-0.47243,0],[117.138155,-0.47337,0],[117.138107,-0.473685,0],[117.138136,-0.473951,0],[117.13814,-0.474408,0],[117.137666,-0.47528,0],[117.136606,-0.477921,0],[117.135709,-0.480186,0],[117.135273,-0.480606,0],[117.134598,-0.481121,0],[117.134261,-0.481409,0],[117.133387,-0.481822,0],[117.133575,-0.482174,0],[117.133768,-0.482673,0],[117.134242,-0.482624,0],[117.134388,-0.48261,0],[117.134681,-0.482617,0],[117.134745,-0.482685,0],[117.134812,-0.482987,0],[117.13494,-0.483432,0],[117.134988,-0.483844,0],[117.134947,-0.48434,0],[117.134976,-0.48523,0],[117.135125,-0.486426,0],[117.13509,-0.486683,0],[117.135004,-0.486868,0],[117.134997,-0.48729,0],[117.135033,-0.487482,0],[117.135097,-0.487732,0],[117.135197,-0.487918,0],[117.135325,-0.488111,0],[117.135718,-0.488175,0],[117.136061,-0.488318,0],[117.136532,-0.488553,0],[117.136732,-0.488774,0],[117.136589,-0.48901,0],[117.13631,-0.489146,0],[117.136232,-0.489324,0],[117.136232,-0.489531,0],[117.13651,-0.490145,0],[117.136821,-0.490772,0],[117.136552,-0.491088,0],[117.136332,-0.49148,0],[117.136189,-0.491828,0],[117.136104,-0.492128,0],[117.136343,-0.492089,0],[117.136761,-0.491896,0],[117.137242,-0.491632,0],[117.137568,-0.491537,0],[117.137846,-0.491521,0],[117.138085,-0.491543,0],[117.138524,-0.491685,0],[117.138997,-0.491934,0],[117.13926,-0.491561,0],[117.139536,-0.491142,0],[117.139821,-0.490752,0],[117.139962,-0.489914,0],[117.140133,-0.489325,0],[117.140301,-0.488787,0],[117.140472,-0.488455,0],[117.140629,-0.488196,0],[117.140701,-0.48805,0],[117.140739,-0.487872,0],[117.140734,-0.487464,0],[117.140842,-0.487158,0],[117.140963,-0.486827,0],[117.141363,-0.486187,0],[117.141588,-0.485755,0],[117.141709,-0.485509,0],[117.141703,-0.485298,0],[117.141667,-0.484941,0],[117.141692,-0.484167,0],[117.141744,-0.483967,0],[117.141768,-0.484028,0],[117.14185,-0.484232,0],[117.141852,-0.484244,0],[117.141853,-0.484247,0],[117.141865,-0.484357,0],[117.141883,-0.484509,0],[117.141902,-0.484656,0],[117.141935,-0.484909,0],[117.141991,-0.484993,0],[117.142053,-0.485087,0],[117.142761,-0.485031,0],[117.143064,-0.485256,0],[117.143582,-0.485556,0],[117.143841,-0.485689,0],[117.143978,-0.485732,0],[117.144383,-0.485537,0],[117.14465,-0.485093,0],[117.14494,-0.484609,0],[117.145243,-0.484152,0],[117.145507,-0.483777,0],[117.145821,-0.483552,0],[117.145771,-0.483438,0],[117.145751,-0.483328,0],[117.145852,-0.483214,0],[117.146005,-0.48312,0],[117.146108,-0.483057,0],[117.146119,-0.483054,0],[117.14612,-0.483053,0],[117.146223,-0.483028,0],[117.146721,-0.48296,0],[117.147424,-0.482749,0],[117.147799,-0.482589,0],[117.14816,-0.482353,0],[117.14839,-0.482212,0],[117.148597,-0.482296,0],[117.14897,-0.482447,0],[117.148774,-0.483738,0],[117.150092,-0.484032,0],[117.150326,-0.48408,0],[117.150583,-0.48404,0],[117.150736,-0.484012,0],[117.150678,-0.483799,0],[117.150668,-0.483506,0],[117.150663,-0.483237,0],[117.150668,-0.482969,0],[117.150739,-0.482685,0],[117.150879,-0.481491,0],[117.150813,-0.481267,0],[117.150683,-0.481076,0],[117.150592,-0.480976,0],[117.150388,-0.480849,0],[117.150342,-0.48083,0],[117.150277,-0.480804,0],[117.149956,-0.480737,0],[117.149873,-0.480742,0],[117.149693,-0.480794,0],[117.149389,-0.480981,0],[117.149007,-0.481291,0],[117.148637,-0.481438,0],[117.148503,-0.481422,0],[117.148354,-0.4813,0],[117.148295,-0.481169,0],[117.148322,-0.481008,0],[117.148417,-0.480776,0],[117.148604,-0.480319,0],[117.148985,-0.479612,0],[117.149446,-0.478733,0],[117.1495,-0.478649,0],[117.149502,-0.478644,0],[117.149518,-0.478621,0],[117.150758,-0.476688,0]]]]}},{"type":"Feature","properties":{"OBJECTID":45799,"KDPPUM":"64","NAMOBJ":"Kelurahan Simpang Pasir","REMARK":null,"KDPBPS":null,"FCODE":"BA03070040","LUASWH":null,"UUPP":"Hasil Delineasi Batas Desa 2018","SRS_ID":"SRGI 2013","METADATA":"TASWIL1000020200326DATA_BATAS_DESA_KELURAHAN","KDEBPS":null,"KDEPUM":"64.72.01.1004","KDCBPS":null,"KDCPUM":"64.72.01","KDBBPS":null,"WADMKD":"Kelurahan Simpang Pasir","WIADKD":null,"WADMKC":"Palaran","WIADKC":null,"WADMKK":"Kota Samarinda","WIADKK":null,"WADMPR":"Kalimantan Timur","WIADPR":null,"TIPADM":2,"KDPKAB":"64.72","SHAPE_Leng":0.253902629310526,"SHAPE_Area":0.002102893646044,"visibility":false},"geometry":{"type":"MultiPolygon","coordinates":[[[[117.166451,-0.538452,0],[117.166374,-0.538317,0],[117.166283,-0.538191,0],[117.166191,-0.538047,0],[117.166115,-0.537957,0],[117.166039,-0.53784,0],[117.165955,-0.537742,0],[117.165833,-0.537598,0],[117.165764,-0.537499,0],[117.16568,-0.5374,0],[117.165604,-0.537292,0],[117.165474,-0.537166,0],[117.165398,-0.537077,0],[117.165253,-0.536915,0],[117.165085,-0.536735,0],[117.165016,-0.536654,0],[117.164917,-0.536546,0],[117.164803,-0.536447,0],[117.164688,-0.536313,0],[117.164604,-0.536232,0],[117.164497,-0.536124,0],[117.164391,-0.536007,0],[117.164215,-0.535818,0],[117.164032,-0.535594,0],[117.163963,-0.535522,0],[117.163849,-0.535396,0],[117.163773,-0.535288,0],[117.163673,-0.535153,0],[117.163605,-0.535072,0],[117.163498,-0.534929,0],[117.163429,-0.534839,0],[117.163383,-0.534758,0],[117.1633,-0.534632,0],[117.163231,-0.534542,0],[117.163124,-0.53438,0],[117.162994,-0.534164,0],[117.16291,-0.534048,0],[117.162865,-0.533958,0],[117.162773,-0.533832,0],[117.162704,-0.533742,0],[117.162628,-0.533616,0],[117.162483,-0.533445,0],[117.162354,-0.533266,0],[117.162224,-0.533158,0],[117.16214,-0.533068,0],[117.162056,-0.533005,0],[117.161957,-0.532924,0],[117.16188,-0.532816,0],[117.161797,-0.532753,0],[117.161705,-0.532682,0],[117.161613,-0.532601,0],[117.161423,-0.532466,0],[117.16127,-0.532304,0],[117.161156,-0.532205,0],[117.161079,-0.532134,0],[117.160965,-0.532008,0],[117.160858,-0.531918,0],[117.160751,-0.531828,0],[117.160683,-0.531756,0],[117.160599,-0.531684,0],[117.160454,-0.531558,0],[117.160378,-0.531478,0],[117.160225,-0.531334,0],[117.160141,-0.531262,0],[117.160004,-0.531145,0],[117.159897,-0.531028,0],[117.159836,-0.530947,0],[117.159653,-0.530768,0],[117.159569,-0.530669,0],[117.159439,-0.530534,0],[117.15937,-0.530426,0],[117.159286,-0.530363,0],[117.159203,-0.530264,0],[117.158918,-0.529894,0],[117.157725,-0.531438,0],[117.158607,-0.532436,0],[117.158147,-0.53286,0],[117.158267,-0.532978,0],[117.156155,-0.534749,0],[117.156112,-0.534841,0],[117.15607,-0.534892,0],[117.156007,-0.534935,0],[117.155905,-0.535008,0],[117.155873,-0.535034,0],[117.155812,-0.535084,0],[117.155734,-0.535155,0],[117.15558,-0.535007,0],[117.155557,-0.534987,0],[117.155538,-0.534995,0],[117.155529,-0.534999,0],[117.155491,-0.535022,0],[117.155449,-0.535048,0],[117.155416,-0.535071,0],[117.155373,-0.53511,0],[117.155295,-0.535176,0],[117.155272,-0.535197,0],[117.155257,-0.535212,0],[117.155251,-0.535227,0],[117.155255,-0.535248,0],[117.155235,-0.535262,0],[117.155212,-0.535278,0],[117.155196,-0.535299,0],[117.155194,-0.535301,0],[117.155146,-0.535364,0],[117.155063,-0.53541,0],[117.155001,-0.535426,0],[117.154972,-0.535434,0],[117.154884,-0.535456,0],[117.1547,-0.535504,0],[117.15431,-0.535566,0],[117.153789,-0.535566,0],[117.153709,-0.535566,0],[117.153691,-0.535566,0],[117.153549,-0.535583,0],[117.153068,-0.535638,0],[117.153002,-0.535649,0],[117.152753,-0.535689,0],[117.152605,-0.53573,0],[117.152299,-0.535856,0],[117.15208,-0.535939,0],[117.15194,-0.535965,0],[117.151849,-0.535972,0],[117.151714,-0.535965,0],[117.151631,-0.535939,0],[117.151573,-0.535866,0],[117.151518,-0.53578,0],[117.151462,-0.535669,0],[117.151402,-0.535565,0],[117.151327,-0.535522,0],[117.151275,-0.535503,0],[117.151107,-0.535486,0],[117.150881,-0.535521,0],[117.150656,-0.535603,0],[117.150389,-0.535777,0],[117.150239,-0.536005,0],[117.150076,-0.536366,0],[117.149943,-0.536663,0],[117.149822,-0.536803,0],[117.149648,-0.536925,0],[117.149017,-0.537248,0],[117.148807,-0.537346,0],[117.14864,-0.537417,0],[117.148368,-0.537521,0],[117.148162,-0.537586,0],[117.147904,-0.537677,0],[117.14759,-0.537668,0],[117.147387,-0.537679,0],[117.1472,-0.537712,0],[117.147172,-0.537727,0],[117.147008,-0.537811,0],[117.146891,-0.53787,0],[117.146754,-0.537938,0],[117.146756,-0.538487,0],[117.146277,-0.541145,0],[117.132376,-0.556099,0],[117.13134,-0.560203,0],[117.12915,-0.563336,0],[117.127388,-0.564966,0],[117.125847,-0.566461,0],[117.125209,-0.567317,0],[117.12421,-0.571529,0],[117.123746,-0.576169,0],[117.122854,-0.579274,0],[117.121776,-0.581195,0],[117.120916,-0.583329,0],[117.120061,-0.584327,0],[117.119219,-0.585398,0],[117.118933,-0.585712,0],[117.118748,-0.586154,0],[117.118619,-0.58654,0],[117.118062,-0.587268,0],[117.117149,-0.588096,0],[117.115074,-0.591716,0],[117.113361,-0.595285,0],[117.111305,-0.598999,0],[117.111683,-0.599229,0],[117.11208,-0.599589,0],[117.112458,-0.600238,0],[117.112975,-0.601288,0],[117.113184,-0.601653,0],[117.113454,-0.602123,0],[117.113786,-0.602389,0],[117.114261,-0.602632,0],[117.114955,-0.603032,0],[117.115728,-0.603632,0],[117.116188,-0.604055,0],[117.11657,-0.604588,0],[117.116874,-0.605294,0],[117.117491,-0.606537,0],[117.117904,-0.60736,0],[117.118186,-0.60803,0],[117.118671,-0.608742,0],[117.118707,-0.60896,0],[117.118865,-0.60991,0],[117.118882,-0.610015,0],[117.11912,-0.611756,0],[117.11912,-0.612292,0],[117.119338,-0.612955,0],[117.119444,-0.613145,0],[117.119551,-0.61331,0],[117.119623,-0.613405,0],[117.119633,-0.613417,0],[117.119764,-0.613516,0],[117.119919,-0.613623,0],[117.120091,-0.613689,0],[117.120305,-0.61373,0],[117.12055,-0.613738,0],[117.120731,-0.613746,0],[117.120934,-0.613751,0],[117.121108,-0.613755,0],[117.122208,-0.613755,0],[117.122411,-0.613755,0],[117.122992,-0.613722,0],[117.12341,-0.613722,0],[117.12382,-0.613705,0],[117.124254,-0.613697,0],[117.1253,-0.613813,0],[117.125368,-0.613813,0],[117.1258,-0.613813,0],[117.126046,-0.613813,0],[117.126376,-0.613724,0],[117.12745,-0.614356,0],[117.128352,-0.614825,0],[117.128622,-0.614937,0],[117.130003,-0.615447,0],[117.131496,-0.616031,0],[117.132226,-0.616429,0],[117.132864,-0.616847,0],[117.133289,-0.617163,0],[117.133567,-0.61737,0],[117.134063,-0.617818,0],[117.134519,-0.618481,0],[117.134925,-0.618919,0],[117.135391,-0.619307,0],[117.136156,-0.619822,0],[117.136906,-0.620413,0],[117.137686,-0.6213,0],[117.138399,-0.622171,0],[117.138916,-0.622599,0],[117.139828,-0.623088,0],[117.141084,-0.623608,0],[117.141829,-0.62404,0],[117.14269,-0.62455,0],[117.143116,-0.624785,0],[117.143409,-0.624907,0],[117.143994,-0.625009,0],[117.145338,-0.620743,0],[117.145584,-0.620371,0],[117.145755,-0.620053,0],[117.145889,-0.619785,0],[117.145939,-0.619571,0],[117.14596,-0.619432,0],[117.145972,-0.619276,0],[117.145954,-0.619102,0],[117.145925,-0.61893,0],[117.145938,-0.618716,0],[117.145968,-0.618448,0],[117.14596,-0.618302,0],[117.145964,-0.618084,0],[117.145944,-0.617972,0],[117.145933,-0.617796,0],[117.145966,-0.617529,0],[117.145957,-0.617324,0],[117.145999,-0.617165,0],[117.146082,-0.616934,0],[117.146183,-0.616703,0],[117.146245,-0.616548,0],[117.146249,-0.616372,0],[117.146257,-0.61612,0],[117.146312,-0.615944,0],[117.14635,-0.61581,0],[117.146387,-0.61555,0],[117.146448,-0.615178,0],[117.146539,-0.61452,0],[117.146596,-0.614117,0],[117.146631,-0.613991,0],[117.146676,-0.613856,0],[117.146694,-0.613802,0],[117.146762,-0.613647,0],[117.146788,-0.613399,0],[117.146763,-0.613198,0],[117.146721,-0.613162,0],[117.146704,-0.613077,0],[117.146642,-0.613032,0],[117.146565,-0.612999,0],[117.146532,-0.612959,0],[117.146543,-0.612906,0],[117.146568,-0.612807,0],[117.146608,-0.612663,0],[117.14663,-0.612362,0],[117.146639,-0.612202,0],[117.14669,-0.61201,0],[117.146729,-0.611898,0],[117.146773,-0.611731,0],[117.146787,-0.611633,0],[117.146824,-0.611501,0],[117.146857,-0.611394,0],[117.146899,-0.611239,0],[117.146916,-0.61114,0],[117.146939,-0.611044,0],[117.146984,-0.610917,0],[117.14704,-0.610728,0],[117.147071,-0.610621,0],[117.147108,-0.610514,0],[117.147105,-0.610446,0],[117.147128,-0.610342,0],[117.147156,-0.61013,0],[117.147201,-0.609875,0],[117.147207,-0.609751,0],[117.147193,-0.60964,0],[117.147218,-0.609521,0],[117.147248,-0.609409,0],[117.14737,-0.609114,0],[117.14754,-0.608783,0],[117.147588,-0.608646,0],[117.147582,-0.608552,0],[117.147588,-0.60847,0],[117.14761,-0.608379,0],[117.147593,-0.608297,0],[117.147599,-0.608218,0],[117.14763,-0.608141,0],[117.147653,-0.608088,0],[117.147656,-0.608045,0],[117.147655,-0.607974,0],[117.147664,-0.607909,0],[117.147639,-0.607864,0],[117.147602,-0.60777,0],[117.147602,-0.607637,0],[117.147622,-0.60749,0],[117.147639,-0.6074,0],[117.147668,-0.607295,0],[117.147683,-0.607132,0],[117.147683,-0.607089,0],[117.147695,-0.607007,0],[117.14772,-0.606894,0],[117.147754,-0.60684,0],[117.147765,-0.60675,0],[117.147779,-0.606611,0],[117.147798,-0.606515,0],[117.147804,-0.606393,0],[117.147849,-0.606235,0],[117.147883,-0.606152,0],[117.147896,-0.606056,0],[117.147893,-0.60594,0],[117.147884,-0.605835,0],[117.147859,-0.605747,0],[117.147805,-0.605654,0],[117.147665,-0.605476,0],[117.147569,-0.60534,0],[117.14752,-0.605255,0],[117.147447,-0.60519,0],[117.147356,-0.6051,0],[117.147274,-0.604973,0],[117.147215,-0.604888,0],[117.147143,-0.604767,0],[117.147129,-0.604724,0],[117.14712,-0.604665,0],[117.147119,-0.604529,0],[117.147081,-0.60443,0],[117.147004,-0.604353,0],[117.146935,-0.604279,0],[117.146904,-0.604217,0],[117.14688,-0.604136,0],[117.146837,-0.604017,0],[117.146826,-0.60394,0],[117.146804,-0.603795,0],[117.146796,-0.603702,0],[117.146805,-0.603588,0],[117.146786,-0.603435,0],[117.146767,-0.603379,0],[117.146781,-0.603291,0],[117.146772,-0.603206,0],[117.146713,-0.602986,0],[117.146728,-0.602896,0],[117.146719,-0.602822,0],[117.146719,-0.602658,0],[117.146694,-0.602525,0],[117.146671,-0.602401,0],[117.146667,-0.602277,0],[117.146545,-0.601352,0],[117.146505,-0.601211,0],[117.14643,-0.600977,0],[117.146378,-0.600708,0],[117.146355,-0.600617,0],[117.14635,-0.600544,0],[117.146336,-0.600459,0],[117.14635,-0.600402,0],[117.146319,-0.600235,0],[117.146293,-0.60019,0],[117.146251,-0.6,0],[117.146234,-0.599924,0],[117.146194,-0.599735,0],[117.146168,-0.599542,0],[117.146151,-0.599425,0],[117.146151,-0.59927,0],[117.146142,-0.59912,0],[117.146134,-0.599023,0],[117.1461,-0.598879,0],[117.146045,-0.598491,0],[117.146048,-0.598451,0],[117.146062,-0.598329,0],[117.14607,-0.59819,0],[117.146055,-0.598034,0],[117.146041,-0.59794,0],[117.145998,-0.597803,0],[117.145892,-0.597573,0],[117.145746,-0.59721,0],[117.145708,-0.597088,0],[117.145664,-0.596881,0],[117.145602,-0.596743,0],[117.14557,-0.596645,0],[117.145578,-0.596521,0],[117.145591,-0.596414,0],[117.145599,-0.596227,0],[117.145593,-0.596096,0],[117.145608,-0.595872,0],[117.145611,-0.595555,0],[117.145594,-0.595223,0],[117.145576,-0.594284,0],[117.145582,-0.594229,0],[117.145608,-0.594142,0],[117.145581,-0.594061,0],[117.145591,-0.59396,0],[117.145597,-0.593356,0],[117.145646,-0.592839,0],[117.145901,-0.592462,0],[117.146066,-0.59215,0],[117.146192,-0.59197,0],[117.146337,-0.591825,0],[117.14648,-0.591692,0],[117.146591,-0.591596,0],[117.146746,-0.591482,0],[117.146855,-0.591445,0],[117.147078,-0.591357,0],[117.147264,-0.591278,0],[117.147394,-0.591245,0],[117.147548,-0.59117,0],[117.147811,-0.591002,0],[117.148036,-0.5908,0],[117.148157,-0.590635,0],[117.148261,-0.59052,0],[117.148429,-0.590387,0],[117.148546,-0.590211,0],[117.148608,-0.590043,0],[117.148612,-0.589918,0],[117.14876,-0.588897,0],[117.148794,-0.588786,0],[117.148887,-0.588635,0],[117.148919,-0.588555,0],[117.149091,-0.5882,0],[117.149164,-0.587686,0],[117.149276,-0.587533,0],[117.149344,-0.587394,0],[117.147796,-0.58598,0],[117.147911,-0.585841,0],[117.147289,-0.585098,0],[117.14675,-0.584823,0],[117.14689,-0.58344,0],[117.146475,-0.583108,0],[117.145641,-0.582232,0],[117.145093,-0.581421,0],[117.143931,-0.579338,0],[117.145299,-0.578221,0],[117.145932,-0.577447,0],[117.146433,-0.577196,0],[117.146814,-0.576482,0],[117.147476,-0.576325,0],[117.14808,-0.57527,0],[117.149614,-0.57209,0],[117.1497,-0.571253,0],[117.149668,-0.570106,0],[117.149731,-0.570025,0],[117.149811,-0.569939,0],[117.1499,-0.569893,0],[117.149992,-0.569877,0],[117.15019,-0.569906,0],[117.150385,-0.569949,0],[117.150586,-0.569977,0],[117.150776,-0.569925,0],[117.150918,-0.569893,0],[117.151026,-0.569896,0],[117.151162,-0.569921,0],[117.151303,-0.569915,0],[117.1515,-0.569835,0],[117.151841,-0.569727,0],[117.152052,-0.569662,0],[117.152164,-0.569615,0],[117.1522,-0.569608,0],[117.15228,-0.569555,0],[117.152356,-0.569492,0],[117.152483,-0.569465,0],[117.152599,-0.569451,0],[117.152867,-0.569242,0],[117.15307,-0.569084,0],[117.153322,-0.568881,0],[117.153509,-0.568702,0],[117.153621,-0.568593,0],[117.153785,-0.568443,0],[117.15402,-0.568295,0],[117.154214,-0.568205,0],[117.155923,-0.559877,0],[117.156102,-0.556928,0],[117.1543,-0.553374,0],[117.154249,-0.553294,0],[117.154125,-0.553151,0],[117.154026,-0.55304,0],[117.153975,-0.552986,0],[117.153881,-0.552861,0],[117.153808,-0.552778,0],[117.153723,-0.5527,0],[117.153602,-0.552611,0],[117.153476,-0.552487,0],[117.153439,-0.552437,0],[117.153375,-0.552318,0],[117.153318,-0.552214,0],[117.153272,-0.552161,0],[117.153254,-0.552132,0],[117.153246,-0.552089,0],[117.15325,-0.552026,0],[117.15324,-0.551985,0],[117.153168,-0.551878,0],[117.153143,-0.551812,0],[117.153092,-0.551756,0],[117.153074,-0.551709,0],[117.153037,-0.551636,0],[117.152993,-0.551575,0],[117.152975,-0.551525,0],[117.152969,-0.551461,0],[117.152971,-0.551403,0],[117.152976,-0.551369,0],[117.152965,-0.55132,0],[117.152967,-0.551253,0],[117.152969,-0.551205,0],[117.152944,-0.551152,0],[117.152885,-0.551072,0],[117.152862,-0.551028,0],[117.152846,-0.551005,0],[117.152849,-0.550982,0],[117.152864,-0.550974,0],[117.152895,-0.550947,0],[117.152917,-0.550923,0],[117.152924,-0.550879,0],[117.152923,-0.550817,0],[117.15295,-0.550753,0],[117.152962,-0.550679,0],[117.152996,-0.550621,0],[117.153059,-0.55043,0],[117.153129,-0.550195,0],[117.153193,-0.549976,0],[117.153252,-0.549822,0],[117.153311,-0.549695,0],[117.153344,-0.549612,0],[117.153432,-0.549552,0],[117.153558,-0.549441,0],[117.153636,-0.549373,0],[117.153803,-0.549148,0],[117.153893,-0.549077,0],[117.15408,-0.548987,0],[117.154159,-0.548862,0],[117.154201,-0.54883,0],[117.154333,-0.54875,0],[117.154503,-0.548671,0],[117.154597,-0.548593,0],[117.154683,-0.548404,0],[117.154724,-0.548218,0],[117.154754,-0.548161,0],[117.154794,-0.548138,0],[117.15483,-0.54808,0],[117.154853,-0.548001,0],[117.154907,-0.547928,0],[117.154974,-0.547891,0],[117.154999,-0.547862,0],[117.155101,-0.547608,0],[117.155143,-0.547533,0],[117.155181,-0.547457,0],[117.155172,-0.547349,0],[117.155189,-0.547296,0],[117.155238,-0.547223,0],[117.155322,-0.547149,0],[117.155354,-0.547108,0],[117.15537,-0.547033,0],[117.155436,-0.546799,0],[117.155478,-0.54672,0],[117.155552,-0.546595,0],[117.155573,-0.546508,0],[117.155581,-0.546484,0],[117.155558,-0.54646,0],[117.155578,-0.54643,0],[117.155584,-0.546397,0],[117.155578,-0.546345,0],[117.15557,-0.546303,0],[117.155539,-0.546263,0],[117.155522,-0.546204,0],[117.155527,-0.546152,0],[117.155513,-0.546083,0],[117.155527,-0.546034,0],[117.155584,-0.546017,0],[117.155635,-0.545917,0],[117.155649,-0.545809,0],[117.155671,-0.54571,0],[117.155678,-0.545625,0],[117.155721,-0.54552,0],[117.155748,-0.545482,0],[117.155778,-0.54548,0],[117.155822,-0.545446,0],[117.155873,-0.54544,0],[117.155983,-0.545374,0],[117.156067,-0.545322,0],[117.156113,-0.545312,0],[117.156205,-0.545258,0],[117.156462,-0.545141,0],[117.156626,-0.545062,0],[117.156774,-0.544978,0],[117.156879,-0.544939,0],[117.157422,-0.544638,0],[117.157571,-0.544577,0],[117.157726,-0.544495,0],[117.157815,-0.544405,0],[117.157865,-0.544371,0],[117.157923,-0.544392,0],[117.158045,-0.544343,0],[117.158194,-0.544259,0],[117.158268,-0.544237,0],[117.158372,-0.544177,0],[117.15846,-0.544129,0],[117.158663,-0.544013,0],[117.158935,-0.54389,0],[117.159038,-0.543831,0],[117.159208,-0.543759,0],[117.159548,-0.543585,0],[117.159613,-0.543571,0],[117.159831,-0.54343,0],[117.159915,-0.543421,0],[117.160013,-0.543358,0],[117.160146,-0.543296,0],[117.160269,-0.543218,0],[117.16029,-0.543332,0],[117.160366,-0.543388,0],[117.160442,-0.543356,0],[117.160497,-0.543326,0],[117.160611,-0.543266,0],[117.160718,-0.543239,0],[117.160813,-0.54319,0],[117.160882,-0.543089,0],[117.160967,-0.543033,0],[117.160959,-0.542974,0],[117.160885,-0.542855,0],[117.160828,-0.54273,0],[117.160834,-0.542629,0],[117.160789,-0.542533,0],[117.160735,-0.542378,0],[117.160754,-0.542294,0],[117.160813,-0.542221,0],[117.1609,-0.542185,0],[117.161455,-0.542266,0],[117.166451,-0.538452,0]]]]}},{"type":"Feature","properties":{"OBJECTID":45801,"KDPPUM":"64","NAMOBJ":"Kelurahan Simpang Tiga","REMARK":null,"KDPBPS":null,"FCODE":"BA03070040","LUASWH":null,"UUPP":"Hasil Delineasi Batas Desa 2018","SRS_ID":"SRGI 2013","METADATA":"TASWIL1000020200326DATA_BATAS_DESA_KELURAHAN","KDEBPS":null,"KDEPUM":"64.72.10.1001","KDCBPS":null,"KDCPUM":"64.72.10","KDBBPS":null,"WADMKD":"Kelurahan Simpang Tiga","WIADKD":null,"WADMKC":"Loa Janan Ilir","WIADKC":null,"WADMKK":"Kota Samarinda","WIADKK":null,"WADMPR":"Kalimantan Timur","WIADPR":null,"TIPADM":2,"KDPKAB":"64.72","SHAPE_Leng":0.127523989319394,"SHAPE_Area":0.000444513702752,"visibility":false},"geometry":{"type":"MultiPolygon","coordinates":[[[[117.125847,-0.566461,0],[117.123795,-0.567579,0],[117.120831,-0.569144,0],[117.118482,-0.569885,0],[117.118068,-0.569778,0],[117.111959,-0.568288,0],[117.109073,-0.567692,0],[117.105653,-0.56481,0],[117.089744,-0.566982,0],[117.087391,-0.566788,0],[117.083932,-0.566704,0],[117.083931,-0.566704,0],[117.083999,-0.567644,0],[117.083873,-0.571467,0],[117.083462,-0.574621,0],[117.082717,-0.576198,0],[117.085338,-0.576829,0],[117.085734,-0.576833,0],[117.086061,-0.576842,0],[117.086528,-0.576875,0],[117.086843,-0.576871,0],[117.087153,-0.576871,0],[117.087415,-0.576933,0],[117.087578,-0.577002,0],[117.087719,-0.577137,0],[117.087867,-0.577268,0],[117.088063,-0.577384,0],[117.088196,-0.577406,0],[117.088298,-0.577395,0],[117.088356,-0.577369,0],[117.088446,-0.577246,0],[117.088569,-0.577119,0],[117.088688,-0.577071,0],[117.088865,-0.577031,0],[117.089046,-0.577039,0],[117.089256,-0.577035,0],[117.089357,-0.576983,0],[117.08945,-0.576935,0],[117.089884,-0.57676,0],[117.090015,-0.576724,0],[117.090157,-0.576685,0],[117.090272,-0.576702,0],[117.090423,-0.57683,0],[117.09044,-0.576988,0],[117.090517,-0.577182,0],[117.090569,-0.577305,0],[117.090615,-0.57741,0],[117.090806,-0.577555,0],[117.091009,-0.577759,0],[117.091119,-0.577905,0],[117.091277,-0.577994,0],[117.091405,-0.578,0],[117.091497,-0.578064,0],[117.091561,-0.578186,0],[117.09159,-0.578477,0],[117.091665,-0.57853,0],[117.091746,-0.578518,0],[117.091798,-0.578489,0],[117.09188,-0.578314,0],[117.092007,-0.57818,0],[117.0921,-0.578145,0],[117.092221,-0.578174,0],[117.092291,-0.578268,0],[117.092308,-0.578454,0],[117.092279,-0.578716,0],[117.092337,-0.578798,0],[117.092401,-0.578827,0],[117.092552,-0.578844,0],[117.092789,-0.578728,0],[117.093003,-0.578675,0],[117.093154,-0.578675,0],[117.093399,-0.578782,0],[117.093514,-0.578864,0],[117.093555,-0.579032,0],[117.093607,-0.579143,0],[117.093752,-0.57926,0],[117.093956,-0.57936,0],[117.094037,-0.579447,0],[117.094089,-0.579593,0],[117.094124,-0.579803,0],[117.094182,-0.579972,0],[117.094257,-0.580065,0],[117.094298,-0.580216,0],[117.095609,-0.578984,0],[117.095883,-0.578674,0],[117.096038,-0.578531,0],[117.096192,-0.578258,0],[117.096276,-0.578175,0],[117.096385,-0.578028,0],[117.096535,-0.577992,0],[117.096828,-0.578006,0],[117.096892,-0.577813,0],[117.097107,-0.577217,0],[117.097307,-0.576817,0],[117.097392,-0.576636,0],[117.097411,-0.576436,0],[117.097335,-0.576275,0],[117.09725,-0.576227,0],[117.09705,-0.576132,0],[117.096935,-0.575989,0],[117.09684,-0.57577,0],[117.096736,-0.57557,0],[117.096593,-0.575399,0],[117.096498,-0.575332,0],[117.096279,-0.575294,0],[117.095911,-0.575242,0],[117.095683,-0.575071,0],[117.095326,-0.574943,0],[117.095247,-0.574828,0],[117.09529,-0.574629,0],[117.095419,-0.574443,0],[117.095669,-0.573651,0],[117.095752,-0.573259,0],[117.095947,-0.572859,0],[117.096061,-0.572609,0],[117.096204,-0.572395,0],[117.096539,-0.572666,0],[117.096697,-0.572923,0],[117.097039,-0.573395,0],[117.097228,-0.573546,0],[117.097477,-0.573589,0],[117.097649,-0.573596,0],[117.098363,-0.573618,0],[117.098705,-0.573546,0],[117.099134,-0.573539,0],[117.099786,-0.573384,0],[117.099873,-0.573357,0],[117.099976,-0.573397,0],[117.100012,-0.573443,0],[117.100098,-0.573461,0],[117.100872,-0.573375,0],[117.101433,-0.573308,0],[117.102425,-0.572892,0],[117.102675,-0.572799,0],[117.102811,-0.572849,0],[117.102989,-0.572977,0],[117.103118,-0.573077,0],[117.103125,-0.57327,0],[117.102994,-0.574027,0],[117.103125,-0.574467,0],[117.103291,-0.574776,0],[117.103541,-0.575121,0],[117.103765,-0.575262,0],[117.103889,-0.575262,0],[117.104088,-0.575186,0],[117.10425,-0.575128,0],[117.104555,-0.575138,0],[117.104888,-0.575033,0],[117.105078,-0.575052,0],[117.105377,-0.575252,0],[117.10568,-0.575425,0],[117.105889,-0.575567,0],[117.106222,-0.575716,0],[117.10637,-0.575776,0],[117.106559,-0.575926,0],[117.106652,-0.576482,0],[117.106842,-0.57722,0],[117.106926,-0.577624,0],[117.107425,-0.578386,0],[117.107877,-0.578779,0],[117.108329,-0.579088,0],[117.109186,-0.579576,0],[117.109604,-0.579682,0],[117.110346,-0.57972,0],[117.112697,-0.580786,0],[117.120916,-0.583329,0],[117.121776,-0.581195,0],[117.122854,-0.579274,0],[117.123746,-0.576169,0],[117.12421,-0.571529,0],[117.125209,-0.567317,0],[117.125847,-0.566461,0]]]]}},{"type":"Feature","properties":{"OBJECTID":45802,"KDPPUM":"64","NAMOBJ":"Kelurahan Sindang Sari","REMARK":null,"KDPBPS":null,"FCODE":"BA03070040","LUASWH":null,"UUPP":"Hasil Delineasi Batas Desa 2018","SRS_ID":"SRGI 2013","METADATA":"TASWIL1000020200326DATA_BATAS_DESA_KELURAHAN","KDEBPS":null,"KDEPUM":"64.72.07.1004","KDCBPS":null,"KDCPUM":"64.72.07","KDBBPS":null,"WADMKD":"Kelurahan Sindang Sari","WIADKD":null,"WADMKC":"Sambutan","WIADKC":null,"WADMKK":"Kota Samarinda","WIADKK":null,"WADMPR":"Kalimantan Timur","WIADPR":null,"TIPADM":2,"KDPKAB":"64.72","SHAPE_Leng":0.167500269148664,"SHAPE_Area":0.000463579370502,"visibility":false},"geometry":{"type":"MultiPolygon","coordinates":[[[[117.263772,-0.537685,0],[117.262809,-0.537631,0],[117.26214,-0.537594,0],[117.260213,-0.537487,0],[117.25725,-0.537321,0],[117.255263,-0.537225,0],[117.252539,-0.537047,0],[117.252243,-0.54563,0],[117.252238,-0.545726,0],[117.249546,-0.550797,0],[117.247723,-0.550797,0],[117.246607,-0.551012,0],[117.244442,-0.55185,0],[117.244382,-0.553432,0],[117.24244,-0.553394,0],[117.242424,-0.554515,0],[117.234845,-0.55448,0],[117.228672,-0.554233,0],[117.228409,-0.561983,0],[117.229394,-0.56203,0],[117.230589,-0.562082,0],[117.231069,-0.56213,0],[117.231198,-0.562173,0],[117.232273,-0.562782,0],[117.233096,-0.563201,0],[117.233682,-0.563424,0],[117.234562,-0.563772,0],[117.235167,-0.56401,0],[117.235757,-0.564248,0],[117.236093,-0.564355,0],[117.236094,-0.564268,0],[117.236091,-0.564029,0],[117.236086,-0.563426,0],[117.236177,-0.563416,0],[117.236809,-0.563351,0],[117.237207,-0.563294,0],[117.23796,-0.56318,0],[117.238036,-0.563163,0],[117.239316,-0.562877,0],[117.239729,-0.562701,0],[117.240154,-0.56252,0],[117.240523,-0.562406,0],[117.240807,-0.562334,0],[117.241205,-0.562206,0],[117.241702,-0.562063,0],[117.242114,-0.561977,0],[117.242625,-0.561877,0],[117.243094,-0.561577,0],[117.24379,-0.560963,0],[117.24557,-0.559343,0],[117.245763,-0.559143,0],[117.246039,-0.558857,0],[117.246062,-0.558839,0],[117.246522,-0.558471,0],[117.247237,-0.557781,0],[117.247544,-0.557485,0],[117.248609,-0.556311,0],[117.248932,-0.555966,0],[117.249164,-0.555743,0],[117.249295,-0.555581,0],[117.249466,-0.555378,0],[117.249562,-0.555223,0],[117.249573,-0.555225,0],[117.249717,-0.555225,0],[117.249801,-0.555153,0],[117.249841,-0.554916,0],[117.249849,-0.554706,0],[117.249813,-0.554546,0],[117.249633,-0.554344,0],[117.249291,-0.554038,0],[117.249028,-0.553697,0],[117.248956,-0.553556,0],[117.248948,-0.55348,0],[117.248948,-0.553424,0],[117.248948,-0.553355,0],[117.24896,-0.553307,0],[117.249004,-0.553267,0],[117.249064,-0.553231,0],[117.249124,-0.553207,0],[117.249239,-0.553215,0],[117.249399,-0.553231,0],[117.249515,-0.553263,0],[117.249619,-0.553275,0],[117.249707,-0.553275,0],[117.249811,-0.553267,0],[117.249891,-0.553223,0],[117.249991,-0.553171,0],[117.250148,-0.553007,0],[117.250212,-0.552927,0],[117.250219,-0.55283,0],[117.250211,-0.552754,0],[117.250168,-0.552694,0],[117.250124,-0.552645,0],[117.25006,-0.552597,0],[117.24998,-0.552541,0],[117.249908,-0.552497,0],[117.249872,-0.552457,0],[117.249848,-0.552392,0],[117.249832,-0.552292,0],[117.249864,-0.552159,0],[117.250056,-0.551872,0],[117.250156,-0.551731,0],[117.250276,-0.551635,0],[117.250399,-0.551542,0],[117.250543,-0.551374,0],[117.25094,-0.550783,0],[117.25102,-0.550697,0],[117.25112,-0.550616,0],[117.251241,-0.550555,0],[117.251361,-0.550525,0],[117.251502,-0.55052,0],[117.251612,-0.55053,0],[117.251748,-0.550565,0],[117.251863,-0.550616,0],[117.251959,-0.550687,0],[117.252049,-0.550783,0],[117.25213,-0.550914,0],[117.25217,-0.551035,0],[117.25217,-0.551217,0],[117.252135,-0.551703,0],[117.252135,-0.55186,0],[117.252115,-0.551996,0],[117.252019,-0.552304,0],[117.251974,-0.55271,0],[117.251974,-0.552856,0],[117.251974,-0.552927,0],[117.251964,-0.552998,0],[117.251924,-0.553073,0],[117.251874,-0.553159,0],[117.251557,-0.553498,0],[117.251457,-0.553578,0],[117.251387,-0.553654,0],[117.251357,-0.553765,0],[117.251352,-0.553856,0],[117.251357,-0.553952,0],[117.251442,-0.554078,0],[117.251584,-0.554232,0],[117.251699,-0.554267,0],[117.25182,-0.554282,0],[117.25195,-0.554303,0],[117.252061,-0.554323,0],[117.252196,-0.554323,0],[117.252367,-0.554267,0],[117.252518,-0.554196,0],[117.252668,-0.554121,0],[117.252794,-0.55405,0],[117.252939,-0.553979,0],[117.25307,-0.553949,0],[117.253175,-0.553949,0],[117.253256,-0.553989,0],[117.253321,-0.55405,0],[117.253366,-0.554151,0],[117.253431,-0.554323,0],[117.253543,-0.555253,0],[117.253613,-0.555586,0],[117.253669,-0.555692,0],[117.253734,-0.555773,0],[117.253824,-0.555824,0],[117.25395,-0.555829,0],[117.254075,-0.555798,0],[117.254131,-0.555748,0],[117.254201,-0.555576,0],[117.254326,-0.555339,0],[117.254487,-0.555006,0],[117.254653,-0.554889,0],[117.254843,-0.554834,0],[117.255019,-0.554829,0],[117.25525,-0.554839,0],[117.25586,-0.554985,0],[117.256111,-0.555041,0],[117.256262,-0.555061,0],[117.256402,-0.555056,0],[117.256498,-0.555,0],[117.256533,-0.554909,0],[117.256538,-0.554672,0],[117.256538,-0.554485,0],[117.256326,-0.554038,0],[117.255587,-0.553469,0],[117.255001,-0.552957,0],[117.254742,-0.552585,0],[117.254666,-0.552451,0],[117.254554,-0.552262,0],[117.254337,-0.551885,0],[117.254295,-0.551702,0],[117.254246,-0.55152,0],[117.254232,-0.551358,0],[117.254232,-0.551218,0],[117.254232,-0.551091,0],[117.254288,-0.550895,0],[117.254399,-0.550726,0],[117.254497,-0.550628,0],[117.254623,-0.550558,0],[117.254762,-0.550494,0],[117.254944,-0.550466,0],[117.255091,-0.550494,0],[117.255265,-0.550544,0],[117.255943,-0.550902,0],[117.256774,-0.551356,0],[117.256921,-0.551443,0],[117.257063,-0.55153,0],[117.257198,-0.55161,0],[117.257321,-0.551684,0],[117.257444,-0.551777,0],[117.257549,-0.55187,0],[117.257592,-0.551956,0],[117.257629,-0.552105,0],[117.257659,-0.552346,0],[117.257761,-0.552968,0],[117.257797,-0.553154,0],[117.257853,-0.553382,0],[117.258007,-0.5541,0],[117.258099,-0.554255,0],[117.258216,-0.554397,0],[117.258308,-0.554496,0],[117.258443,-0.554558,0],[117.258548,-0.55457,0],[117.258634,-0.55457,0],[117.258794,-0.554551,0],[117.25896,-0.554477,0],[117.259114,-0.554372,0],[117.259323,-0.554217,0],[117.259704,-0.553648,0],[117.259913,-0.553438,0],[117.260122,-0.553253,0],[117.260307,-0.553135,0],[117.260654,-0.552907,0],[117.260771,-0.552882,0],[117.260857,-0.552882,0],[117.26098,-0.552895,0],[117.261121,-0.552938,0],[117.261256,-0.553031,0],[117.26133,-0.553136,0],[117.261349,-0.553266,0],[117.261355,-0.553408,0],[117.261355,-0.553556,0],[117.261324,-0.553736,0],[117.261269,-0.553934,0],[117.260985,-0.554715,0],[117.260918,-0.55492,0],[117.260881,-0.555185,0],[117.260881,-0.555439,0],[117.260881,-0.555656,0],[117.260888,-0.556079,0],[117.260974,-0.556475,0],[117.261103,-0.556698,0],[117.261478,-0.557093,0],[117.261743,-0.557291,0],[117.262044,-0.557508,0],[117.262951,-0.55821,0],[117.263283,-0.558451,0],[117.263627,-0.558668,0],[117.263972,-0.558816,0],[117.264488,-0.558989,0],[117.264882,-0.559119,0],[117.26561,-0.559302,0],[117.265985,-0.559395,0],[117.266379,-0.559512,0],[117.26668,-0.559593,0],[117.266853,-0.559679,0],[117.267006,-0.559791,0],[117.26716,-0.559945,0],[117.26724,-0.560162,0],[117.267259,-0.560823,0],[117.267234,-0.561439,0],[117.267234,-0.56168,0],[117.267197,-0.561915,0],[117.267099,-0.562138,0],[117.267013,-0.562385,0],[117.266822,-0.562995,0],[117.266742,-0.563279,0],[117.266675,-0.563824,0],[117.266675,-0.564028,0],[117.266675,-0.564201,0],[117.2667,-0.564723,0],[117.266767,-0.564915,0],[117.266909,-0.565088,0],[117.267063,-0.565243,0],[117.267216,-0.56536,0],[117.267382,-0.565465,0],[117.267567,-0.565583,0],[117.267745,-0.565651,0],[117.267954,-0.5657,0],[117.268145,-0.565719,0],[117.268391,-0.565719,0],[117.268662,-0.565719,0],[117.268852,-0.565694,0],[117.269123,-0.565571,0],[117.269492,-0.565379,0],[117.269547,-0.565169,0],[117.269872,-0.563943,0],[117.269771,-0.559594,0],[117.269765,-0.559315,0],[117.269744,-0.555531,0],[117.269718,-0.555193,0],[117.269675,-0.554617,0],[117.269596,-0.553576,0],[117.269577,-0.553323,0],[117.269585,-0.552532,0],[117.269604,-0.550664,0],[117.269608,-0.550288,0],[117.269608,-0.549771,0],[117.269608,-0.549603,0],[117.269606,-0.5496,0],[117.269517,-0.549405,0],[117.269275,-0.549299,0],[117.269047,-0.549238,0],[117.268623,-0.549207,0],[117.26823,-0.549207,0],[117.268151,-0.549211,0],[117.267866,-0.549222,0],[117.267631,-0.549234,0],[117.266437,-0.549294,0],[117.265881,-0.549294,0],[117.265862,-0.549294,0],[117.265559,-0.549263,0],[117.265438,-0.549111,0],[117.265408,-0.548837,0],[117.265408,-0.548532,0],[117.265423,-0.547664,0],[117.265474,-0.545064,0],[117.265468,-0.544832,0],[117.265464,-0.544692,0],[117.265452,-0.544323,0],[117.265436,-0.543779,0],[117.265449,-0.54275,0],[117.265449,-0.542322,0],[117.265354,-0.541911,0],[117.265181,-0.5415,0],[117.264568,-0.540186,0],[117.264174,-0.539522,0],[117.26397,-0.539126,0],[117.26386,-0.538778,0],[117.263812,-0.538383,0],[117.263772,-0.537685,0]]]]}},{"type":"Feature","properties":{"OBJECTID":45808,"KDPPUM":"64","NAMOBJ":"Kelurahan Sungai Kapih","REMARK":null,"KDPBPS":null,"FCODE":"BA03070040","LUASWH":null,"UUPP":"Hasil Delineasi Batas Desa 2018","SRS_ID":"SRGI 2013","METADATA":"TASWIL1000020200326DATA_BATAS_DESA_KELURAHAN","KDEBPS":null,"KDEPUM":"64.72.07.1001","KDCBPS":null,"KDCPUM":"64.72.07","KDBBPS":null,"WADMKD":"Kelurahan Sungai Kapih","WIADKD":null,"WADMKC":"Sambutan","WIADKC":null,"WADMKK":"Kota Samarinda","WIADKK":null,"WADMPR":"Kalimantan Timur","WIADPR":null,"TIPADM":2,"KDPKAB":"64.72","SHAPE_Leng":0.117622590385721,"SHAPE_Area":0.000626871314539,"visibility":false},"geometry":{"type":"MultiPolygon","coordinates":[[[[117.173592,-0.51915,0],[117.173325,-0.518943,0],[117.173065,-0.518683,0],[117.173033,-0.518499,0],[117.173012,-0.518377,0],[117.172829,-0.517757,0],[117.172795,-0.517655,0],[117.172653,-0.517226,0],[117.172455,-0.516758,0],[117.172096,-0.516498,0],[117.171959,-0.516471,0],[117.171425,-0.516849,0],[117.171242,-0.517011,0],[117.170959,-0.517255,0],[117.170692,-0.517426,0],[117.170357,-0.517687,0],[117.170151,-0.517813,0],[117.168693,-0.518533,0],[117.168572,-0.519146,0],[117.168508,-0.519425,0],[117.168179,-0.52021,0],[117.16788,-0.520845,0],[117.167458,-0.521759,0],[117.167194,-0.521652,0],[117.166135,-0.521268,0],[117.16552,-0.52107,0],[117.165502,-0.521064,0],[117.1655,-0.52107,0],[117.16549,-0.521086,0],[117.165469,-0.521113,0],[117.16542,-0.521177,0],[117.165355,-0.521252,0],[117.165302,-0.521311,0],[117.165254,-0.521366,0],[117.165192,-0.521434,0],[117.165121,-0.521493,0],[117.165026,-0.521561,0],[117.164928,-0.521631,0],[117.164834,-0.521698,0],[117.164781,-0.521729,0],[117.164736,-0.521753,0],[117.164698,-0.521771,0],[117.164662,-0.521789,0],[117.16461,-0.521809,0],[117.16457,-0.521823,0],[117.164473,-0.52186,0],[117.164371,-0.521901,0],[117.164306,-0.521935,0],[117.164271,-0.521954,0],[117.164239,-0.52198,0],[117.1642,-0.522011,0],[117.164149,-0.522052,0],[117.16408,-0.522114,0],[117.164041,-0.522146,0],[117.163992,-0.522188,0],[117.16387,-0.522262,0],[117.163803,-0.522303,0],[117.163771,-0.522322,0],[117.163704,-0.522358,0],[117.163681,-0.522375,0],[117.163671,-0.522385,0],[117.163664,-0.522399,0],[117.163659,-0.522413,0],[117.163657,-0.522422,0],[117.163658,-0.522432,0],[117.163659,-0.522441,0],[117.163679,-0.522489,0],[117.163691,-0.522525,0],[117.163715,-0.522584,0],[117.163724,-0.522609,0],[117.163743,-0.522653,0],[117.163746,-0.522659,0],[117.163765,-0.5227,0],[117.16378,-0.522731,0],[117.163795,-0.522762,0],[117.163816,-0.522803,0],[117.163838,-0.522838,0],[117.163859,-0.522868,0],[117.163881,-0.522897,0],[117.163908,-0.522932,0],[117.163946,-0.522981,0],[117.163994,-0.523039,0],[117.164057,-0.523118,0],[117.164132,-0.523215,0],[117.164133,-0.523217,0],[117.164202,-0.523314,0],[117.164263,-0.52339,0],[117.164303,-0.523439,0],[117.164327,-0.523473,0],[117.164339,-0.523502,0],[117.164347,-0.523526,0],[117.16435,-0.523549,0],[117.16435,-0.523565,0],[117.164347,-0.52358,0],[117.164345,-0.523591,0],[117.16434,-0.523606,0],[117.164334,-0.523621,0],[117.16432,-0.523647,0],[117.164305,-0.523669,0],[117.164291,-0.523686,0],[117.16426,-0.523718,0],[117.164242,-0.523734,0],[117.164207,-0.523767,0],[117.164177,-0.523797,0],[117.164145,-0.523827,0],[117.164117,-0.523851,0],[117.164061,-0.523902,0],[117.16402,-0.523934,0],[117.163975,-0.523975,0],[117.163927,-0.524021,0],[117.163882,-0.524067,0],[117.163862,-0.524088,0],[117.163857,-0.524094,0],[117.163831,-0.524125,0],[117.163804,-0.524169,0],[117.163791,-0.524191,0],[117.163772,-0.524226,0],[117.16376,-0.524254,0],[117.163747,-0.524288,0],[117.163731,-0.524334,0],[117.16371,-0.524384,0],[117.163694,-0.524425,0],[117.163684,-0.524448,0],[117.163665,-0.524501,0],[117.163647,-0.524553,0],[117.163632,-0.524594,0],[117.163611,-0.524641,0],[117.163592,-0.524679,0],[117.163572,-0.524725,0],[117.163565,-0.524743,0],[117.163562,-0.524755,0],[117.16356,-0.524767,0],[117.163559,-0.524774,0],[117.163536,-0.524834,0],[117.163512,-0.524891,0],[117.163497,-0.524922,0],[117.163488,-0.524938,0],[117.163482,-0.52495,0],[117.163461,-0.524979,0],[117.163456,-0.524987,0],[117.16342,-0.525041,0],[117.163392,-0.525082,0],[117.163371,-0.525113,0],[117.16334,-0.525158,0],[117.163311,-0.5252,0],[117.163302,-0.525213,0],[117.163262,-0.525269,0],[117.163202,-0.52535,0],[117.163177,-0.525383,0],[117.163163,-0.525387,0],[117.16315,-0.525418,0],[117.163148,-0.525422,0],[117.163127,-0.52549,0],[117.163094,-0.525532,0],[117.162945,-0.525658,0],[117.162888,-0.525685,0],[117.162761,-0.525874,0],[117.162544,-0.526222,0],[117.162172,-0.526796,0],[117.162088,-0.526918,0],[117.161995,-0.527063,0],[117.161899,-0.527186,0],[117.161784,-0.527264,0],[117.161677,-0.527325,0],[117.161284,-0.527516,0],[117.160997,-0.527669,0],[117.160726,-0.527802,0],[117.16042,-0.527928,0],[117.160393,-0.52794,0],[117.160254,-0.527975,0],[117.160237,-0.52808,0],[117.160207,-0.528162,0],[117.160157,-0.528238,0],[117.160093,-0.528306,0],[117.160041,-0.528335,0],[117.159974,-0.528351,0],[117.159908,-0.528368,0],[117.159862,-0.528378,0],[117.159801,-0.528397,0],[117.159767,-0.528421,0],[117.159763,-0.528427,0],[117.159744,-0.528456,0],[117.159757,-0.528497,0],[117.159775,-0.528539,0],[117.159813,-0.528584,0],[117.159817,-0.528586,0],[117.159819,-0.528587,0],[117.159896,-0.528637,0],[117.159964,-0.52869,0],[117.159992,-0.528732,0],[117.159993,-0.528736,0],[117.15999,-0.528779,0],[117.159962,-0.528817,0],[117.159913,-0.528825,0],[117.159847,-0.528829,0],[117.159781,-0.528831,0],[117.159727,-0.528839,0],[117.1597,-0.528853,0],[117.159677,-0.528858,0],[117.159628,-0.528895,0],[117.159591,-0.528952,0],[117.159554,-0.529042,0],[117.159551,-0.529062,0],[117.15955,-0.529063,0],[117.159549,-0.529065,0],[117.159534,-0.529096,0],[117.159486,-0.529159,0],[117.159402,-0.529268,0],[117.159105,-0.529651,0],[117.158881,-0.529845,0],[117.158887,-0.529853,0],[117.158918,-0.529894,0],[117.159203,-0.530264,0],[117.159286,-0.530363,0],[117.15937,-0.530426,0],[117.159439,-0.530534,0],[117.159569,-0.530669,0],[117.159653,-0.530768,0],[117.159836,-0.530947,0],[117.159897,-0.531028,0],[117.160004,-0.531145,0],[117.160141,-0.531262,0],[117.160225,-0.531334,0],[117.160378,-0.531478,0],[117.160454,-0.531558,0],[117.160599,-0.531684,0],[117.160683,-0.531756,0],[117.160751,-0.531828,0],[117.160858,-0.531918,0],[117.160965,-0.532008,0],[117.161079,-0.532134,0],[117.161156,-0.532205,0],[117.16127,-0.532304,0],[117.161423,-0.532466,0],[117.161613,-0.532601,0],[117.161705,-0.532682,0],[117.161797,-0.532753,0],[117.16188,-0.532816,0],[117.161957,-0.532924,0],[117.162056,-0.533005,0],[117.16214,-0.533068,0],[117.162224,-0.533158,0],[117.162354,-0.533266,0],[117.162483,-0.533445,0],[117.162628,-0.533616,0],[117.162704,-0.533742,0],[117.162773,-0.533832,0],[117.162865,-0.533958,0],[117.16291,-0.534048,0],[117.162994,-0.534164,0],[117.163124,-0.53438,0],[117.163231,-0.534542,0],[117.1633,-0.534632,0],[117.163383,-0.534758,0],[117.163429,-0.534839,0],[117.163498,-0.534929,0],[117.163605,-0.535072,0],[117.163673,-0.535153,0],[117.163773,-0.535288,0],[117.163849,-0.535396,0],[117.163963,-0.535522,0],[117.164032,-0.535594,0],[117.164215,-0.535818,0],[117.164391,-0.536007,0],[117.164497,-0.536124,0],[117.164604,-0.536232,0],[117.164688,-0.536313,0],[117.164803,-0.536447,0],[117.164917,-0.536546,0],[117.165016,-0.536654,0],[117.165085,-0.536735,0],[117.165253,-0.536915,0],[117.165398,-0.537077,0],[117.165474,-0.537166,0],[117.165604,-0.537292,0],[117.16568,-0.5374,0],[117.165764,-0.537499,0],[117.165833,-0.537598,0],[117.165955,-0.537742,0],[117.166039,-0.53784,0],[117.166115,-0.537957,0],[117.166191,-0.538047,0],[117.166283,-0.538191,0],[117.166374,-0.538317,0],[117.166451,-0.538452,0],[117.166519,-0.538524,0],[117.166679,-0.538748,0],[117.166801,-0.53891,0],[117.166878,-0.539018,0],[117.167007,-0.539207,0],[117.167091,-0.539297,0],[117.167206,-0.539431,0],[117.167358,-0.539638,0],[117.167442,-0.539719,0],[117.167503,-0.5398,0],[117.167595,-0.539926,0],[117.167702,-0.540052,0],[117.167786,-0.540141,0],[117.167892,-0.540267,0],[117.168022,-0.540411,0],[117.168114,-0.540519,0],[117.168165,-0.540564,0],[117.168205,-0.5406,0],[117.168282,-0.54069,0],[117.168373,-0.540788,0],[117.168503,-0.540905,0],[117.16864,-0.541049,0],[117.168724,-0.541148,0],[117.168831,-0.54122,0],[117.168907,-0.541301,0],[117.169022,-0.541408,0],[117.169113,-0.541471,0],[117.169228,-0.541588,0],[117.169334,-0.541669,0],[117.169403,-0.541732,0],[117.169487,-0.541813,0],[117.169556,-0.541885,0],[117.169624,-0.541966,0],[117.169693,-0.542064,0],[117.169792,-0.54219,0],[117.169884,-0.542343,0],[117.169975,-0.542451,0],[117.170036,-0.542559,0],[117.170105,-0.542622,0],[117.170158,-0.542739,0],[117.170212,-0.542819,0],[117.170265,-0.542927,0],[117.170334,-0.543035,0],[117.170433,-0.543197,0],[117.170525,-0.543332,0],[117.17057,-0.543422,0],[117.170639,-0.543539,0],[117.170692,-0.543611,0],[117.170746,-0.543718,0],[117.170822,-0.543817,0],[117.170891,-0.543907,0],[117.170952,-0.543997,0],[117.171059,-0.544132,0],[117.171173,-0.544312,0],[117.171249,-0.544438,0],[117.171303,-0.544518,0],[117.171425,-0.544626,0],[117.171471,-0.544707,0],[117.171585,-0.544869,0],[117.17186,-0.545183,0],[117.171997,-0.545336,0],[117.172142,-0.54548,0],[117.172256,-0.545615,0],[117.172371,-0.545732,0],[117.17247,-0.545848,0],[117.172653,-0.546055,0],[117.172783,-0.54619,0],[117.172852,-0.546271,0],[117.172958,-0.546379,0],[117.173035,-0.54646,0],[117.173149,-0.546567,0],[117.173454,-0.546873,0],[117.173561,-0.546972,0],[117.173668,-0.547089,0],[117.173828,-0.547259,0],[117.17392,-0.547376,0],[117.174026,-0.547511,0],[117.174103,-0.547574,0],[117.174156,-0.547655,0],[117.174286,-0.547808,0],[117.17437,-0.547906,0],[117.174454,-0.547996,0],[117.174522,-0.548104,0],[117.174614,-0.548239,0],[117.174698,-0.548329,0],[117.17482,-0.548491,0],[117.174889,-0.54858,0],[117.175018,-0.548742,0],[117.175095,-0.548832,0],[117.175201,-0.548958,0],[117.175301,-0.549093,0],[117.175369,-0.549165,0],[117.175423,-0.549264,0],[117.175491,-0.549353,0],[117.175606,-0.549506,0],[117.17572,-0.549686,0],[117.175812,-0.549821,0],[117.175873,-0.549902,0],[117.175941,-0.549992,0],[117.176064,-0.550153,0],[117.176155,-0.550243,0],[117.176308,-0.550477,0],[117.176384,-0.550549,0],[117.17646,-0.550675,0],[117.176567,-0.550827,0],[117.176643,-0.550935,0],[117.176743,-0.551007,0],[117.176834,-0.551178,0],[117.176903,-0.551313,0],[117.17701,-0.551439,0],[117.177071,-0.551538,0],[117.177147,-0.551645,0],[117.177307,-0.551834,0],[117.177406,-0.55196,0],[117.17749,-0.552032,0],[117.177597,-0.552176,0],[117.177681,-0.552248,0],[117.177795,-0.552373,0],[117.17794,-0.552517,0],[117.178017,-0.552625,0],[117.178215,-0.552805,0],[117.178322,-0.552903,0],[117.178474,-0.55302,0],[117.178551,-0.553092,0],[117.178619,-0.553155,0],[117.178886,-0.553398,0],[117.178955,-0.553469,0],[117.179072,-0.553575,0],[117.181637,-0.550206,0],[117.181802,-0.550091,0],[117.182201,-0.54954,0],[117.182285,-0.549412,0],[117.182411,-0.549153,0],[117.182508,-0.549024,0],[117.182642,-0.548933,0],[117.182838,-0.548938,0],[117.182969,-0.548849,0],[117.183284,-0.548534,0],[117.183891,-0.547773,0],[117.18517,-0.546238,0],[117.185253,-0.546137,0],[117.185253,-0.545934,0],[117.185146,-0.545334,0],[117.185099,-0.544977,0],[117.185128,-0.544519,0],[117.185176,-0.544197,0],[117.185898,-0.543541,0],[117.188346,-0.540472,0],[117.189776,-0.538679,0],[117.190285,-0.538041,0],[117.190544,-0.537986,0],[117.188188,-0.53651,0],[117.186352,-0.535359,0],[117.184247,-0.53404,0],[117.181114,-0.532077,0],[117.180869,-0.531901,0],[117.182946,-0.529552,0],[117.183446,-0.529331,0],[117.184792,-0.528817,0],[117.186531,-0.527251,0],[117.186462,-0.526396,0],[117.18602,-0.525407,0],[117.185996,-0.525227,0],[117.185934,-0.524764,0],[117.185959,-0.524348,0],[117.186066,-0.523464,0],[117.186256,-0.522816,0],[117.186218,-0.521737,0],[117.184012,-0.518306,0],[117.183632,-0.517854,0],[117.183037,-0.517735,0],[117.182192,-0.517759,0],[117.181778,-0.517838,0],[117.181757,-0.517773,0],[117.181592,-0.516691,0],[117.176231,-0.518293,0],[117.175827,-0.518446,0],[117.175415,-0.518671,0],[117.175095,-0.518834,0],[117.174583,-0.519149,0],[117.174393,-0.519266,0],[117.174072,-0.519284,0],[117.173592,-0.51915,0]]]]}},{"type":"Feature","properties":{"OBJECTID":45811,"KDPPUM":"64","NAMOBJ":"Kelurahan Sungai Pinang Dalam","REMARK":null,"KDPBPS":null,"FCODE":"BA03070040","LUASWH":null,"UUPP":"Hasil Delineasi Batas Desa 2018","SRS_ID":"SRGI 2013","METADATA":"TASWIL1000020200326DATA_BATAS_DESA_KELURAHAN","KDEBPS":null,"KDEPUM":"64.72.08.1002","KDCBPS":null,"KDCPUM":"64.72.08","KDBBPS":null,"WADMKD":"Kelurahan Sungai Pinang Dalam","WIADKD":null,"WADMKC":"Sungai Pinang","WIADKC":null,"WADMKK":"Kota Samarinda","WIADKK":null,"WADMPR":"Kalimantan Timur","WIADPR":null,"TIPADM":2,"KDPKAB":"64.72","SHAPE_Leng":0.105753881939697,"SHAPE_Area":0.000415232305153,"visibility":false},"geometry":{"type":"MultiPolygon","coordinates":[[[[117.180018,-0.461833,0],[117.179294,-0.461633,0],[117.179048,-0.461604,0],[117.17878,-0.461601,0],[117.178655,-0.461626,0],[117.177973,-0.461815,0],[117.177279,-0.461962,0],[117.17675,-0.46214,0],[117.176724,-0.462146,0],[117.17661,-0.462187,0],[117.176141,-0.4623,0],[117.176121,-0.462289,0],[117.17564,-0.462009,0],[117.175579,-0.462005,0],[117.17535,-0.461987,0],[117.17522,-0.461977,0],[117.174962,-0.461896,0],[117.174466,-0.461676,0],[117.174472,-0.461689,0],[117.173607,-0.462045,0],[117.17307,-0.462731,0],[117.172638,-0.464313,0],[117.172442,-0.465619,0],[117.172363,-0.466278,0],[117.172088,-0.467372,0],[117.170791,-0.469878,0],[117.169062,-0.470919,0],[117.164884,-0.473359,0],[117.16237,-0.474836,0],[117.159134,-0.476721,0],[117.156476,-0.478304,0],[117.155113,-0.479095,0],[117.154787,-0.47929,0],[117.154801,-0.479297,0],[117.154906,-0.479353,0],[117.15564,-0.479785,0],[117.156041,-0.480016,0],[117.156633,-0.480441,0],[117.157229,-0.48087,0],[117.157473,-0.480925,0],[117.158567,-0.481579,0],[117.159059,-0.480867,0],[117.159139,-0.480741,0],[117.159921,-0.479511,0],[117.160537,-0.479955,0],[117.159279,-0.481831,0],[117.159173,-0.481989,0],[117.159159,-0.482008,0],[117.15917,-0.482015,0],[117.159261,-0.482085,0],[117.159264,-0.482088,0],[117.159577,-0.482428,0],[117.1599,-0.482789,0],[117.160196,-0.483101,0],[117.160334,-0.483276,0],[117.160375,-0.483337,0],[117.160504,-0.483545,0],[117.16052,-0.483571,0],[117.160676,-0.483832,0],[117.160739,-0.483939,0],[117.160755,-0.483967,0],[117.160831,-0.484096,0],[117.160949,-0.484315,0],[117.161061,-0.48452,0],[117.16109,-0.484575,0],[117.161158,-0.484728,0],[117.161468,-0.485339,0],[117.161645,-0.485735,0],[117.161839,-0.486349,0],[117.161932,-0.486902,0],[117.162167,-0.488059,0],[117.1622,-0.488198,0],[117.162206,-0.488235,0],[117.162312,-0.488728,0],[117.162382,-0.489058,0],[117.162415,-0.489198,0],[117.162433,-0.489293,0],[117.162449,-0.489398,0],[117.162451,-0.489414,0],[117.162459,-0.489503,0],[117.162465,-0.489581,0],[117.162477,-0.489589,0],[117.162478,-0.489854,0],[117.166082,-0.490475,0],[117.166897,-0.490615,0],[117.169476,-0.491171,0],[117.169477,-0.491164,0],[117.1695,-0.491072,0],[117.169536,-0.490963,0],[117.169574,-0.490861,0],[117.169612,-0.490771,0],[117.169649,-0.490699,0],[117.16968,-0.490656,0],[117.169779,-0.490552,0],[117.169806,-0.490523,0],[117.169827,-0.490494,0],[117.169857,-0.49044,0],[117.169872,-0.490391,0],[117.169883,-0.490342,0],[117.169887,-0.490253,0],[117.169885,-0.490188,0],[117.169877,-0.490138,0],[117.169881,-0.490065,0],[117.169919,-0.490024,0],[117.169979,-0.490012,0],[117.170019,-0.490017,0],[117.170055,-0.490038,0],[117.170074,-0.490078,0],[117.170083,-0.490159,0],[117.17009,-0.490206,0],[117.170098,-0.49024,0],[117.170109,-0.490274,0],[117.17013,-0.490344,0],[117.170147,-0.490381,0],[117.17018,-0.49045,0],[117.170193,-0.490475,0],[117.170217,-0.490513,0],[117.170232,-0.490537,0],[117.170253,-0.490579,0],[117.170292,-0.490663,0],[117.170312,-0.490703,0],[117.170347,-0.490764,0],[117.170383,-0.490836,0],[117.170416,-0.490893,0],[117.170441,-0.490945,0],[117.170452,-0.490973,0],[117.170461,-0.491002,0],[117.170469,-0.491031,0],[117.170474,-0.49107,0],[117.170476,-0.491101,0],[117.170478,-0.491143,0],[117.170479,-0.491192,0],[117.17048,-0.491213,0],[117.170484,-0.491234,0],[117.170491,-0.491254,0],[117.170504,-0.491274,0],[117.170525,-0.491294,0],[117.17056,-0.491318,0],[117.170608,-0.491341,0],[117.170662,-0.491365,0],[117.170709,-0.491385,0],[117.170755,-0.491402,0],[117.17081,-0.491421,0],[117.170848,-0.49143,0],[117.170891,-0.491438,0],[117.170948,-0.491444,0],[117.17102,-0.491454,0],[117.171089,-0.491465,0],[117.171171,-0.491479,0],[117.171225,-0.49149,0],[117.171288,-0.491502,0],[117.171356,-0.491513,0],[117.171428,-0.491522,0],[117.171462,-0.491525,0],[117.171528,-0.491513,0],[117.171616,-0.491475,0],[117.171655,-0.491455,0],[117.171659,-0.491453,0],[117.171669,-0.491445,0],[117.171688,-0.491435,0],[117.171706,-0.491429,0],[117.171732,-0.491424,0],[117.171801,-0.491418,0],[117.17186,-0.491414,0],[117.171942,-0.491408,0],[117.172089,-0.491399,0],[117.172147,-0.491395,0],[117.172179,-0.491388,0],[117.172201,-0.49138,0],[117.172218,-0.491372,0],[117.172236,-0.491361,0],[117.172238,-0.491365,0],[117.172274,-0.491346,0],[117.172417,-0.491174,0],[117.172518,-0.490948,0],[117.17256,-0.490799,0],[117.172572,-0.490609,0],[117.172542,-0.490282,0],[117.17253,-0.489788,0],[117.172423,-0.489758,0],[117.17228,-0.489681,0],[117.172251,-0.489568,0],[117.172227,-0.489413,0],[117.172036,-0.48911,0],[117.171953,-0.488943,0],[117.176796,-0.488537,0],[117.177184,-0.488505,0],[117.177161,-0.48837,0],[117.177153,-0.488113,0],[117.177179,-0.488031,0],[117.17724,-0.487898,0],[117.177255,-0.487742,0],[117.177199,-0.487453,0],[117.177132,-0.487245,0],[117.177027,-0.487079,0],[117.17692,-0.486873,0],[117.176878,-0.486705,0],[117.176883,-0.486538,0],[117.176864,-0.486443,0],[117.176764,-0.486262,0],[117.176604,-0.486012,0],[117.17639,-0.485744,0],[117.176271,-0.485634,0],[117.17605,-0.48547,0],[117.175917,-0.48541,0],[117.175529,-0.485299,0],[117.175452,-0.485287,0],[117.175319,-0.484884,0],[117.175141,-0.484422,0],[117.175437,-0.484318,0],[117.176192,-0.484214,0],[117.176799,-0.484258,0],[117.177288,-0.484273,0],[117.177589,-0.482951,0],[117.177653,-0.482054,0],[117.177645,-0.4811,0],[117.178078,-0.480321,0],[117.178355,-0.479758,0],[117.178551,-0.479111,0],[117.17862,-0.478578,0],[117.178759,-0.477938,0],[117.178907,-0.477444,0],[117.179007,-0.477081,0],[117.179111,-0.476819,0],[117.179482,-0.476313,0],[117.179729,-0.476041,0],[117.18017,-0.475625,0],[117.180485,-0.475229,0],[117.180667,-0.474956,0],[117.180888,-0.474518,0],[117.180926,-0.474318,0],[117.180886,-0.473382,0],[117.180788,-0.472503,0],[117.180783,-0.472415,0],[117.180672,-0.472069,0],[117.180505,-0.471613,0],[117.18042,-0.471403,0],[117.180327,-0.471061,0],[117.180353,-0.470514,0],[117.180379,-0.470214,0],[117.180447,-0.469688,0],[117.180449,-0.469612,0],[117.180494,-0.469413,0],[117.180674,-0.468991,0],[117.181027,-0.468088,0],[117.181129,-0.467752,0],[117.181171,-0.467651,0],[117.181438,-0.466091,0],[117.181673,-0.465163,0],[117.181758,-0.464923,0],[117.181905,-0.464365,0],[117.182007,-0.463898,0],[117.182337,-0.463087,0],[117.182531,-0.462623,0],[117.18253,-0.462423,0],[117.182514,-0.46192,0],[117.181175,-0.461804,0],[117.180632,-0.461872,0],[117.180318,-0.461886,0],[117.180018,-0.461833,0]]]]}},{"type":"Feature","properties":{"OBJECTID":45813,"KDPPUM":"64","NAMOBJ":"Kelurahan Sungai Siring","REMARK":null,"KDPBPS":null,"FCODE":"BA03070040","LUASWH":null,"UUPP":"Hasil Delineasi Batas Desa 2018","SRS_ID":"SRGI 2013","METADATA":"TASWIL1000020200326DATA_BATAS_DESA_KELURAHAN","KDEBPS":null,"KDEPUM":"64.72.05.1004","KDCBPS":null,"KDCPUM":"64.72.05","KDBBPS":null,"WADMKD":"Kelurahan Sungai Siring","WIADKD":null,"WADMKC":"Samarinda Utara","WIADKC":null,"WADMKK":"Kota Samarinda","WIADKK":null,"WADMPR":"Kalimantan Timur","WIADPR":null,"TIPADM":2,"KDPKAB":"64.72","SHAPE_Leng":0.470431206722315,"SHAPE_Area":0.006360273243214,"visibility":false},"geometry":{"type":"MultiPolygon","coordinates":[[[[117.297926,-0.382493,0],[117.29788,-0.382454,0],[117.297695,-0.382231,0],[117.297688,-0.382223,0],[117.297554,-0.381915,0],[117.297535,-0.381549,0],[117.297535,-0.381241,0],[117.297535,-0.380914,0],[117.297554,-0.380452,0],[117.297554,-0.379893,0],[117.297899,-0.377692,0],[117.297899,-0.377037,0],[117.297899,-0.376688,0],[117.297899,-0.37648,0],[117.297899,-0.376421,0],[117.297884,-0.376321,0],[117.297842,-0.376055,0],[117.29765,-0.375612,0],[117.297114,-0.374727,0],[117.295602,-0.373417,0],[117.295427,-0.373278,0],[117.295153,-0.373061,0],[117.294447,-0.372515,0],[117.294302,-0.372412,0],[117.294247,-0.372373,0],[117.293193,-0.371624,0],[117.29322,-0.371606,0],[117.29337,-0.371434,0],[117.29353,-0.371236,0],[117.293474,-0.371053,0],[117.293434,-0.370884,0],[117.293449,-0.370542,0],[117.293561,-0.370177,0],[117.293637,-0.369968,0],[117.293637,-0.369774,0],[117.293632,-0.369513,0],[117.293453,-0.368873,0],[117.293169,-0.368056,0],[117.292936,-0.367376,0],[117.292702,-0.366835,0],[117.292439,-0.366391,0],[117.292127,-0.365944,0],[117.291981,-0.36581,0],[117.291807,-0.365728,0],[117.291553,-0.365716,0],[117.291304,-0.365764,0],[117.29094,-0.365801,0],[117.290693,-0.365805,0],[117.290617,-0.365785,0],[117.2903,-0.365657,0],[117.290106,-0.365527,0],[117.289863,-0.365311,0],[117.289713,-0.365167,0],[117.289514,-0.364977,0],[117.289166,-0.36467,0],[117.288963,-0.364532,0],[117.288616,-0.364308,0],[117.288134,-0.364056,0],[117.287908,-0.363917,0],[117.287722,-0.363702,0],[117.287665,-0.36355,0],[117.287664,-0.363548,0],[117.287536,-0.363106,0],[117.287438,-0.36287,0],[117.287325,-0.362752,0],[117.287115,-0.362589,0],[117.286831,-0.362653,0],[117.286194,-0.36273,0],[117.285312,-0.362618,0],[117.28445,-0.362503,0],[117.283905,-0.362352,0],[117.28309,-0.361982,0],[117.282208,-0.361371,0],[117.281465,-0.360734,0],[117.280895,-0.360324,0],[117.280805,-0.360267,0],[117.280369,-0.360198,0],[117.279877,-0.360215,0],[117.279413,-0.360299,0],[117.279,-0.360348,0],[117.278778,-0.360296,0],[117.278486,-0.360226,0],[117.278118,-0.359989,0],[117.277468,-0.359383,0],[117.277429,-0.359371,0],[117.277195,-0.359299,0],[117.276893,-0.359299,0],[117.276445,-0.359423,0],[117.276231,-0.359522,0],[117.276034,-0.359609,0],[117.275777,-0.359678,0],[117.275623,-0.359652,0],[117.275499,-0.359561,0],[117.275384,-0.359449,0],[117.275277,-0.35932,0],[117.275028,-0.359251,0],[117.274822,-0.359244,0],[117.27474,-0.359285,0],[117.274697,-0.359449,0],[117.274654,-0.359692,0],[117.274621,-0.359797,0],[117.274564,-0.359876,0],[117.27442,-0.359906,0],[117.274304,-0.359888,0],[117.274241,-0.359797,0],[117.274205,-0.359689,0],[117.274193,-0.359514,0],[117.274289,-0.359318,0],[117.274382,-0.359101,0],[117.274394,-0.358942,0],[117.274325,-0.358683,0],[117.274244,-0.35845,0],[117.274117,-0.358296,0],[117.274036,-0.358278,0],[117.273904,-0.358299,0],[117.273778,-0.358365,0],[117.273682,-0.358501,0],[117.273666,-0.358604,0],[117.273651,-0.358664,0],[117.273603,-0.358664,0],[117.273535,-0.358652,0],[117.273472,-0.358601,0],[117.273406,-0.358516,0],[117.273358,-0.358468,0],[117.273265,-0.358438,0],[117.273181,-0.358447,0],[117.273082,-0.358492,0],[117.273061,-0.358553,0],[117.273088,-0.358703,0],[117.273163,-0.358872,0],[117.273223,-0.358984,0],[117.273219,-0.359227,0],[117.27321,-0.359356,0],[117.273118,-0.35942,0],[117.273007,-0.359423,0],[117.272854,-0.359377,0],[117.272713,-0.359197,0],[117.272647,-0.359055,0],[117.272595,-0.358961,0],[117.272481,-0.35894,0],[117.272361,-0.358973,0],[117.272283,-0.359061,0],[117.272238,-0.359196,0],[117.272226,-0.359326,0],[117.272229,-0.359386,0],[117.272169,-0.359447,0],[117.271959,-0.359398,0],[117.271842,-0.359335,0],[117.271717,-0.35935,0],[117.271675,-0.359413,0],[117.271627,-0.359519,0],[117.271612,-0.359715,0],[117.271563,-0.35984,0],[117.271467,-0.359909,0],[117.271323,-0.359903,0],[117.271143,-0.359903,0],[117.271035,-0.359939,0],[117.271012,-0.359993,0],[117.270988,-0.360114,0],[117.270949,-0.360229,0],[117.270781,-0.360364,0],[117.270605,-0.360374,0],[117.270509,-0.360374,0],[117.270392,-0.360386,0],[117.270285,-0.360441,0],[117.270249,-0.360558,0],[117.27024,-0.360875,0],[117.270263,-0.360976,0],[117.270207,-0.361115,0],[117.269886,-0.36138,0],[117.269573,-0.361589,0],[117.269273,-0.36174,0],[117.268958,-0.362003,0],[117.268739,-0.362302,0],[117.26864,-0.36252,0],[117.26855,-0.362641,0],[117.268232,-0.362725,0],[117.267717,-0.362704,0],[117.267242,-0.36258,0],[117.267037,-0.362695,0],[117.266726,-0.362789,0],[117.266487,-0.362903,0],[117.266203,-0.36304,0],[117.265611,-0.363469,0],[117.265285,-0.363734,0],[117.26485,-0.363985,0],[117.264177,-0.364122,0],[117.26365,-0.364215,0],[117.263355,-0.364252,0],[117.263247,-0.364285,0],[117.263088,-0.364348,0],[117.262959,-0.36452,0],[117.262887,-0.364644,0],[117.262812,-0.36474,0],[117.262721,-0.364793,0],[117.262571,-0.364856,0],[117.262466,-0.364847,0],[117.262365,-0.364859,0],[117.262251,-0.364919,0],[117.262179,-0.36501,0],[117.262122,-0.365299,0],[117.262077,-0.365393,0],[117.261987,-0.365444,0],[117.261849,-0.365444,0],[117.261684,-0.365393,0],[117.261603,-0.365308,0],[117.261529,-0.365197,0],[117.261462,-0.365112,0],[117.261396,-0.365097,0],[117.261243,-0.365082,0],[117.261036,-0.365145,0],[117.260632,-0.365212,0],[117.260366,-0.365197,0],[117.260132,-0.365149,0],[117.25988,-0.365052,0],[117.259751,-0.364965,0],[117.259712,-0.364932,0],[117.259542,-0.364796,0],[117.259358,-0.364632,0],[117.259178,-0.364557,0],[117.259041,-0.364614,0],[117.258871,-0.364669,0],[117.258755,-0.36472,0],[117.25859,-0.364548,0],[117.257695,-0.363622,0],[117.25734,-0.362939,0],[117.256889,-0.362074,0],[117.250728,-0.366802,0],[117.250466,-0.367079,0],[117.25033,-0.36725,0],[117.250223,-0.367385,0],[117.250123,-0.367507,0],[117.250002,-0.367578,0],[117.249845,-0.36765,0],[117.249745,-0.367714,0],[117.249674,-0.367771,0],[117.249624,-0.367857,0],[117.249524,-0.367949,0],[117.24941,-0.368049,0],[117.249267,-0.368156,0],[117.249117,-0.368235,0],[117.248974,-0.368335,0],[117.248867,-0.368421,0],[117.248738,-0.368485,0],[117.248617,-0.36857,0],[117.248517,-0.368663,0],[117.248389,-0.36877,0],[117.248239,-0.36882,0],[117.248096,-0.368835,0],[117.247882,-0.368856,0],[117.247739,-0.36892,0],[117.247639,-0.368999,0],[117.247582,-0.369113,0],[117.247554,-0.36922,0],[117.247518,-0.369349,0],[117.247489,-0.369441,0],[117.247439,-0.369556,0],[117.247376,-0.369663,0],[117.247338,-0.369696,0],[117.2473,-0.36972,0],[117.247214,-0.369758,0],[117.2471,-0.369777,0],[117.246962,-0.369801,0],[117.246853,-0.369867,0],[117.246805,-0.369915,0],[117.246743,-0.369943,0],[117.246676,-0.369958,0],[117.2466,-0.369939,0],[117.246515,-0.36992,0],[117.246415,-0.36992,0],[117.246324,-0.36992,0],[117.246253,-0.369939,0],[117.246186,-0.369972,0],[117.246124,-0.370029,0],[117.246058,-0.370086,0],[117.246005,-0.370148,0],[117.245963,-0.370224,0],[117.245896,-0.370319,0],[117.245796,-0.370434,0],[117.245723,-0.370512,0],[117.245666,-0.370531,0],[117.245547,-0.370593,0],[117.245414,-0.370659,0],[117.245276,-0.370726,0],[117.245185,-0.370788,0],[117.245095,-0.370883,0],[117.244986,-0.370978,0],[117.244867,-0.371059,0],[117.244738,-0.371102,0],[117.244586,-0.371169,0],[117.244462,-0.371245,0],[117.244357,-0.371368,0],[117.244248,-0.371511,0],[117.244181,-0.371597,0],[117.244086,-0.371673,0],[117.243996,-0.371725,0],[117.243858,-0.371792,0],[117.243739,-0.371859,0],[117.243591,-0.371949,0],[117.243372,-0.372092,0],[117.243312,-0.372128,0],[117.243211,-0.372235,0],[117.243128,-0.372312,0],[117.242979,-0.372401,0],[117.242825,-0.372461,0],[117.242646,-0.372538,0],[117.242539,-0.372639,0],[117.242486,-0.372758,0],[117.242396,-0.372859,0],[117.242295,-0.372925,0],[117.24223,-0.372966,0],[117.242176,-0.373044,0],[117.242152,-0.373127,0],[117.242099,-0.373204,0],[117.242051,-0.373252,0],[117.241992,-0.373299,0],[117.241938,-0.373311,0],[117.241825,-0.373293,0],[117.241671,-0.373299,0],[117.241575,-0.373383,0],[117.241516,-0.373472,0],[117.241462,-0.373549,0],[117.241385,-0.373603,0],[117.241312,-0.373611,0],[117.241251,-0.373618,0],[117.241162,-0.373636,0],[117.241126,-0.373654,0],[117.241091,-0.373715,0],[117.241076,-0.373765,0],[117.241037,-0.373815,0],[117.240977,-0.373858,0],[117.240923,-0.373868,0],[117.240869,-0.373847,0],[117.240834,-0.37384,0],[117.240802,-0.373847,0],[117.240748,-0.373872,0],[117.240687,-0.373936,0],[117.240645,-0.373993,0],[117.24062,-0.374032,0],[117.240562,-0.374039,0],[117.240527,-0.374003,0],[117.240503,-0.373949,0],[117.240485,-0.37389,0],[117.240426,-0.373854,0],[117.24036,-0.373819,0],[117.240295,-0.373777,0],[117.240223,-0.373735,0],[117.240152,-0.373711,0],[117.240075,-0.373706,0],[117.239991,-0.373711,0],[117.23992,-0.373741,0],[117.239728,-0.373932,0],[117.239633,-0.374008,0],[117.239576,-0.37415,0],[117.23949,-0.37435,0],[117.239433,-0.374465,0],[117.239357,-0.374512,0],[117.239252,-0.374645,0],[117.239119,-0.374769,0],[117.239015,-0.374921,0],[117.238976,-0.375036,0],[117.239015,-0.375112,0],[117.239034,-0.375216,0],[117.239015,-0.375331,0],[117.238957,-0.375407,0],[117.238862,-0.375492,0],[117.238815,-0.375588,0],[117.238777,-0.375683,0],[117.238805,-0.37574,0],[117.238853,-0.375873,0],[117.238843,-0.376035,0],[117.238729,-0.376187,0],[117.238653,-0.376216,0],[117.238462,-0.376178,0],[117.238377,-0.37614,0],[117.238266,-0.376133,0],[117.238161,-0.376171,0],[117.238123,-0.376314,0],[117.238094,-0.376476,0],[117.238056,-0.3766,0],[117.23799,-0.376704,0],[117.237876,-0.376781,0],[117.237733,-0.376857,0],[117.23759,-0.376914,0],[117.237523,-0.376971,0],[117.237447,-0.377076,0],[117.237352,-0.377228,0],[117.237314,-0.377361,0],[117.237314,-0.377428,0],[117.23739,-0.377532,0],[117.237438,-0.377656,0],[117.237523,-0.377799,0],[117.237609,-0.37792,0],[117.237685,-0.377958,0],[117.237761,-0.378062,0],[117.237904,-0.378196,0],[117.238056,-0.378348,0],[117.23818,-0.3785,0],[117.238284,-0.378652,0],[117.238313,-0.378757,0],[117.238313,-0.378824,0],[117.238265,-0.37889,0],[117.238142,-0.379024,0],[117.238066,-0.379157,0],[117.237967,-0.37927,0],[117.237874,-0.379341,0],[117.237695,-0.37947,0],[117.237567,-0.379648,0],[117.23751,-0.379848,0],[117.237453,-0.379976,0],[117.237331,-0.380091,0],[117.237224,-0.380248,0],[117.237196,-0.380369,0],[117.237196,-0.380555,0],[117.237188,-0.380704,0],[117.237046,-0.380819,0],[117.236774,-0.380997,0],[117.236596,-0.381111,0],[117.236496,-0.381261,0],[117.236318,-0.381454,0],[117.236175,-0.381568,0],[117.236057,-0.381629,0],[117.235997,-0.381677,0],[117.235973,-0.381802,0],[117.235938,-0.381903,0],[117.235866,-0.381939,0],[117.235753,-0.381986,0],[117.235712,-0.382046,0],[117.235652,-0.382159,0],[117.235587,-0.382278,0],[117.235521,-0.382409,0],[117.235486,-0.382528,0],[117.235456,-0.3827,0],[117.235474,-0.382861,0],[117.235497,-0.382944,0],[117.235539,-0.383015,0],[117.235569,-0.38311,0],[117.235575,-0.383194,0],[117.235545,-0.383271,0],[117.235533,-0.383301,0],[117.235516,-0.383314,0],[117.235498,-0.383326,0],[117.235469,-0.383343,0],[117.235451,-0.383378,0],[117.235448,-0.383404,0],[117.235449,-0.383431,0],[117.235452,-0.383468,0],[117.235438,-0.383496,0],[117.235421,-0.383508,0],[117.235401,-0.383508,0],[117.235367,-0.383473,0],[117.235265,-0.383408,0],[117.23517,-0.38342,0],[117.235069,-0.383515,0],[117.235003,-0.383567,0],[117.235016,-0.383641,0],[117.235069,-0.383677,0],[117.235105,-0.383712,0],[117.235147,-0.38379,0],[117.235153,-0.383843,0],[117.235105,-0.383909,0],[117.235028,-0.383962,0],[117.23495,-0.383974,0],[117.234909,-0.384016,0],[117.234879,-0.384093,0],[117.234855,-0.3842,0],[117.234837,-0.384283,0],[117.234843,-0.384361,0],[117.234885,-0.38445,0],[117.234915,-0.384521,0],[117.234927,-0.384581,0],[117.234921,-0.384658,0],[117.234854,-0.384693,0],[117.234805,-0.384708,0],[117.23468,-0.384764,0],[117.234629,-0.384776,0],[117.234579,-0.384797,0],[117.234534,-0.384847,0],[117.234474,-0.384904,0],[117.234421,-0.384936,0],[117.234352,-0.384957,0],[117.234242,-0.384984,0],[117.234171,-0.385026,0],[117.234112,-0.385064,0],[117.234073,-0.385145,0],[117.234055,-0.385237,0],[117.234034,-0.385302,0],[117.233957,-0.385371,0],[117.233865,-0.385415,0],[117.233772,-0.385436,0],[117.233674,-0.385415,0],[117.233603,-0.3854,0],[117.233543,-0.385421,0],[117.233447,-0.385505,0],[117.233375,-0.385603,0],[117.233328,-0.385657,0],[117.233261,-0.385705,0],[117.233176,-0.385729,0],[117.233009,-0.385731,0],[117.232954,-0.385726,0],[117.232862,-0.385705,0],[117.232766,-0.385641,0],[117.232671,-0.385579,0],[117.232631,-0.385519,0],[117.232586,-0.385467,0],[117.232555,-0.385436,0],[117.232476,-0.385441,0],[117.232397,-0.385485,0],[117.232276,-0.385629,0],[117.232232,-0.385703,0],[117.232207,-0.385768,0],[117.232182,-0.385829,0],[117.23216,-0.385878,0],[117.232125,-0.385913,0],[117.232105,-0.385922,0],[117.232075,-0.385912,0],[117.232045,-0.385883,0],[117.231998,-0.385818,0],[117.231959,-0.385771,0],[117.231902,-0.385741,0],[117.231832,-0.385728,0],[117.231753,-0.385744,0],[117.231714,-0.385757,0],[117.231666,-0.38575,0],[117.23164,-0.385734,0],[117.231634,-0.385683,0],[117.231636,-0.385625,0],[117.231636,-0.38556,0],[117.23163,-0.385529,0],[117.231619,-0.385485,0],[117.231601,-0.385435,0],[117.231581,-0.385403,0],[117.231544,-0.385376,0],[117.231507,-0.385369,0],[117.231433,-0.385353,0],[117.231399,-0.38534,0],[117.231288,-0.385263,0],[117.231185,-0.385135,0],[117.231019,-0.385064,0],[117.23089,-0.385145,0],[117.230747,-0.385211,0],[117.230648,-0.38544,0],[117.230571,-0.385735,0],[117.230316,-0.385921,0],[117.229764,-0.38632,0],[117.229554,-0.386606,0],[117.229385,-0.386986,0],[117.229306,-0.387115,0],[117.229183,-0.387243,0],[117.229021,-0.387424,0],[117.22893,-0.387572,0],[117.228807,-0.387757,0],[117.228707,-0.388033,0],[117.228522,-0.388462,0],[117.228486,-0.388542,0],[117.228474,-0.388614,0],[117.228474,-0.388682,0],[117.228513,-0.388756,0],[117.22854,-0.388869,0],[117.228531,-0.388935,0],[117.228507,-0.388994,0],[117.228436,-0.389066,0],[117.228343,-0.389128,0],[117.228245,-0.389196,0],[117.228183,-0.389316,0],[117.228163,-0.389405,0],[117.228136,-0.38947,0],[117.227975,-0.389548,0],[117.227892,-0.389613,0],[117.22788,-0.389667,0],[117.227886,-0.38975,0],[117.22791,-0.389884,0],[117.227931,-0.390015,0],[117.227996,-0.390125,0],[117.228062,-0.390211,0],[117.228121,-0.390259,0],[117.228127,-0.390318,0],[117.228115,-0.390404,0],[117.228089,-0.390516,0],[117.228089,-0.390581,0],[117.228122,-0.390745,0],[117.228119,-0.390834,0],[117.22811,-0.390932,0],[117.228092,-0.390974,0],[117.228029,-0.39103,0],[117.227907,-0.391033,0],[117.227729,-0.390968,0],[117.227622,-0.390941,0],[117.227548,-0.390941,0],[117.227482,-0.390977,0],[117.227426,-0.391072,0],[117.227354,-0.391236,0],[117.227239,-0.391347,0],[117.227119,-0.391448,0],[117.227073,-0.391494,0],[117.227062,-0.391562,0],[117.22705,-0.391714,0],[117.227044,-0.391821,0],[117.227017,-0.391878,0],[117.226933,-0.391933,0],[117.227311,-0.392233,0],[117.227502,-0.392316,0],[117.22768,-0.392364,0],[117.227882,-0.392388,0],[117.22831,-0.392331,0],[117.228672,-0.39226,0],[117.228986,-0.39216,0],[117.229282,-0.392107,0],[117.229369,-0.392096,0],[117.229715,-0.392078,0],[117.23031,-0.392031,0],[117.230928,-0.391935,0],[117.231297,-0.391864,0],[117.231331,-0.391858,0],[117.231642,-0.391499,0],[117.231956,-0.391113,0],[117.232242,-0.390671,0],[117.232356,-0.390485,0],[117.232506,-0.390185,0],[117.232563,-0.389986,0],[117.23262,-0.389814,0],[117.232878,-0.38926,0],[117.233155,-0.388908,0],[117.233435,-0.388689,0],[117.233762,-0.388517,0],[117.234339,-0.388279,0],[117.234482,-0.388088,0],[117.234559,-0.387898,0],[117.234809,-0.387736,0],[117.234976,-0.387664,0],[117.235261,-0.387569,0],[117.235434,-0.387527,0],[117.23563,-0.387563,0],[117.235927,-0.387635,0],[117.236267,-0.387765,0],[117.236814,-0.387974,0],[117.237105,-0.388087,0],[117.237481,-0.388185,0],[117.237614,-0.388219,0],[117.23778,-0.388285,0],[117.237852,-0.388333,0],[117.237895,-0.388433,0],[117.237899,-0.388542,0],[117.237904,-0.388666,0],[117.237942,-0.388766,0],[117.238099,-0.389013,0],[117.238213,-0.389218,0],[117.238485,-0.389494,0],[117.238684,-0.389825,0],[117.23909,-0.39031,0],[117.239462,-0.39056,0],[117.239654,-0.39071,0],[117.239783,-0.390874,0],[117.239883,-0.391002,0],[117.239926,-0.391195,0],[117.23999,-0.391459,0],[117.239999,-0.391817,0],[117.239949,-0.392017,0],[117.239882,-0.392121,0],[117.239775,-0.392278,0],[117.239703,-0.392403,0],[117.239646,-0.392513,0],[117.23961,-0.392588,0],[117.2396,-0.39272,0],[117.239596,-0.392949,0],[117.239636,-0.393444,0],[117.239683,-0.393659,0],[117.239826,-0.393949,0],[117.239978,-0.394139,0],[117.240135,-0.394315,0],[117.240212,-0.394449,0],[117.240254,-0.394615,0],[117.240254,-0.39471,0],[117.240194,-0.395054,0],[117.240089,-0.395554,0],[117.239966,-0.396001,0],[117.239918,-0.396244,0],[117.239904,-0.396496,0],[117.239953,-0.39676,0],[117.240072,-0.397218,0],[117.240138,-0.397456,0],[117.240221,-0.39761,0],[117.240328,-0.397765,0],[117.240465,-0.397842,0],[117.240703,-0.397979,0],[117.240929,-0.398152,0],[117.240998,-0.398233,0],[117.241045,-0.398302,0],[117.241173,-0.398519,0],[117.241272,-0.398841,0],[117.241298,-0.399045,0],[117.241313,-0.399211,0],[117.241341,-0.39934,0],[117.241384,-0.399487,0],[117.241451,-0.399721,0],[117.241627,-0.400196,0],[117.241727,-0.400453,0],[117.241834,-0.400612,0],[117.241944,-0.400693,0],[117.242206,-0.400868,0],[117.242387,-0.400978,0],[117.242009,-0.401219,0],[117.241685,-0.401442,0],[117.241533,-0.40158,0],[117.241394,-0.401651,0],[117.241244,-0.401694,0],[117.241115,-0.401708,0],[117.24103,-0.401715,0],[117.240865,-0.401715,0],[117.24053,-0.401683,0],[117.240337,-0.401683,0],[117.240212,-0.401683,0],[117.240052,-0.401715,0],[117.239866,-0.401762,0],[117.239652,-0.401826,0],[117.239513,-0.40193,0],[117.239407,-0.402098,0],[117.239331,-0.402189,0],[117.239145,-0.402284,0],[117.238988,-0.402393,0],[117.238865,-0.402527,0],[117.238722,-0.402746,0],[117.238612,-0.402998,0],[117.238285,-0.40338,0],[117.237774,-0.404094,0],[117.237571,-0.404439,0],[117.237321,-0.404856,0],[117.237083,-0.405308,0],[117.236976,-0.405653,0],[117.236941,-0.406153,0],[117.236965,-0.406521,0],[117.237003,-0.406775,0],[117.237104,-0.407042,0],[117.237122,-0.407179,0],[117.23711,-0.407322,0],[117.237092,-0.407477,0],[117.237045,-0.407616,0],[117.236978,-0.407737,0],[117.236821,-0.40788,0],[117.236811,-0.407888,0],[117.236771,-0.407916,0],[117.236815,-0.408012,0],[117.236872,-0.408069,0],[117.237014,-0.408145,0],[117.237186,-0.40819,0],[117.237429,-0.40824,0],[117.2375,-0.408264,0],[117.237619,-0.408307,0],[117.237733,-0.408362,0],[117.237859,-0.408426,0],[117.237981,-0.408504,0],[117.23808,-0.408562,0],[117.238192,-0.408592,0],[117.238477,-0.408613,0],[117.238632,-0.408675,0],[117.238948,-0.408905,0],[117.23913,-0.409045,0],[117.239191,-0.409152,0],[117.239248,-0.409337,0],[117.239291,-0.409551,0],[117.239323,-0.409737,0],[117.239373,-0.409912,0],[117.239416,-0.410001,0],[117.239501,-0.41014,0],[117.239533,-0.410251,0],[117.239587,-0.410347,0],[117.239845,-0.410624,0],[117.240079,-0.410881,0],[117.240412,-0.411129,0],[117.240516,-0.411271,0],[117.240631,-0.411471,0],[117.240746,-0.411785,0],[117.240954,-0.411999,0],[117.241274,-0.412197,0],[117.241476,-0.41228,0],[117.241714,-0.412173,0],[117.241904,-0.412149,0],[117.242142,-0.412363,0],[117.242154,-0.41253,0],[117.242059,-0.412863,0],[117.241845,-0.413018,0],[117.241738,-0.413291,0],[117.241738,-0.413577,0],[117.241452,-0.414017,0],[117.241154,-0.41483,0],[117.241059,-0.415151,0],[117.24113,-0.41552,0],[117.241368,-0.415936,0],[117.241618,-0.4164,0],[117.242094,-0.416888,0],[117.242332,-0.417197,0],[117.242855,-0.417495,0],[117.244402,-0.417994,0],[117.244914,-0.418256,0],[117.24552,-0.418661,0],[117.245592,-0.418744,0],[117.245615,-0.418934,0],[117.245701,-0.419325,0],[117.24582,-0.419586,0],[117.245891,-0.419836,0],[117.245903,-0.420003,0],[117.245856,-0.420193,0],[117.245737,-0.420491,0],[117.24563,-0.421002,0],[117.245368,-0.421216,0],[117.244749,-0.421252,0],[117.244083,-0.421097,0],[117.243583,-0.420931,0],[117.243206,-0.420997,0],[117.242985,-0.421033,0],[117.242835,-0.42109,0],[117.242463,-0.421561,0],[117.242342,-0.421668,0],[117.242192,-0.421804,0],[117.242028,-0.421889,0],[117.241657,-0.421982,0],[117.241607,-0.422039,0],[117.241643,-0.422175,0],[117.241664,-0.42236,0],[117.241446,-0.422866,0],[117.241398,-0.423351,0],[117.241398,-0.423675,0],[117.241493,-0.423884,0],[117.241579,-0.424122,0],[117.241636,-0.424503,0],[117.241741,-0.424731,0],[117.241731,-0.425024,0],[117.241346,-0.425438,0],[117.240632,-0.426509,0],[117.240106,-0.427483,0],[117.240071,-0.427733,0],[117.239921,-0.428119,0],[117.239963,-0.428625,0],[117.240035,-0.428754,0],[117.240306,-0.429239,0],[117.240375,-0.429494,0],[117.240303,-0.429694,0],[117.240103,-0.429851,0],[117.239439,-0.430319,0],[117.239064,-0.430539,0],[117.238874,-0.43073,0],[117.23888,-0.430854,0],[117.238945,-0.430956,0],[117.239112,-0.431092,0],[117.23938,-0.431443,0],[117.23951,-0.43183,0],[117.239582,-0.432246,0],[117.2396,-0.432633,0],[117.239651,-0.43293,0],[117.239679,-0.432987,0],[117.239736,-0.433059,0],[117.239841,-0.433182,0],[117.239988,-0.433382,0],[117.240079,-0.433558,0],[117.240127,-0.433877,0],[117.240155,-0.434053,0],[117.240184,-0.434148,0],[117.240412,-0.434443,0],[117.240837,-0.435188,0],[117.241051,-0.435598,0],[117.241319,-0.435991,0],[117.241325,-0.436128,0],[117.241277,-0.436205,0],[117.240878,-0.436514,0],[117.240307,-0.436961,0],[117.239998,-0.437228,0],[117.239849,-0.437431,0],[117.239706,-0.437749,0],[117.239605,-0.438135,0],[117.239527,-0.438379,0],[117.239402,-0.438653,0],[117.239325,-0.439004,0],[117.239326,-0.439313,0],[117.239475,-0.439563,0],[117.239844,-0.439973,0],[117.240248,-0.440247,0],[117.240534,-0.440354,0],[117.24098,-0.440414,0],[117.241277,-0.440455,0],[117.241432,-0.440556,0],[117.241509,-0.440717,0],[117.241563,-0.440985,0],[117.241539,-0.441324,0],[117.24139,-0.441687,0],[117.241203,-0.442212,0],[117.241018,-0.442976,0],[117.240825,-0.443889,0],[117.240825,-0.444046,0],[117.240896,-0.444282,0],[117.241095,-0.444534,0],[117.241618,-0.445034,0],[117.24169,-0.4452,0],[117.24163,-0.445629,0],[117.241297,-0.446473,0],[117.240498,-0.447899,0],[117.240106,-0.448478,0],[117.239684,-0.448863,0],[117.239392,-0.448849,0],[117.238913,-0.448677,0],[117.238435,-0.448563,0],[117.238221,-0.448606,0],[117.238066,-0.448796,0],[117.237864,-0.44989,0],[117.237713,-0.451083,0],[117.237534,-0.45232,0],[117.237249,-0.453058,0],[117.236808,-0.454093,0],[117.236107,-0.455572,0],[117.235792,-0.456191,0],[117.235526,-0.456457,0],[117.235136,-0.456771,0],[117.234917,-0.457171,0],[117.234536,-0.458104,0],[117.233936,-0.458942,0],[117.233553,-0.459364,0],[117.232981,-0.459749,0],[117.232268,-0.460306,0],[117.231525,-0.460977,0],[117.230847,-0.461684,0],[117.230493,-0.462173,0],[117.230339,-0.462577,0],[117.230315,-0.462804,0],[117.230612,-0.463565,0],[117.230898,-0.464279,0],[117.230838,-0.4646,0],[117.230636,-0.46485,0],[117.230251,-0.465355,0],[117.23007,-0.46566,0],[117.230003,-0.465936,0],[117.230026,-0.46653,0],[117.230087,-0.466792,0],[117.230078,-0.467782,0],[117.230097,-0.468315,0],[117.230125,-0.468567,0],[117.230306,-0.468929,0],[117.230549,-0.469252,0],[117.230673,-0.469448,0],[117.230849,-0.469852,0],[117.231206,-0.470204,0],[117.231334,-0.470461,0],[117.231396,-0.470685,0],[117.231425,-0.470875,0],[117.23142,-0.471166,0],[117.231349,-0.471618,0],[117.231174,-0.471979,0],[117.230924,-0.472318,0],[117.230591,-0.472681,0],[117.230365,-0.473008,0],[117.230234,-0.47324,0],[117.230168,-0.473407,0],[117.230127,-0.473568,0],[117.230127,-0.473704,0],[117.230162,-0.473919,0],[117.230258,-0.474157,0],[117.230317,-0.474365,0],[117.230353,-0.474615,0],[117.230299,-0.475001,0],[117.230079,-0.475715,0],[117.229679,-0.476471,0],[117.229294,-0.47722,0],[117.229087,-0.477613,0],[117.228987,-0.477984,0],[117.22893,-0.478241,0],[117.228701,-0.478583,0],[117.22803,-0.479262,0],[117.227245,-0.479983,0],[117.226985,-0.480278,0],[117.226707,-0.480699,0],[117.226578,-0.48107,0],[117.226079,-0.482069,0],[117.225807,-0.482519,0],[117.225672,-0.482897,0],[117.225672,-0.483069,0],[117.225886,-0.483461,0],[117.226257,-0.483997,0],[117.226593,-0.484282,0],[117.227057,-0.484675,0],[117.227234,-0.484906,0],[117.227334,-0.485184,0],[117.227263,-0.485891,0],[117.226992,-0.487205,0],[117.226859,-0.487496,0],[117.226784,-0.487581,0],[117.226987,-0.487633,0],[117.227277,-0.488042,0],[117.227336,-0.48811,0],[117.227568,-0.488298,0],[117.22803,-0.488611,0],[117.228306,-0.488732,0],[117.228422,-0.488759,0],[117.228524,-0.488768,0],[117.228839,-0.488747,0],[117.228943,-0.488744,0],[117.228998,-0.488761,0],[117.229153,-0.488873,0],[117.22931,-0.488954,0],[117.229436,-0.488999,0],[117.229619,-0.489006,0],[117.229853,-0.488999,0],[117.229994,-0.489023,0],[117.230394,-0.489156,0],[117.230501,-0.48922,0],[117.230574,-0.489305,0],[117.23065,-0.489417,0],[117.230705,-0.48956,0],[117.230756,-0.489822,0],[117.230785,-0.490056,0],[117.230777,-0.490257,0],[117.230716,-0.490484,0],[117.230598,-0.490713,0],[117.230502,-0.490888,0],[117.230469,-0.491013,0],[117.230466,-0.491113,0],[117.230527,-0.491345,0],[117.230546,-0.491516,0],[117.23047,-0.49165,0],[117.230404,-0.491784,0],[117.230347,-0.492048,0],[117.230268,-0.49232,0],[117.23019,-0.492498,0],[117.230176,-0.492727,0],[117.230176,-0.492798,0],[117.230226,-0.492934,0],[117.23029,-0.493084,0],[117.230411,-0.493219,0],[117.230475,-0.493362,0],[117.230511,-0.493469,0],[117.230533,-0.493555,0],[117.23054,-0.49369,0],[117.230533,-0.493854,0],[117.230468,-0.494019,0],[117.230397,-0.494197,0],[117.230152,-0.49468,0],[117.230035,-0.4949,0],[117.229928,-0.495091,0],[117.229916,-0.495269,0],[117.229916,-0.495388,0],[117.229975,-0.495507,0],[117.23013,-0.495674,0],[117.230332,-0.495793,0],[117.230499,-0.495923,0],[117.23063,-0.496007,0],[117.230891,-0.496078,0],[117.231022,-0.496042,0],[117.231177,-0.496007,0],[117.231308,-0.495995,0],[117.231439,-0.495971,0],[117.231534,-0.495971,0],[117.231653,-0.496007,0],[117.23176,-0.496042,0],[117.231784,-0.496042,0],[117.231914,-0.496161,0],[117.232022,-0.496221,0],[117.232141,-0.496364,0],[117.232239,-0.49651,0],[117.232291,-0.496591,0],[117.232296,-0.496657,0],[117.232748,-0.496461,0],[117.23311,-0.496361,0],[117.233296,-0.496342,0],[117.2337,-0.496332,0],[117.234033,-0.496394,0],[117.234286,-0.49648,0],[117.234866,-0.496665,0],[117.235142,-0.496737,0],[117.235275,-0.496803,0],[117.23538,-0.496875,0],[117.235494,-0.496965,0],[117.235518,-0.497022,0],[117.235504,-0.497165,0],[117.235471,-0.49736,0],[117.235399,-0.497498,0],[117.235347,-0.497612,0],[117.235332,-0.497717,0],[117.235332,-0.497803,0],[117.235366,-0.497869,0],[117.235451,-0.497998,0],[117.235808,-0.498412,0],[117.236237,-0.498759,0],[117.236451,-0.498888,0],[117.236617,-0.49894,0],[117.237022,-0.499121,0],[117.237674,-0.499521,0],[117.23824,-0.499744,0],[117.238388,-0.49981,0],[117.238507,-0.499843,0],[117.238688,-0.499867,0],[117.238793,-0.499867,0],[117.238864,-0.499813,0],[117.239106,-0.499705,0],[117.239499,-0.499526,0],[117.239679,-0.499443,0],[117.239891,-0.499346,0],[117.240224,-0.499215,0],[117.240269,-0.499197,0],[117.240383,-0.499152,0],[117.240488,-0.499106,0],[117.241724,-0.498556,0],[117.242145,-0.498355,0],[117.242559,-0.498254,0],[117.242787,-0.498262,0],[117.242833,-0.498287,0],[117.243115,-0.498441,0],[117.243472,-0.498549,0],[117.243767,-0.498583,0],[117.243938,-0.498602,0],[117.243971,-0.498606,0],[117.244371,-0.498592,0],[117.244892,-0.49857,0],[117.245213,-0.498534,0],[117.245434,-0.49857,0],[117.245662,-0.498642,0],[117.246043,-0.498723,0],[117.246133,-0.498743,0],[117.246525,-0.498764,0],[117.247153,-0.498822,0],[117.247482,-0.498855,0],[117.24793,-0.498901,0],[117.248943,-0.498965,0],[117.249184,-0.498982,0],[117.24981,-0.499001,0],[117.251219,-0.499039,0],[117.251666,-0.499039,0],[117.251952,-0.499096,0],[117.252218,-0.499167,0],[117.252618,-0.499267,0],[117.253108,-0.499305,0],[117.253584,-0.499277,0],[117.253989,-0.499324,0],[117.254365,-0.499448,0],[117.254969,-0.499686,0],[117.255431,-0.49991,0],[117.256376,-0.500443,0],[117.256833,-0.500672,0],[117.257161,-0.500793,0],[117.257461,-0.500857,0],[117.257832,-0.500893,0],[117.258189,-0.500879,0],[117.258682,-0.500814,0],[117.258903,-0.500786,0],[117.259067,-0.500779,0],[117.259182,-0.5008,0],[117.267309,-0.500867,0],[117.266853,-0.500446,0],[117.266589,-0.500004,0],[117.266586,-0.5,0],[117.266373,-0.499315,0],[117.266052,-0.498848,0],[117.265699,-0.498455,0],[117.265159,-0.497995,0],[117.264889,-0.497761,0],[117.264914,-0.497551,0],[117.264971,-0.497378,0],[117.265132,-0.497205,0],[117.265281,-0.49702,0],[117.26555,-0.496366,0],[117.265582,-0.496188,0],[117.265838,-0.495893,0],[117.266063,-0.495617,0],[117.266325,-0.495219,0],[117.266428,-0.494848,0],[117.266455,-0.494749,0],[117.266491,-0.49436,0],[117.266473,-0.493908,0],[117.266518,-0.493354,0],[117.26668,-0.493109,0],[117.266954,-0.492919,0],[117.267283,-0.49266,0],[117.267413,-0.492488,0],[117.267517,-0.492321,0],[117.267571,-0.492145,0],[117.267547,-0.491894,0],[117.267449,-0.49155,0],[117.267391,-0.491369,0],[117.2674,-0.491225,0],[117.267467,-0.491044,0],[117.267602,-0.49083,0],[117.267921,-0.490437,0],[117.268079,-0.490182,0],[117.268196,-0.489983,0],[117.268228,-0.489865,0],[117.268201,-0.489693,0],[117.268111,-0.489499,0],[117.267796,-0.489167,0],[117.267405,-0.488887,0],[117.267166,-0.48871,0],[117.267085,-0.488554,0],[117.267058,-0.488215,0],[117.267107,-0.487614,0],[117.267144,-0.487042,0],[117.26704,-0.486444,0],[117.266811,-0.485823,0],[117.266563,-0.48527,0],[117.266364,-0.484831,0],[117.266113,-0.484191,0],[117.265861,-0.483701,0],[117.265749,-0.483606,0],[117.265592,-0.483534,0],[117.265133,-0.483407,0],[117.26511,-0.483357,0],[117.265124,-0.482924,0],[117.265174,-0.482455,0],[117.265287,-0.482001,0],[117.265646,-0.481397,0],[117.266083,-0.480849,0],[117.26646,-0.480491,0],[117.266699,-0.480322,0],[117.266883,-0.480329,0],[117.266975,-0.480564,0],[117.267158,-0.480904,0],[117.267257,-0.481025,0],[117.267433,-0.481046,0],[117.267723,-0.480954,0],[117.267977,-0.480897,0],[117.268139,-0.481018,0],[117.268365,-0.481217,0],[117.268597,-0.481195,0],[117.268974,-0.480897,0],[117.269207,-0.480727,0],[117.269383,-0.480578,0],[117.269567,-0.480521,0],[117.269835,-0.480528,0],[117.270117,-0.480599,0],[117.270399,-0.480691,0],[117.270642,-0.480627,0],[117.270854,-0.480499,0],[117.270924,-0.480293,0],[117.270981,-0.480066,0],[117.271298,-0.479647,0],[117.271496,-0.479434,0],[117.271616,-0.479164,0],[117.271609,-0.478857,0],[117.271595,-0.4787,0],[117.27168,-0.478495,0],[117.272018,-0.478203,0],[117.272434,-0.47799,0],[117.272966,-0.477733,0],[117.273396,-0.477449,0],[117.273695,-0.477274,0],[117.273856,-0.477079,0],[117.273962,-0.476937,0],[117.274337,-0.47614,0],[117.274803,-0.475109,0],[117.274846,-0.47498,0],[117.27498,-0.474496,0],[117.275021,-0.474113,0],[117.275027,-0.473764,0],[117.275113,-0.47316,0],[117.275253,-0.472678,0],[117.275444,-0.472386,0],[117.275665,-0.472206,0],[117.275916,-0.472053,0],[117.27616,-0.471846,0],[117.27629,-0.471638,0],[117.2764,-0.471301,0],[117.276481,-0.470798,0],[117.276531,-0.470003,0],[117.276646,-0.469335,0],[117.276741,-0.468971,0],[117.276795,-0.468252,0],[117.277033,-0.468061,0],[117.277381,-0.467687,0],[117.27754,-0.467462,0],[117.277754,-0.467047,0],[117.277965,-0.466317,0],[117.278098,-0.465677,0],[117.27826,-0.465238,0],[117.278372,-0.464537,0],[117.278494,-0.463908,0],[117.278717,-0.463213,0],[117.2789,-0.462519,0],[117.278931,-0.462267,0],[117.279032,-0.462119,0],[117.279235,-0.461966,0],[117.279463,-0.461869,0],[117.27961,-0.461808,0],[117.279818,-0.461701,0],[117.279975,-0.461507,0],[117.280052,-0.461301,0],[117.280062,-0.461153,0],[117.280072,-0.460903,0],[117.280006,-0.460621,0],[117.279966,-0.460458,0],[117.279945,-0.460213,0],[117.279992,-0.459982,0],[117.280189,-0.45967,0],[117.280341,-0.45942,0],[117.280657,-0.458969,0],[117.280941,-0.458383,0],[117.281241,-0.457809,0],[117.281322,-0.457512,0],[117.281373,-0.457277,0],[117.281413,-0.456679,0],[117.281444,-0.455815,0],[117.281555,-0.455186,0],[117.281672,-0.454665,0],[117.281782,-0.454304,0],[117.281818,-0.454201,0],[117.281961,-0.453791,0],[117.282164,-0.453131,0],[117.282433,-0.452379,0],[117.282535,-0.451975,0],[117.282645,-0.4519,0],[117.282719,-0.451688,0],[117.282796,-0.45121,0],[117.282874,-0.450519,0],[117.282939,-0.449776,0],[117.28287,-0.449098,0],[117.282715,-0.448597,0],[117.282477,-0.448006,0],[117.282165,-0.447236,0],[117.281858,-0.446517,0],[117.281767,-0.446218,0],[117.281767,-0.446038,0],[117.281822,-0.445606,0],[117.282082,-0.444863,0],[117.282325,-0.4439,0],[117.282595,-0.443439,0],[117.282883,-0.443075,0],[117.283502,-0.442591,0],[117.28368,-0.442446,0],[117.283625,-0.442098,0],[117.283607,-0.441982,0],[117.283358,-0.441669,0],[117.283031,-0.441387,0],[117.282704,-0.441137,0],[117.282486,-0.440933,0],[117.282221,-0.440604,0],[117.282065,-0.440291,0],[117.281956,-0.439947,0],[117.281928,-0.439853,0],[117.281832,-0.43954,0],[117.281503,-0.43833,0],[117.281471,-0.438213,0],[117.281393,-0.437961,0],[117.281315,-0.437711,0],[117.281222,-0.437304,0],[117.281222,-0.437054,0],[117.281222,-0.436724,0],[117.281222,-0.4366,0],[117.281362,-0.435582,0],[117.281362,-0.435316,0],[117.281353,-0.435264,0],[117.281326,-0.435116,0],[117.2813,-0.434971,0],[117.281206,-0.434705,0],[117.280816,-0.434136,0],[117.280623,-0.433943,0],[117.280598,-0.433917,0],[117.280247,-0.433635,0],[117.280208,-0.433604,0],[117.27985,-0.433306,0],[117.279794,-0.433253,0],[117.279626,-0.433094,0],[117.279586,-0.433056,0],[117.279336,-0.432711,0],[117.279243,-0.432367,0],[117.279118,-0.431975,0],[117.279116,-0.43197,0],[117.278862,-0.431398,0],[117.278854,-0.43138,0],[117.278027,-0.429649,0],[117.277793,-0.429085,0],[117.277497,-0.42824,0],[117.277419,-0.428013,0],[117.277264,-0.427567,0],[117.276531,-0.426189,0],[117.27611,-0.425398,0],[117.275892,-0.424741,0],[117.27583,-0.424287,0],[117.275846,-0.423927,0],[117.27597,-0.423535,0],[117.276157,-0.423206,0],[117.276195,-0.423125,0],[117.276277,-0.422948,0],[117.276642,-0.422164,0],[117.276745,-0.421969,0],[117.276798,-0.421867,0],[117.276969,-0.421553,0],[117.277047,-0.421287,0],[117.277078,-0.421037,0],[117.277105,-0.42092,0],[117.277156,-0.420692,0],[117.27725,-0.420301,0],[117.277436,-0.419831,0],[117.277592,-0.419408,0],[117.277647,-0.419177,0],[117.277781,-0.418612,0],[117.277904,-0.418091,0],[117.278381,-0.417795,0],[117.278695,-0.417601,0],[117.278757,-0.417562,0],[117.279598,-0.417065,0],[117.27999,-0.416833,0],[117.280008,-0.416823,0],[117.280684,-0.416423,0],[117.281174,-0.41604,0],[117.281609,-0.415602,0],[117.281918,-0.415109,0],[117.282335,-0.414434,0],[117.283024,-0.413323,0],[117.283341,-0.412812,0],[117.283552,-0.412472,0],[117.283607,-0.412383,0],[117.283785,-0.412096,0],[117.283789,-0.412089,0],[117.283957,-0.411828,0],[117.284035,-0.411707,0],[117.284188,-0.411468,0],[117.284569,-0.410775,0],[117.285149,-0.409881,0],[117.285578,-0.408875,0],[117.28735,-0.407644,0],[117.289232,-0.406337,0],[117.289258,-0.406319,0],[117.289295,-0.406293,0],[117.289457,-0.406401,0],[117.289725,-0.406401,0],[117.29014,-0.407007,0],[117.290309,-0.407254,0],[117.290418,-0.407414,0],[117.290576,-0.407665,0],[117.290981,-0.40831,0],[117.29101,-0.408356,0],[117.291191,-0.40862,0],[117.291421,-0.408951,0],[117.291631,-0.409053,0],[117.292029,-0.409248,0],[117.292198,-0.409248,0],[117.292341,-0.409248,0],[117.292444,-0.409216,0],[117.292604,-0.409166,0],[117.292785,-0.409,0],[117.2929,-0.408852,0],[117.293031,-0.40867,0],[117.29308,-0.408616,0],[117.29316,-0.408526,0],[117.293179,-0.408504,0],[117.293185,-0.408501,0],[117.293308,-0.408429,0],[117.293377,-0.408389,0],[117.293557,-0.408389,0],[117.293755,-0.408405,0],[117.294281,-0.408587,0],[117.294531,-0.408637,0],[117.294609,-0.408653,0],[117.294922,-0.408653,0],[117.29525,-0.408504,0],[117.295426,-0.408312,0],[117.295447,-0.408289,0],[117.295573,-0.408057,0],[117.295645,-0.407926,0],[117.295861,-0.407421,0],[117.295886,-0.407362,0],[117.296006,-0.407083,0],[117.296074,-0.406819,0],[117.296121,-0.406637,0],[117.296253,-0.406289,0],[117.29627,-0.406253,0],[117.296417,-0.405942,0],[117.296614,-0.405595,0],[117.296779,-0.405298,0],[117.296867,-0.405182,0],[117.296992,-0.405017,0],[117.29705,-0.404963,0],[117.297239,-0.404785,0],[117.297901,-0.404331,0],[117.29807,-0.404186,0],[117.298344,-0.403951,0],[117.298613,-0.403764,0],[117.298772,-0.403653,0],[117.299026,-0.403515,0],[117.299166,-0.403438,0],[117.299594,-0.40329,0],[117.299714,-0.403249,0],[117.299988,-0.403157,0],[117.300382,-0.402959,0],[117.300613,-0.402785,0],[117.300645,-0.402761,0],[117.30086,-0.402193,0],[117.300975,-0.401912,0],[117.301017,-0.401813,0],[117.301156,-0.401483,0],[117.301287,-0.401202,0],[117.301402,-0.400805,0],[117.301501,-0.400408,0],[117.301633,-0.399995,0],[117.301731,-0.399714,0],[117.301975,-0.398831,0],[117.302057,-0.398418,0],[117.302057,-0.398088,0],[117.302057,-0.397823,0],[117.302003,-0.397695,0],[117.301959,-0.397592,0],[117.30189,-0.397483,0],[117.301844,-0.39741,0],[117.301646,-0.397162,0],[117.301416,-0.396931,0],[117.301153,-0.396633,0],[117.300956,-0.396319,0],[117.300496,-0.395393,0],[117.300249,-0.395162,0],[117.300003,-0.39503,0],[117.299766,-0.394946,0],[117.299674,-0.394914,0],[117.299579,-0.3949,0],[117.299345,-0.394865,0],[117.298967,-0.394865,0],[117.298622,-0.394865,0],[117.298261,-0.394881,0],[117.298047,-0.395013,0],[117.297883,-0.395146,0],[117.29779,-0.395215,0],[117.297685,-0.395294,0],[117.297504,-0.395429,0],[117.297373,-0.395526,0],[117.297281,-0.395601,0],[117.29711,-0.395741,0],[117.296781,-0.396055,0],[117.296122,-0.396445,0],[117.295998,-0.396519,0],[117.295265,-0.396953,0],[117.295247,-0.396657,0],[117.295165,-0.396288,0],[117.295139,-0.396171,0],[117.295221,-0.395989,0],[117.295588,-0.395167,0],[117.295738,-0.394832,0],[117.296037,-0.394196,0],[117.29611,-0.39405,0],[117.296204,-0.393861,0],[117.296403,-0.39346,0],[117.296521,-0.393246,0],[117.29657,-0.393158,0],[117.296786,-0.392773,0],[117.297375,-0.391417,0],[117.297471,-0.391212,0],[117.297527,-0.391095,0],[117.297695,-0.390739,0],[117.297796,-0.390433,0],[117.297864,-0.390078,0],[117.297864,-0.390077,0],[117.298066,-0.388785,0],[117.298066,-0.388586,0],[117.298066,-0.388412,0],[117.298066,-0.388056,0],[117.298066,-0.387598,0],[117.298097,-0.387127,0],[117.298184,-0.38576,0],[117.298224,-0.385425,0],[117.298252,-0.385183,0],[117.298269,-0.384556,0],[117.298454,-0.383243,0],[117.298454,-0.38307,0],[117.298301,-0.38282,0],[117.298172,-0.382703,0],[117.29811,-0.382647,0],[117.297926,-0.382493,0]]]]}},{"type":"Feature","properties":{"OBJECTID":45817,"KDPPUM":"64","NAMOBJ":"Kelurahan Tanah Merah","REMARK":null,"KDPBPS":null,"FCODE":"BA03070040","LUASWH":null,"UUPP":"Hasil Delineasi Batas Desa 2018","SRS_ID":"SRGI 2013","METADATA":"TASWIL1000020200326DATA_BATAS_DESA_KELURAHAN","KDEBPS":null,"KDEPUM":"64.72.05.1011","KDCBPS":null,"KDCPUM":"64.72.05","KDBBPS":null,"WADMKD":"Kelurahan Tanah Merah","WIADKD":null,"WADMKC":"Samarinda Utara","WIADKC":null,"WADMKK":"Kota Samarinda","WIADKK":null,"WADMPR":"Kalimantan Timur","WIADPR":null,"TIPADM":2,"KDPKAB":"64.72","SHAPE_Leng":0.243702537586466,"SHAPE_Area":0.002116316087833,"visibility":false},"geometry":{"type":"MultiPolygon","coordinates":[[[[117.230493,-0.462173,0],[117.230847,-0.461684,0],[117.231525,-0.460977,0],[117.232268,-0.460306,0],[117.232981,-0.459749,0],[117.233553,-0.459364,0],[117.233936,-0.458942,0],[117.234536,-0.458104,0],[117.234917,-0.457171,0],[117.235136,-0.456771,0],[117.235526,-0.456457,0],[117.235792,-0.456191,0],[117.236107,-0.455572,0],[117.236808,-0.454093,0],[117.237249,-0.453058,0],[117.237534,-0.45232,0],[117.237713,-0.451083,0],[117.237864,-0.44989,0],[117.238066,-0.448796,0],[117.238221,-0.448606,0],[117.238435,-0.448563,0],[117.238913,-0.448677,0],[117.239392,-0.448849,0],[117.239684,-0.448863,0],[117.240106,-0.448478,0],[117.240498,-0.447899,0],[117.241297,-0.446473,0],[117.24163,-0.445629,0],[117.24169,-0.4452,0],[117.241618,-0.445034,0],[117.241095,-0.444534,0],[117.240896,-0.444282,0],[117.240825,-0.444046,0],[117.240825,-0.443889,0],[117.241018,-0.442976,0],[117.241203,-0.442212,0],[117.24139,-0.441687,0],[117.241539,-0.441324,0],[117.241563,-0.440985,0],[117.241509,-0.440717,0],[117.241432,-0.440556,0],[117.241277,-0.440455,0],[117.24098,-0.440414,0],[117.240534,-0.440354,0],[117.240248,-0.440247,0],[117.239844,-0.439973,0],[117.239475,-0.439563,0],[117.239326,-0.439313,0],[117.239325,-0.439004,0],[117.239402,-0.438653,0],[117.239527,-0.438379,0],[117.239605,-0.438135,0],[117.239706,-0.437749,0],[117.239849,-0.437431,0],[117.239998,-0.437228,0],[117.240307,-0.436961,0],[117.240878,-0.436514,0],[117.241277,-0.436205,0],[117.241325,-0.436128,0],[117.241319,-0.435991,0],[117.241051,-0.435598,0],[117.240837,-0.435188,0],[117.240412,-0.434443,0],[117.240184,-0.434148,0],[117.240155,-0.434053,0],[117.240127,-0.433877,0],[117.240079,-0.433558,0],[117.239988,-0.433382,0],[117.239841,-0.433182,0],[117.239736,-0.433059,0],[117.239679,-0.432987,0],[117.239651,-0.43293,0],[117.2396,-0.432633,0],[117.239582,-0.432246,0],[117.23951,-0.43183,0],[117.23938,-0.431443,0],[117.239112,-0.431092,0],[117.238945,-0.430956,0],[117.23888,-0.430854,0],[117.238874,-0.43073,0],[117.239064,-0.430539,0],[117.239439,-0.430319,0],[117.240103,-0.429851,0],[117.240303,-0.429694,0],[117.240375,-0.429494,0],[117.240306,-0.429239,0],[117.240035,-0.428754,0],[117.239963,-0.428625,0],[117.239921,-0.428119,0],[117.240071,-0.427733,0],[117.240106,-0.427483,0],[117.240632,-0.426509,0],[117.241346,-0.425438,0],[117.241731,-0.425024,0],[117.241741,-0.424731,0],[117.241636,-0.424503,0],[117.241579,-0.424122,0],[117.241493,-0.423884,0],[117.241398,-0.423675,0],[117.241398,-0.423351,0],[117.241446,-0.422866,0],[117.241664,-0.42236,0],[117.241643,-0.422175,0],[117.241607,-0.422039,0],[117.241657,-0.421982,0],[117.242028,-0.421889,0],[117.242192,-0.421804,0],[117.242342,-0.421668,0],[117.242463,-0.421561,0],[117.242835,-0.42109,0],[117.242985,-0.421033,0],[117.243206,-0.420997,0],[117.243583,-0.420931,0],[117.244083,-0.421097,0],[117.244749,-0.421252,0],[117.245368,-0.421216,0],[117.24563,-0.421002,0],[117.245737,-0.420491,0],[117.245856,-0.420193,0],[117.245903,-0.420003,0],[117.245891,-0.419836,0],[117.24582,-0.419586,0],[117.245701,-0.419325,0],[117.245615,-0.418934,0],[117.245592,-0.418744,0],[117.24552,-0.418661,0],[117.244914,-0.418256,0],[117.244402,-0.417994,0],[117.242855,-0.417495,0],[117.242332,-0.417197,0],[117.242094,-0.416888,0],[117.241618,-0.4164,0],[117.241368,-0.415936,0],[117.24113,-0.41552,0],[117.241059,-0.415151,0],[117.241154,-0.41483,0],[117.241452,-0.414017,0],[117.241738,-0.413577,0],[117.241738,-0.413291,0],[117.241845,-0.413018,0],[117.242059,-0.412863,0],[117.242154,-0.41253,0],[117.242142,-0.412363,0],[117.241904,-0.412149,0],[117.241714,-0.412173,0],[117.241476,-0.41228,0],[117.241274,-0.412197,0],[117.240954,-0.411999,0],[117.240746,-0.411785,0],[117.240631,-0.411471,0],[117.240516,-0.411271,0],[117.240412,-0.411129,0],[117.240079,-0.410881,0],[117.239845,-0.410624,0],[117.239587,-0.410347,0],[117.239533,-0.410251,0],[117.239501,-0.41014,0],[117.239416,-0.410001,0],[117.239373,-0.409912,0],[117.239323,-0.409737,0],[117.239291,-0.409551,0],[117.239248,-0.409337,0],[117.239191,-0.409152,0],[117.23913,-0.409045,0],[117.238948,-0.408905,0],[117.238632,-0.408675,0],[117.238477,-0.408613,0],[117.238192,-0.408592,0],[117.23808,-0.408562,0],[117.237981,-0.408504,0],[117.237859,-0.408426,0],[117.237733,-0.408362,0],[117.237619,-0.408307,0],[117.2375,-0.408264,0],[117.237429,-0.40824,0],[117.237186,-0.40819,0],[117.237014,-0.408145,0],[117.236872,-0.408069,0],[117.236815,-0.408012,0],[117.236771,-0.407916,0],[117.236811,-0.407888,0],[117.236821,-0.40788,0],[117.236978,-0.407737,0],[117.237045,-0.407616,0],[117.237092,-0.407477,0],[117.23711,-0.407322,0],[117.237122,-0.407179,0],[117.237104,-0.407042,0],[117.237003,-0.406775,0],[117.236965,-0.406521,0],[117.236941,-0.406153,0],[117.236976,-0.405653,0],[117.237083,-0.405308,0],[117.237321,-0.404856,0],[117.237571,-0.404439,0],[117.237774,-0.404094,0],[117.238285,-0.40338,0],[117.238612,-0.402998,0],[117.238722,-0.402746,0],[117.238865,-0.402527,0],[117.238988,-0.402393,0],[117.239145,-0.402284,0],[117.239331,-0.402189,0],[117.239407,-0.402098,0],[117.239513,-0.40193,0],[117.239652,-0.401826,0],[117.239866,-0.401762,0],[117.240052,-0.401715,0],[117.240212,-0.401683,0],[117.240337,-0.401683,0],[117.24053,-0.401683,0],[117.240865,-0.401715,0],[117.24103,-0.401715,0],[117.241115,-0.401708,0],[117.241244,-0.401694,0],[117.241394,-0.401651,0],[117.241533,-0.40158,0],[117.241685,-0.401442,0],[117.242009,-0.401219,0],[117.242387,-0.400978,0],[117.242206,-0.400868,0],[117.241944,-0.400693,0],[117.241834,-0.400612,0],[117.241727,-0.400453,0],[117.241627,-0.400196,0],[117.241451,-0.399721,0],[117.241384,-0.399487,0],[117.241341,-0.39934,0],[117.241313,-0.399211,0],[117.241298,-0.399045,0],[117.241272,-0.398841,0],[117.241173,-0.398519,0],[117.241045,-0.398302,0],[117.240998,-0.398233,0],[117.240929,-0.398152,0],[117.240703,-0.397979,0],[117.240465,-0.397842,0],[117.240328,-0.397765,0],[117.240221,-0.39761,0],[117.240138,-0.397456,0],[117.240072,-0.397218,0],[117.239953,-0.39676,0],[117.239904,-0.396496,0],[117.239918,-0.396244,0],[117.239966,-0.396001,0],[117.240089,-0.395554,0],[117.240194,-0.395054,0],[117.240254,-0.39471,0],[117.240254,-0.394615,0],[117.240212,-0.394449,0],[117.240135,-0.394315,0],[117.239978,-0.394139,0],[117.239826,-0.393949,0],[117.239683,-0.393659,0],[117.239636,-0.393444,0],[117.239596,-0.392949,0],[117.2396,-0.39272,0],[117.23961,-0.392588,0],[117.239646,-0.392513,0],[117.239703,-0.392403,0],[117.239775,-0.392278,0],[117.239882,-0.392121,0],[117.239949,-0.392017,0],[117.239999,-0.391817,0],[117.23999,-0.391459,0],[117.239926,-0.391195,0],[117.239883,-0.391002,0],[117.239783,-0.390874,0],[117.239654,-0.39071,0],[117.239462,-0.39056,0],[117.23909,-0.39031,0],[117.238684,-0.389825,0],[117.238485,-0.389494,0],[117.238213,-0.389218,0],[117.238099,-0.389013,0],[117.237942,-0.388766,0],[117.237904,-0.388666,0],[117.237899,-0.388542,0],[117.237895,-0.388433,0],[117.237852,-0.388333,0],[117.23778,-0.388285,0],[117.237614,-0.388219,0],[117.237481,-0.388185,0],[117.237105,-0.388087,0],[117.236814,-0.387974,0],[117.236267,-0.387765,0],[117.235927,-0.387635,0],[117.23563,-0.387563,0],[117.235434,-0.387527,0],[117.235261,-0.387569,0],[117.234976,-0.387664,0],[117.234809,-0.387736,0],[117.234559,-0.387898,0],[117.234482,-0.388088,0],[117.234339,-0.388279,0],[117.233762,-0.388517,0],[117.233435,-0.388689,0],[117.233155,-0.388908,0],[117.232878,-0.38926,0],[117.23262,-0.389814,0],[117.232563,-0.389986,0],[117.232506,-0.390185,0],[117.232356,-0.390485,0],[117.232242,-0.390671,0],[117.231956,-0.391113,0],[117.231642,-0.391499,0],[117.231331,-0.391858,0],[117.231297,-0.391864,0],[117.230928,-0.391935,0],[117.23031,-0.392031,0],[117.229715,-0.392078,0],[117.229369,-0.392096,0],[117.229282,-0.392107,0],[117.228986,-0.39216,0],[117.228672,-0.39226,0],[117.22831,-0.392331,0],[117.227882,-0.392388,0],[117.22768,-0.392364,0],[117.227502,-0.392316,0],[117.227311,-0.392233,0],[117.226933,-0.391933,0],[117.226846,-0.391998,0],[117.226614,-0.392137,0],[117.226493,-0.39219,0],[117.226463,-0.392208,0],[117.226311,-0.392286,0],[117.226058,-0.392343,0],[117.22579,-0.392364,0],[117.225466,-0.39237,0],[117.225228,-0.392405,0],[117.225008,-0.392468,0],[117.224951,-0.392527,0],[117.22491,-0.392614,0],[117.224915,-0.392709,0],[117.225008,-0.392827,0],[117.22521,-0.39297,0],[117.225365,-0.393089,0],[117.225424,-0.393243,0],[117.225377,-0.39335,0],[117.225198,-0.39341,0],[117.225032,-0.39341,0],[117.224853,-0.39341,0],[117.224651,-0.393446,0],[117.224532,-0.393505,0],[117.224528,-0.393508,0],[117.224441,-0.393525,0],[117.224376,-0.393573,0],[117.22437,-0.393632,0],[117.224429,-0.393787,0],[117.224536,-0.393918,0],[117.224733,-0.394078,0],[117.224739,-0.394144,0],[117.224691,-0.394179,0],[117.224596,-0.394185,0],[117.224278,-0.394181,0],[117.224147,-0.394264,0],[117.224046,-0.394383,0],[117.223879,-0.394633,0],[117.22376,-0.394788,0],[117.223463,-0.39496,0],[117.2231,-0.395091,0],[117.222892,-0.395181,0],[117.222713,-0.395311,0],[117.2226,-0.395502,0],[117.222475,-0.395909,0],[117.222357,-0.396241,0],[117.222114,-0.396659,0],[117.222,-0.396776,0],[117.22195,-0.396834,0],[117.221811,-0.396866,0],[117.221561,-0.396823,0],[117.221443,-0.396816,0],[117.221393,-0.396862,0],[117.221383,-0.396958,0],[117.221457,-0.397038,0],[117.221645,-0.39718,0],[117.221731,-0.397347,0],[117.221761,-0.397433,0],[117.221743,-0.397555,0],[117.221689,-0.39765,0],[117.221555,-0.397742,0],[117.221329,-0.397838,0],[117.221169,-0.397948,0],[117.221062,-0.398075,0],[117.220946,-0.398229,0],[117.220841,-0.398336,0],[117.22071,-0.39842,0],[117.22062,-0.398458,0],[117.220498,-0.398453,0],[117.220325,-0.398389,0],[117.220177,-0.398298,0],[117.220034,-0.398234,0],[117.219951,-0.398222,0],[117.219873,-0.398253,0],[117.219744,-0.398338,0],[117.219722,-0.398442,0],[117.2197,-0.398615,0],[117.219742,-0.398749,0],[117.219845,-0.398881,0],[117.219906,-0.399014,0],[117.219906,-0.399092,0],[117.219863,-0.399167,0],[117.219831,-0.39921,0],[117.219749,-0.399199,0],[117.219674,-0.399156,0],[117.219592,-0.399021,0],[117.21951,-0.398878,0],[117.21946,-0.398721,0],[117.219403,-0.398542,0],[117.219353,-0.398503,0],[117.219274,-0.398514,0],[117.219239,-0.398564,0],[117.219235,-0.398642,0],[117.219253,-0.398774,0],[117.219292,-0.398985,0],[117.219278,-0.399088,0],[117.219235,-0.399163,0],[117.219185,-0.39921,0],[117.219085,-0.399224,0],[117.21891,-0.399192,0],[117.218718,-0.399135,0],[117.218621,-0.399146,0],[117.218506,-0.399184,0],[117.218442,-0.399222,0],[117.218387,-0.399291,0],[117.218328,-0.399396,0],[117.21829,-0.399472,0],[117.218249,-0.399541,0],[117.218192,-0.399597,0],[117.218142,-0.399666,0],[117.218082,-0.399702,0],[117.218017,-0.399716,0],[117.217972,-0.399707,0],[117.217897,-0.39965,0],[117.217849,-0.399621,0],[117.217649,-0.399471,0],[117.217513,-0.399407,0],[117.212368,-0.417956,0],[117.211839,-0.418615,0],[117.210946,-0.419208,0],[117.210585,-0.419631,0],[117.206548,-0.429795,0],[117.206203,-0.434471,0],[117.206203,-0.435434,0],[117.205858,-0.43735,0],[117.20555,-0.438099,0],[117.205331,-0.438994,0],[117.205207,-0.439384,0],[117.205075,-0.440046,0],[117.204828,-0.440595,0],[117.204513,-0.440964,0],[117.204168,-0.441279,0],[117.203651,-0.441618,0],[117.203187,-0.441933,0],[117.203139,-0.442005,0],[117.203109,-0.442237,0],[117.203021,-0.442298,0],[117.203031,-0.442356,0],[117.203316,-0.442803,0],[117.20334,-0.442917,0],[117.203311,-0.443383,0],[117.203321,-0.444064,0],[117.203369,-0.444493,0],[117.203454,-0.444731,0],[117.20354,-0.445064,0],[117.20365,-0.445471,0],[117.20355,-0.445575,0],[117.203407,-0.445832,0],[117.203025,-0.44669,0],[117.202799,-0.447231,0],[117.202482,-0.447821,0],[117.202353,-0.448045,0],[117.202277,-0.448216,0],[117.20221,-0.448454,0],[117.202129,-0.448935,0],[117.201982,-0.449763,0],[117.201914,-0.450316,0],[117.201878,-0.450455,0],[117.201821,-0.45058,0],[117.201721,-0.450723,0],[117.201535,-0.450908,0],[117.201235,-0.451179,0],[117.201135,-0.451265,0],[117.201035,-0.451408,0],[117.200878,-0.451674,0],[117.200721,-0.451903,0],[117.200579,-0.452131,0],[117.200383,-0.452369,0],[117.200139,-0.452602,0],[117.200034,-0.45272,0],[117.19989,-0.452866,0],[117.199792,-0.452995,0],[117.196115,-0.454937,0],[117.195731,-0.454911,0],[117.195434,-0.45484,0],[117.195338,-0.45484,0],[117.195178,-0.454911,0],[117.194981,-0.454888,0],[117.194892,-0.454876,0],[117.194815,-0.454935,0],[117.19469,-0.455191,0],[117.194399,-0.45553,0],[117.194172,-0.455744,0],[117.194125,-0.455899,0],[117.19409,-0.455955,0],[117.193702,-0.456211,0],[117.19323,-0.456531,0],[117.193113,-0.45661,0],[117.193433,-0.457028,0],[117.193655,-0.457107,0],[117.193947,-0.457274,0],[117.194172,-0.45746,0],[117.194461,-0.45761,0],[117.194753,-0.457849,0],[117.194874,-0.457992,0],[117.195091,-0.458172,0],[117.195198,-0.45819,0],[117.197066,-0.458578,0],[117.198258,-0.458799,0],[117.199136,-0.459035,0],[117.199515,-0.459135,0],[117.199592,-0.458742,0],[117.199716,-0.458536,0],[117.199801,-0.458257,0],[117.19984,-0.458095,0],[117.199968,-0.457866,0],[117.200073,-0.457733,0],[117.200168,-0.457624,0],[117.20023,-0.457619,0],[117.200306,-0.457657,0],[117.200477,-0.457752,0],[117.20061,-0.457828,0],[117.200796,-0.457881,0],[117.20111,-0.457885,0],[117.201615,-0.457895,0],[117.20184,-0.45794,0],[117.202094,-0.45814,0],[117.202383,-0.45839,0],[117.202495,-0.458499,0],[117.202883,-0.458787,0],[117.203091,-0.45887,0],[117.203585,-0.458965,0],[117.204263,-0.459066,0],[117.204519,-0.459155,0],[117.204751,-0.459262,0],[117.204912,-0.459417,0],[117.204947,-0.459518,0],[117.204929,-0.459649,0],[117.204873,-0.460781,0],[117.205824,-0.461314,0],[117.207833,-0.462422,0],[117.208023,-0.462003,0],[117.208185,-0.461879,0],[117.20827,-0.461882,0],[117.208335,-0.461901,0],[117.208563,-0.46198,0],[117.208731,-0.462023,0],[117.208863,-0.462062,0],[117.208995,-0.462123,0],[117.209056,-0.46213,0],[117.209163,-0.462062,0],[117.209245,-0.461937,0],[117.209363,-0.461823,0],[117.209584,-0.461605,0],[117.209655,-0.461548,0],[117.21066,-0.461597,0],[117.211088,-0.461612,0],[117.211574,-0.46164,0],[117.212088,-0.461526,0],[117.212944,-0.461041,0],[117.214072,-0.460455,0],[117.214557,-0.46017,0],[117.215606,-0.459658,0],[117.215856,-0.459342,0],[117.215945,-0.459235,0],[117.21613,-0.459169,0],[117.216326,-0.459169,0],[117.216528,-0.459092,0],[117.216724,-0.459067,0],[117.216754,-0.459073,0],[117.216794,-0.459086,0],[117.21684,-0.459104,0],[117.216854,-0.459119,0],[117.216972,-0.459355,0],[117.217026,-0.459474,0],[117.217067,-0.459504,0],[117.217156,-0.45948,0],[117.2174,-0.459379,0],[117.217513,-0.459379,0],[117.217995,-0.459462,0],[117.218215,-0.459492,0],[117.218364,-0.459587,0],[117.218542,-0.459724,0],[117.218745,-0.460003,0],[117.219048,-0.460283,0],[117.219387,-0.460503,0],[117.220024,-0.460824,0],[117.220736,-0.461126,0],[117.221052,-0.461204,0],[117.221177,-0.461198,0],[117.221319,-0.461061,0],[117.221468,-0.46068,0],[117.221593,-0.46049,0],[117.221807,-0.460341,0],[117.221991,-0.460264,0],[117.222241,-0.460284,0],[117.222512,-0.460398,0],[117.222791,-0.460441,0],[117.223105,-0.460355,0],[117.223561,-0.460041,0],[117.223918,-0.45982,0],[117.224183,-0.459656,0],[117.224525,-0.459292,0],[117.224696,-0.459142,0],[117.225089,-0.458949,0],[117.22531,-0.45882,0],[117.225475,-0.458656,0],[117.225589,-0.458442,0],[117.225896,-0.45787,0],[117.226146,-0.45759,0],[117.226378,-0.457465,0],[117.226812,-0.457317,0],[117.226937,-0.457317,0],[117.227151,-0.457358,0],[117.227454,-0.457549,0],[117.227746,-0.457596,0],[117.227967,-0.4576,0],[117.228001,-0.457609,0],[117.228027,-0.457627,0],[117.228055,-0.457654,0],[117.228085,-0.457689,0],[117.228096,-0.457704,0],[117.228224,-0.458079,0],[117.228572,-0.458887,0],[117.228923,-0.45944,0],[117.229007,-0.459678,0],[117.229096,-0.460106,0],[117.229215,-0.460374,0],[117.230362,-0.461816,0],[117.230493,-0.462173,0]]]]}},{"type":"Feature","properties":{"OBJECTID":45818,"KDPPUM":"64","NAMOBJ":"Kelurahan Tani Aman","REMARK":null,"KDPBPS":null,"FCODE":"BA03070040","LUASWH":null,"UUPP":"Hasil Delineasi Batas Desa 2018","SRS_ID":"SRGI 2013","METADATA":"TASWIL1000020200326DATA_BATAS_DESA_KELURAHAN","KDEBPS":null,"KDEPUM":"64.72.10.1002","KDCBPS":null,"KDCPUM":"64.72.10","KDBBPS":null,"WADMKD":"Kelurahan Tani Aman","WIADKD":null,"WADMKC":"Loa Janan Ilir","WIADKC":null,"WADMKK":"Kota Samarinda","WIADKK":null,"WADMPR":"Kalimantan Timur","WIADPR":null,"TIPADM":2,"KDPKAB":"64.72","SHAPE_Leng":0.09731232674732,"SHAPE_Area":0.000438991891584,"visibility":false},"geometry":{"type":"MultiPolygon","coordinates":[[[[117.120916,-0.583329,0],[117.112697,-0.580786,0],[117.110346,-0.57972,0],[117.109604,-0.579682,0],[117.109186,-0.579576,0],[117.108329,-0.579088,0],[117.107877,-0.578779,0],[117.107425,-0.578386,0],[117.106926,-0.577624,0],[117.106842,-0.57722,0],[117.106652,-0.576482,0],[117.106559,-0.575926,0],[117.10637,-0.575776,0],[117.106222,-0.575716,0],[117.105889,-0.575567,0],[117.10568,-0.575425,0],[117.105377,-0.575252,0],[117.105078,-0.575052,0],[117.104888,-0.575033,0],[117.104555,-0.575138,0],[117.10425,-0.575128,0],[117.104088,-0.575186,0],[117.103889,-0.575262,0],[117.103765,-0.575262,0],[117.103541,-0.575121,0],[117.103291,-0.574776,0],[117.103125,-0.574467,0],[117.102994,-0.574027,0],[117.103125,-0.57327,0],[117.103118,-0.573077,0],[117.102989,-0.572977,0],[117.102811,-0.572849,0],[117.102675,-0.572799,0],[117.102425,-0.572892,0],[117.101433,-0.573308,0],[117.100872,-0.573375,0],[117.100098,-0.573461,0],[117.100012,-0.573443,0],[117.099976,-0.573397,0],[117.099873,-0.573357,0],[117.099786,-0.573384,0],[117.099134,-0.573539,0],[117.098705,-0.573546,0],[117.098363,-0.573618,0],[117.097649,-0.573596,0],[117.097477,-0.573589,0],[117.097228,-0.573546,0],[117.097039,-0.573395,0],[117.096697,-0.572923,0],[117.096539,-0.572666,0],[117.096204,-0.572395,0],[117.096061,-0.572609,0],[117.095947,-0.572859,0],[117.095752,-0.573259,0],[117.095669,-0.573651,0],[117.095419,-0.574443,0],[117.09529,-0.574629,0],[117.095247,-0.574828,0],[117.095326,-0.574943,0],[117.095683,-0.575071,0],[117.095911,-0.575242,0],[117.096279,-0.575294,0],[117.096498,-0.575332,0],[117.096593,-0.575399,0],[117.096736,-0.57557,0],[117.09684,-0.57577,0],[117.096935,-0.575989,0],[117.09705,-0.576132,0],[117.09725,-0.576227,0],[117.097335,-0.576275,0],[117.097411,-0.576436,0],[117.097392,-0.576636,0],[117.097307,-0.576817,0],[117.097107,-0.577217,0],[117.096892,-0.577813,0],[117.096828,-0.578006,0],[117.096535,-0.577992,0],[117.096385,-0.578028,0],[117.096276,-0.578175,0],[117.096192,-0.578258,0],[117.096038,-0.578531,0],[117.095883,-0.578674,0],[117.095609,-0.578984,0],[117.094298,-0.580216,0],[117.094298,-0.580478,0],[117.094338,-0.580836,0],[117.094396,-0.581023,0],[117.094495,-0.581145,0],[117.094518,-0.581308,0],[117.094477,-0.581454,0],[117.094419,-0.581611,0],[117.09435,-0.581858,0],[117.094327,-0.582091,0],[117.094396,-0.582207,0],[117.094466,-0.582283,0],[117.094617,-0.582324,0],[117.094837,-0.582388,0],[117.094965,-0.582465,0],[117.095058,-0.582552,0],[117.095104,-0.582669,0],[117.095116,-0.582808,0],[117.09504,-0.58296,0],[117.094895,-0.583195,0],[117.09475,-0.583382,0],[117.094715,-0.583504,0],[117.094733,-0.583661,0],[117.094814,-0.583778,0],[117.094895,-0.58383,0],[117.09504,-0.583854,0],[117.095353,-0.583848,0],[117.095561,-0.583877,0],[117.095631,-0.583935,0],[117.095631,-0.58404,0],[117.095584,-0.584133,0],[117.095451,-0.584273,0],[117.09506,-0.584731,0],[117.094886,-0.584924,0],[117.094777,-0.585037,0],[117.094643,-0.585077,0],[117.094469,-0.58507,0],[117.094303,-0.585084,0],[117.094198,-0.585172,0],[117.09414,-0.585368,0],[117.0941,-0.585522,0],[117.09398,-0.585753,0],[117.093763,-0.586095,0],[117.093479,-0.586458,0],[117.093193,-0.586662,0],[117.09295,-0.586922,0],[117.092859,-0.587031,0],[117.092798,-0.587181,0],[117.092794,-0.587356,0],[117.092874,-0.587469,0],[117.093197,-0.587543,0],[117.093298,-0.587627,0],[117.093316,-0.587732,0],[117.093277,-0.587885,0],[117.09319,-0.587955,0],[117.093056,-0.588013,0],[117.092936,-0.588142,0],[117.092881,-0.588306,0],[117.092925,-0.588448,0],[117.093001,-0.588609,0],[117.093106,-0.588835,0],[117.093085,-0.588941,0],[117.093023,-0.589043,0],[117.092882,-0.589178,0],[117.092809,-0.589273,0],[117.092759,-0.589357,0],[117.092762,-0.589437,0],[117.092831,-0.589477,0],[117.092922,-0.589466,0],[117.092969,-0.589423,0],[117.093063,-0.589317,0],[117.093168,-0.589262,0],[117.093277,-0.589262,0],[117.093338,-0.58931,0],[117.093367,-0.589393,0],[117.093349,-0.589495,0],[117.093306,-0.589572,0],[117.093215,-0.589668,0],[117.093165,-0.589712,0],[117.093146,-0.589781,0],[117.093227,-0.589961,0],[117.093257,-0.590094,0],[117.093227,-0.590168,0],[117.093072,-0.590339,0],[117.092666,-0.59065,0],[117.092492,-0.590853,0],[117.092419,-0.591,0],[117.092382,-0.591166,0],[117.092391,-0.59136,0],[117.092487,-0.591494,0],[117.092505,-0.591506,0],[117.09267,-0.591506,0],[117.092885,-0.591506,0],[117.093124,-0.591536,0],[117.093141,-0.591538,0],[117.093397,-0.591562,0],[117.093652,-0.591618,0],[117.093878,-0.591696,0],[117.093908,-0.591707,0],[117.094179,-0.591795,0],[117.094483,-0.591883,0],[117.09477,-0.59198,0],[117.095018,-0.592068,0],[117.095298,-0.592205,0],[117.095553,-0.592341,0],[117.096209,-0.592812,0],[117.096409,-0.593069,0],[117.0966,-0.593229,0],[117.096698,-0.593276,0],[117.096876,-0.593463,0],[117.097207,-0.593645,0],[117.09772,-0.593859,0],[117.09817,-0.59401,0],[117.098525,-0.594177,0],[117.098858,-0.594385,0],[117.099127,-0.594705,0],[117.099284,-0.59475,0],[117.099529,-0.594916,0],[117.099789,-0.595051,0],[117.100191,-0.595154,0],[117.10042,-0.595273,0],[117.100879,-0.595625,0],[117.101392,-0.596109,0],[117.101613,-0.596275,0],[117.102394,-0.596759,0],[117.10297,-0.597164,0],[117.103674,-0.597738,0],[117.104503,-0.598405,0],[117.104717,-0.598588,0],[117.105642,-0.599345,0],[117.106328,-0.599955,0],[117.106464,-0.6001,0],[117.106939,-0.600011,0],[117.107257,-0.599871,0],[117.107654,-0.599671,0],[117.107893,-0.599512,0],[117.10838,-0.599402,0],[117.109185,-0.599242,0],[117.109771,-0.599112,0],[117.11043,-0.598919,0],[117.110937,-0.598919,0],[117.111305,-0.598999,0],[117.113361,-0.595285,0],[117.115074,-0.591716,0],[117.117149,-0.588096,0],[117.118062,-0.587268,0],[117.118619,-0.58654,0],[117.118748,-0.586154,0],[117.118933,-0.585712,0],[117.119219,-0.585398,0],[117.120061,-0.584327,0],[117.120916,-0.583329,0]]]]}},{"type":"Feature","properties":{"OBJECTID":45834,"KDPPUM":"64","NAMOBJ":"Kelurahan Teluk Lerong Ilir","REMARK":null,"KDPBPS":null,"FCODE":"BA03070040","LUASWH":null,"UUPP":"Hasil Delineasi Batas Desa 2018","SRS_ID":"SRGI 2013","METADATA":"TASWIL1000020200326DATA_BATAS_DESA_KELURAHAN","KDEBPS":null,"KDEPUM":"64.72.03.1001","KDCBPS":null,"KDCPUM":"64.72.03","KDBBPS":null,"WADMKD":"Kelurahan Teluk Lerong Ilir","WIADKD":null,"WADMKC":"Samarinda Ulu","WIADKC":null,"WADMKK":"Kota Samarinda","WIADKK":null,"WADMPR":"Kalimantan Timur","WIADPR":null,"TIPADM":2,"KDPKAB":"64.72","SHAPE_Leng":0.053550101063847,"SHAPE_Area":0.000084696934488},"geometry":{"type":"MultiPolygon","coordinates":[[[[117.136104,-0.492128,0],[117.136189,-0.491828,0],[117.136332,-0.49148,0],[117.136552,-0.491088,0],[117.136821,-0.490772,0],[117.13651,-0.490145,0],[117.136232,-0.489531,0],[117.136232,-0.489324,0],[117.13631,-0.489146,0],[117.136589,-0.48901,0],[117.136732,-0.488774,0],[117.136532,-0.488553,0],[117.136061,-0.488318,0],[117.135718,-0.488175,0],[117.135325,-0.488111,0],[117.135197,-0.487918,0],[117.135097,-0.487732,0],[117.135033,-0.487482,0],[117.134997,-0.48729,0],[117.135004,-0.486868,0],[117.13509,-0.486683,0],[117.135125,-0.486426,0],[117.134976,-0.48523,0],[117.134787,-0.485352,0],[117.134584,-0.485549,0],[117.134525,-0.485721,0],[117.134477,-0.485935,0],[117.134394,-0.486346,0],[117.134287,-0.486661,0],[117.134049,-0.487042,0],[117.1339,-0.487381,0],[117.133751,-0.487952,0],[117.133567,-0.488517,0],[117.133365,-0.489451,0],[117.133031,-0.490334,0],[117.132584,-0.490002,0],[117.13241,-0.489928,0],[117.132325,-0.490049,0],[117.132273,-0.490139,0],[117.132044,-0.490315,0],[117.131702,-0.490425,0],[117.131611,-0.490496,0],[117.131459,-0.490572,0],[117.131169,-0.490634,0],[117.130826,-0.490767,0],[117.13065,-0.490915,0],[117.130571,-0.491208,0],[117.130546,-0.491268,0],[117.130444,-0.491323,0],[117.130361,-0.491432,0],[117.130335,-0.491525,0],[117.130349,-0.491658,0],[117.130401,-0.491889,0],[117.130401,-0.492053,0],[117.130361,-0.492196,0],[117.130273,-0.492353,0],[117.129692,-0.492674,0],[117.129696,-0.492831,0],[117.129697,-0.492902,0],[117.129726,-0.492962,0],[117.129822,-0.492977,0],[117.130054,-0.492952,0],[117.130106,-0.492957,0],[117.130138,-0.49309,0],[117.130136,-0.493293,0],[117.13011,-0.493568,0],[117.130189,-0.49381,0],[117.13025,-0.493992,0],[117.130305,-0.494235,0],[117.130259,-0.494466,0],[117.130208,-0.494616,0],[117.130123,-0.494846,0],[117.130101,-0.495038,0],[117.13008,-0.495286,0],[117.130041,-0.495434,0],[117.129976,-0.495476,0],[117.129897,-0.495486,0],[117.129793,-0.49551,0],[117.129602,-0.495568,0],[117.129472,-0.495599,0],[117.129371,-0.495582,0],[117.129226,-0.495591,0],[117.129086,-0.495618,0],[117.128966,-0.495663,0],[117.128912,-0.4957,0],[117.128887,-0.495819,0],[117.128883,-0.495942,0],[117.128898,-0.496049,0],[117.128949,-0.496105,0],[117.129055,-0.496204,0],[117.129114,-0.496269,0],[117.1292,-0.496268,0],[117.129343,-0.496274,0],[117.12949,-0.496308,0],[117.129622,-0.496365,0],[117.129669,-0.49641,0],[117.129842,-0.496462,0],[117.129977,-0.496488,0],[117.130073,-0.49652,0],[117.130189,-0.496568,0],[117.130209,-0.496606,0],[117.130234,-0.496646,0],[117.130233,-0.496688,0],[117.130184,-0.496782,0],[117.130098,-0.496962,0],[117.129945,-0.497108,0],[117.129888,-0.497167,0],[117.129795,-0.497325,0],[117.129766,-0.497431,0],[117.129833,-0.497916,0],[117.129843,-0.498,0],[117.129723,-0.498253,0],[117.129605,-0.498395,0],[117.129408,-0.498659,0],[117.129251,-0.498945,0],[117.129091,-0.499181,0],[117.128951,-0.499414,0],[117.128856,-0.499552,0],[117.128793,-0.499696,0],[117.128673,-0.499751,0],[117.128541,-0.499757,0],[117.128456,-0.499779,0],[117.128354,-0.49988,0],[117.128286,-0.500006,0],[117.128213,-0.500078,0],[117.128036,-0.500167,0],[117.127834,-0.50021,0],[117.127692,-0.500272,0],[117.127474,-0.504058,0],[117.129943,-0.503493,0],[117.13204,-0.502798,0],[117.134534,-0.50287,0],[117.134555,-0.502501,0],[117.134587,-0.501821,0],[117.134595,-0.501365,0],[117.134594,-0.501094,0],[117.134499,-0.500534,0],[117.13438,-0.499796,0],[117.134342,-0.499304,0],[117.134266,-0.499015,0],[117.134304,-0.498848,0],[117.134407,-0.498744,0],[117.13453,-0.498569,0],[117.134571,-0.498322,0],[117.134616,-0.498038,0],[117.13475,-0.497822,0],[117.134951,-0.497653,0],[117.135058,-0.497492,0],[117.135179,-0.497339,0],[117.135237,-0.497196,0],[117.135322,-0.497082,0],[117.135401,-0.496999,0],[117.135472,-0.496925,0],[117.135608,-0.496732,0],[117.135711,-0.496618,0],[117.135797,-0.496496,0],[117.135875,-0.496378,0],[117.13591,-0.496212,0],[117.13578,-0.496083,0],[117.135191,-0.495676,0],[117.134658,-0.495307,0],[117.134968,-0.494668,0],[117.135392,-0.493878,0],[117.135644,-0.493364,0],[117.13583,-0.493098,0],[117.135951,-0.492876,0],[117.136078,-0.492196,0],[117.136104,-0.492128,0]]]]}},{"type":"Feature","properties":{"OBJECTID":45835,"KDPPUM":"64","NAMOBJ":"Kelurahan Teluk Lerong Ulu","REMARK":null,"KDPBPS":null,"FCODE":"BA03070040","LUASWH":null,"UUPP":"Hasil Delineasi Batas Desa 2018","SRS_ID":"SRGI 2013","METADATA":"TASWIL1000020200326DATA_BATAS_DESA_KELURAHAN","KDEBPS":null,"KDEPUM":"64.72.06.1005","KDCBPS":null,"KDCPUM":"64.72.06","KDBBPS":null,"WADMKD":"Kelurahan Teluk Lerong Ulu","WIADKD":null,"WADMKC":"Sungai Kunjang","WIADKC":null,"WADMKK":"Kota Samarinda","WIADKK":null,"WADMPR":"Kalimantan Timur","WIADPR":null,"TIPADM":2,"KDPKAB":"64.72","SHAPE_Leng":0.062059255652997,"SHAPE_Area":0.000104921219266},"geometry":{"type":"MultiPolygon","coordinates":[[[[117.126406,-0.493047,0],[117.126445,-0.49333,0],[117.126227,-0.4933,0],[117.125956,-0.493252,0],[117.125591,-0.493196,0],[117.125563,-0.493227,0],[117.12546,-0.493187,0],[117.125213,-0.493159,0],[117.125059,-0.493082,0],[117.124881,-0.493031,0],[117.124895,-0.49287,0],[117.124767,-0.49247,0],[117.124842,-0.492406,0],[117.124763,-0.492185,0],[117.124565,-0.492278,0],[117.124543,-0.492035,0],[117.124324,-0.492069,0],[117.124231,-0.491816,0],[117.124188,-0.491588,0],[117.124124,-0.491356,0],[117.123592,-0.491453,0],[117.123557,-0.491242,0],[117.123581,-0.490917,0],[117.123486,-0.490849,0],[117.123439,-0.490735,0],[117.123436,-0.490624,0],[117.123391,-0.490391,0],[117.122891,-0.490549,0],[117.122843,-0.491006,0],[117.122635,-0.49099,0],[117.122297,-0.491107,0],[117.121538,-0.491071,0],[117.121001,-0.490814,0],[117.120923,-0.490657,0],[117.120412,-0.49041,0],[117.120138,-0.490348,0],[117.120039,-0.490553,0],[117.120342,-0.490953,0],[117.120664,-0.491205,0],[117.121316,-0.491404,0],[117.12221,-0.491396,0],[117.122658,-0.492624,0],[117.123183,-0.493983,0],[117.123374,-0.49457,0],[117.123529,-0.494988,0],[117.12374,-0.495549,0],[117.124039,-0.496419,0],[117.124384,-0.497307,0],[117.123862,-0.497572,0],[117.122996,-0.49799,0],[117.121988,-0.498494,0],[117.121202,-0.498886,0],[117.120445,-0.499251,0],[117.120052,-0.499448,0],[117.119678,-0.499808,0],[117.119216,-0.50033,0],[117.118827,-0.500744,0],[117.118159,-0.501444,0],[117.117623,-0.502028,0],[117.117355,-0.502348,0],[117.117779,-0.502746,0],[117.118318,-0.503274,0],[117.11899,-0.503898,0],[117.119333,-0.504225,0],[117.120126,-0.504944,0],[117.119603,-0.505647,0],[117.123302,-0.507252,0],[117.125294,-0.504794,0],[117.127474,-0.504058,0],[117.127692,-0.500272,0],[117.127834,-0.50021,0],[117.128036,-0.500167,0],[117.128213,-0.500078,0],[117.128286,-0.500006,0],[117.128354,-0.49988,0],[117.128456,-0.499779,0],[117.128541,-0.499757,0],[117.128673,-0.499751,0],[117.128793,-0.499696,0],[117.128856,-0.499552,0],[117.128951,-0.499414,0],[117.129091,-0.499181,0],[117.129251,-0.498945,0],[117.129408,-0.498659,0],[117.129605,-0.498395,0],[117.129723,-0.498253,0],[117.129843,-0.498,0],[117.129833,-0.497916,0],[117.129766,-0.497431,0],[117.129795,-0.497325,0],[117.129888,-0.497167,0],[117.129945,-0.497108,0],[117.130098,-0.496962,0],[117.130184,-0.496782,0],[117.130233,-0.496688,0],[117.130234,-0.496646,0],[117.130209,-0.496606,0],[117.130189,-0.496568,0],[117.130073,-0.49652,0],[117.129977,-0.496488,0],[117.129842,-0.496462,0],[117.129669,-0.49641,0],[117.129622,-0.496365,0],[117.12949,-0.496308,0],[117.129343,-0.496274,0],[117.1292,-0.496268,0],[117.129114,-0.496269,0],[117.129055,-0.496204,0],[117.128949,-0.496105,0],[117.128898,-0.496049,0],[117.128883,-0.495942,0],[117.128887,-0.495819,0],[117.128912,-0.4957,0],[117.128966,-0.495663,0],[117.129086,-0.495618,0],[117.129226,-0.495591,0],[117.129371,-0.495582,0],[117.129472,-0.495599,0],[117.129602,-0.495568,0],[117.129793,-0.49551,0],[117.129897,-0.495486,0],[117.129976,-0.495476,0],[117.130041,-0.495434,0],[117.13008,-0.495286,0],[117.130101,-0.495038,0],[117.130123,-0.494846,0],[117.130208,-0.494616,0],[117.130259,-0.494466,0],[117.130305,-0.494235,0],[117.13025,-0.493992,0],[117.130189,-0.49381,0],[117.13011,-0.493568,0],[117.130136,-0.493293,0],[117.130138,-0.49309,0],[117.130106,-0.492957,0],[117.130054,-0.492952,0],[117.129822,-0.492977,0],[117.129726,-0.492962,0],[117.129697,-0.492902,0],[117.129696,-0.492831,0],[117.129692,-0.492674,0],[117.129549,-0.492676,0],[117.129397,-0.492699,0],[117.129302,-0.492737,0],[117.129202,-0.492771,0],[117.129046,-0.492728,0],[117.128965,-0.492725,0],[117.128878,-0.492786,0],[117.128809,-0.492856,0],[117.12873,-0.492917,0],[117.128633,-0.492899,0],[117.128542,-0.492788,0],[117.128417,-0.492639,0],[117.128398,-0.492598,0],[117.128411,-0.492558,0],[117.128387,-0.492488,0],[117.128418,-0.492419,0],[117.128329,-0.492337,0],[117.128278,-0.492216,0],[117.128228,-0.492077,0],[117.128245,-0.491984,0],[117.128282,-0.491913,0],[117.128255,-0.491864,0],[117.128195,-0.491844,0],[117.128101,-0.49186,0],[117.127983,-0.491851,0],[117.127777,-0.491837,0],[117.127675,-0.491851,0],[117.127537,-0.491894,0],[117.127384,-0.491931,0],[117.127285,-0.491947,0],[117.1273,-0.492165,0],[117.127322,-0.492343,0],[117.127362,-0.492674,0],[117.127369,-0.492951,0],[117.127137,-0.49298,0],[117.126863,-0.493018,0],[117.126666,-0.493038,0],[117.126403,-0.49303,0],[117.126406,-0.493047,0]]]]}},{"type":"Feature","properties":{"OBJECTID":45838,"KDPPUM":"64","NAMOBJ":"Kelurahan Temindung Permai","REMARK":null,"KDPBPS":null,"FCODE":"BA03070040","LUASWH":null,"UUPP":"Hasil Delineasi Batas Desa 2018","SRS_ID":"SRGI 2013","METADATA":"TASWIL1000020200326DATA_BATAS_DESA_KELURAHAN","KDEBPS":null,"KDEPUM":"64.72.08.1001","KDCBPS":null,"KDCPUM":"64.72.08","KDBBPS":null,"WADMKD":"Kelurahan Temindung Permai","WIADKD":null,"WADMKC":"Sungai Pinang","WIADKC":null,"WADMKK":"Kota Samarinda","WIADKK":null,"WADMPR":"Kalimantan Timur","WIADPR":null,"TIPADM":2,"KDPKAB":"64.72","SHAPE_Leng":0.072792144987276,"SHAPE_Area":0.000128790768498,"visibility":false},"geometry":{"type":"MultiPolygon","coordinates":[[[[117.174466,-0.461676,0],[117.174463,-0.461674,0],[117.174455,-0.461652,0],[117.174314,-0.461251,0],[117.174192,-0.461062,0],[117.174131,-0.460925,0],[117.174035,-0.460819,0],[117.173666,-0.460413,0],[117.173424,-0.460147,0],[117.173414,-0.460161,0],[117.17337,-0.460226,0],[117.173201,-0.460477,0],[117.172756,-0.461136,0],[117.172574,-0.461313,0],[117.172354,-0.461528,0],[117.17231,-0.461571,0],[117.171667,-0.462553,0],[117.171498,-0.46281,0],[117.1706,-0.463438,0],[117.170555,-0.46347,0],[117.169783,-0.464999,0],[117.169517,-0.465305,0],[117.169141,-0.465737,0],[117.16829,-0.467122,0],[117.16802,-0.467529,0],[117.167687,-0.468032,0],[117.167197,-0.468267,0],[117.166233,-0.468731,0],[117.16474,-0.469298,0],[117.164272,-0.469378,0],[117.163666,-0.469482,0],[117.163177,-0.469652,0],[117.162739,-0.469804,0],[117.162487,-0.469891,0],[117.161728,-0.470234,0],[117.160549,-0.470577,0],[117.160168,-0.470489,0],[117.159828,-0.470411,0],[117.159802,-0.470405,0],[117.159609,-0.470474,0],[117.159023,-0.470683,0],[117.158728,-0.470788,0],[117.158585,-0.470742,0],[117.157576,-0.470419,0],[117.157576,-0.470419,0],[117.157573,-0.470421,0],[117.157494,-0.470476,0],[117.157485,-0.470483,0],[117.157021,-0.470975,0],[117.156628,-0.471349,0],[117.15658,-0.471394,0],[117.155781,-0.471658,0],[117.154815,-0.47234,0],[117.154629,-0.472528,0],[117.154039,-0.473175,0],[117.153227,-0.474124,0],[117.152611,-0.474434,0],[117.15252,-0.47448,0],[117.152313,-0.474614,0],[117.151973,-0.474835,0],[117.151931,-0.474862,0],[117.150758,-0.476688,0],[117.149518,-0.478621,0],[117.149502,-0.478644,0],[117.1495,-0.478649,0],[117.149446,-0.478733,0],[117.148985,-0.479612,0],[117.148604,-0.480319,0],[117.148417,-0.480776,0],[117.148322,-0.481008,0],[117.148295,-0.481169,0],[117.148354,-0.4813,0],[117.148503,-0.481422,0],[117.148637,-0.481438,0],[117.149007,-0.481291,0],[117.149389,-0.480981,0],[117.149693,-0.480794,0],[117.149873,-0.480742,0],[117.149956,-0.480737,0],[117.150277,-0.480804,0],[117.150342,-0.48083,0],[117.150388,-0.480849,0],[117.150592,-0.480976,0],[117.150683,-0.481076,0],[117.150813,-0.481267,0],[117.150879,-0.481491,0],[117.15136,-0.481256,0],[117.152297,-0.48069,0],[117.152427,-0.480622,0],[117.153476,-0.480071,0],[117.154787,-0.47929,0],[117.155113,-0.479095,0],[117.156476,-0.478304,0],[117.159134,-0.476721,0],[117.16237,-0.474836,0],[117.164884,-0.473359,0],[117.169062,-0.470919,0],[117.170791,-0.469878,0],[117.172088,-0.467372,0],[117.172363,-0.466278,0],[117.172442,-0.465619,0],[117.172638,-0.464313,0],[117.17307,-0.462731,0],[117.173607,-0.462045,0],[117.174472,-0.461689,0],[117.174466,-0.461676,0]]]]}},{"type":"Feature","properties":{"OBJECTID":47247,"KDPPUM":"64","NAMOBJ":"Kelurahan Gunung Panjang","REMARK":null,"KDPBPS":null,"FCODE":"BA03070040","LUASWH":null,"UUPP":"Data RBI Skala 1:5.000 Tahun 2016","SRS_ID":"SRGI 2013","METADATA":"TASWIL1000020200326DATA_BATAS_DESA_KELURAHAN","KDEBPS":null,"KDEPUM":"64.72.02.1011","KDCBPS":null,"KDCPUM":"64.72.02","KDBBPS":null,"WADMKD":"Kelurahan Gunung Panjang","WIADKD":null,"WADMKC":"Samarinda Seberang","WIADKC":null,"WADMKK":"Kota Samarinda","WIADKK":null,"WADMPR":"Kalimantan Timur","WIADPR":null,"TIPADM":2,"KDPKAB":"64.72","SHAPE_Leng":0.069027966688854,"SHAPE_Area":0.000252426628857,"visibility":false},"geometry":{"type":"MultiPolygon","coordinates":[[[[117.127629,-0.525583,0],[117.127304,-0.525408,0],[117.12719,-0.525357,0],[117.127053,-0.525303,0],[117.126904,-0.52525,0],[117.12679,-0.525219,0],[117.126686,-0.525191,0],[117.126588,-0.525166,0],[117.126468,-0.52514,0],[117.126324,-0.525111,0],[117.126189,-0.52509,0],[117.126021,-0.525072,0],[117.12568,-0.52504,0],[117.125046,-0.524983,0],[117.124291,-0.524914,0],[117.123675,-0.524858,0],[117.123091,-0.524805,0],[117.122811,-0.524784,0],[117.122734,-0.524783,0],[117.122672,-0.524791,0],[117.12254,-0.524824,0],[117.122014,-0.525052,0],[117.121717,-0.525209,0],[117.121216,-0.525486,0],[117.120908,-0.52564,0],[117.120808,-0.525667,0],[117.12075,-0.525671,0],[117.120715,-0.525672,0],[117.120642,-0.525662,0],[117.120543,-0.525637,0],[117.120343,-0.525587,0],[117.119877,-0.525473,0],[117.119576,-0.525403,0],[117.119277,-0.52532,0],[117.118878,-0.525183,0],[117.118475,-0.525023,0],[117.118348,-0.525549,0],[117.118087,-0.526775,0],[117.117768,-0.527885,0],[117.11742,-0.528731,0],[117.116753,-0.529958,0],[117.116202,-0.530833,0],[117.115621,-0.531739,0],[117.115097,-0.532477,0],[117.113435,-0.535855,0],[117.11374,-0.537132,0],[117.113877,-0.537973,0],[117.114059,-0.5391,0],[117.114063,-0.539121,0],[117.114176,-0.539622,0],[117.114233,-0.539872,0],[117.114292,-0.540133,0],[117.114324,-0.540275,0],[117.114404,-0.5407,0],[117.114479,-0.541108,0],[117.114512,-0.541239,0],[117.114614,-0.541638,0],[117.114657,-0.541808,0],[117.114637,-0.541932,0],[117.114597,-0.542176,0],[117.114514,-0.542605,0],[117.114498,-0.542799,0],[117.11449,-0.54289,0],[117.114503,-0.54295,0],[117.11455,-0.543164,0],[117.114641,-0.543404,0],[117.114645,-0.543414,0],[117.114835,-0.54358,0],[117.114972,-0.54358,0],[117.115061,-0.54358,0],[117.115098,-0.543579,0],[117.115124,-0.543577,0],[117.11514,-0.543577,0],[117.115311,-0.543568,0],[117.115775,-0.543461,0],[117.115994,-0.543449,0],[117.116095,-0.543533,0],[117.116178,-0.543735,0],[117.11633,-0.544085,0],[117.116375,-0.544187,0],[117.116984,-0.546024,0],[117.117112,-0.546418,0],[117.11726,-0.546871,0],[117.117336,-0.547003,0],[117.117358,-0.547041,0],[117.117402,-0.547119,0],[117.117498,-0.547223,0],[117.117547,-0.547256,0],[117.117745,-0.547385,0],[117.118269,-0.547604,0],[117.118531,-0.547721,0],[117.118727,-0.547808,0],[117.119149,-0.548086,0],[117.119189,-0.548111,0],[117.119279,-0.548167,0],[117.119379,-0.54823,0],[117.119471,-0.548288,0],[117.119478,-0.548293,0],[117.11957,-0.548348,0],[117.119662,-0.548403,0],[117.119793,-0.548483,0],[117.119869,-0.548532,0],[117.119945,-0.548582,0],[117.120039,-0.54864,0],[117.120133,-0.548699,0],[117.120237,-0.54876,0],[117.12032,-0.54881,0],[117.12034,-0.548822,0],[117.120409,-0.548863,0],[117.12043,-0.54878,0],[117.120442,-0.548709,0],[117.120459,-0.548636,0],[117.120465,-0.548608,0],[117.120488,-0.548506,0],[117.120502,-0.548466,0],[117.120515,-0.548432,0],[117.120544,-0.548365,0],[117.120555,-0.548341,0],[117.120595,-0.548251,0],[117.120653,-0.548127,0],[117.120702,-0.548035,0],[117.120751,-0.547942,0],[117.120792,-0.54783,0],[117.120822,-0.547747,0],[117.120826,-0.547741,0],[117.120832,-0.547738,0],[117.120838,-0.547737,0],[117.120861,-0.547734,0],[117.120912,-0.547728,0],[117.120916,-0.547726,0],[117.120928,-0.547711,0],[117.12094,-0.547685,0],[117.120964,-0.547623,0],[117.12098,-0.547587,0],[117.120984,-0.547578,0],[117.121022,-0.547491,0],[117.121053,-0.54742,0],[117.121056,-0.547417,0],[117.121058,-0.547415,0],[117.12106,-0.547415,0],[117.121111,-0.547444,0],[117.121124,-0.547452,0],[117.121126,-0.547455,0],[117.121128,-0.547457,0],[117.121128,-0.547459,0],[117.121127,-0.547463,0],[117.121111,-0.547492,0],[117.12111,-0.547496,0],[117.12111,-0.547499,0],[117.121111,-0.547502,0],[117.121114,-0.547507,0],[117.121181,-0.547563,0],[117.121235,-0.547601,0],[117.121238,-0.547601,0],[117.121241,-0.547601,0],[117.121244,-0.5476,0],[117.121261,-0.547579,0],[117.121268,-0.547566,0],[117.121273,-0.547556,0],[117.121278,-0.547548,0],[117.12129,-0.547507,0],[117.121292,-0.547502,0],[117.121295,-0.547496,0],[117.121299,-0.547489,0],[117.121329,-0.547441,0],[117.121336,-0.547433,0],[117.121338,-0.547431,0],[117.121343,-0.547431,0],[117.121347,-0.547431,0],[117.121365,-0.54744,0],[117.121367,-0.547441,0],[117.121369,-0.54744,0],[117.121373,-0.547437,0],[117.121379,-0.547429,0],[117.121389,-0.547416,0],[117.121401,-0.547401,0],[117.121426,-0.54737,0],[117.121483,-0.5473,0],[117.121547,-0.547217,0],[117.121604,-0.547145,0],[117.121622,-0.547122,0],[117.121637,-0.547102,0],[117.121646,-0.547091,0],[117.121655,-0.547079,0],[117.121703,-0.547017,0],[117.121726,-0.546982,0],[117.121727,-0.546981,0],[117.121732,-0.54697,0],[117.121735,-0.546958,0],[117.121737,-0.546951,0],[117.121738,-0.546939,0],[117.121741,-0.546925,0],[117.121746,-0.54691,0],[117.12175,-0.546901,0],[117.121756,-0.546889,0],[117.121767,-0.546875,0],[117.121794,-0.546843,0],[117.121796,-0.54684,0],[117.121797,-0.546837,0],[117.121797,-0.546835,0],[117.121797,-0.546832,0],[117.121793,-0.54682,0],[117.12177,-0.546801,0],[117.121763,-0.546795,0],[117.121762,-0.546792,0],[117.121759,-0.546784,0],[117.121756,-0.546774,0],[117.121755,-0.546772,0],[117.121753,-0.546761,0],[117.121753,-0.546747,0],[117.121753,-0.546737,0],[117.121763,-0.546707,0],[117.121785,-0.546651,0],[117.121795,-0.546612,0],[117.121802,-0.546578,0],[117.121802,-0.546574,0],[117.121805,-0.546557,0],[117.12181,-0.546534,0],[117.121817,-0.546505,0],[117.121823,-0.54649,0],[117.121827,-0.546479,0],[117.121838,-0.546456,0],[117.121855,-0.546418,0],[117.121863,-0.546394,0],[117.121866,-0.546382,0],[117.121866,-0.54637,0],[117.121869,-0.546337,0],[117.121884,-0.546157,0],[117.121931,-0.545749,0],[117.121978,-0.545408,0],[117.122025,-0.545141,0],[117.12215,-0.544827,0],[117.122348,-0.544492,0],[117.12254,-0.544247,0],[117.122651,-0.544083,0],[117.122742,-0.5439,0],[117.122789,-0.543758,0],[117.122821,-0.543616,0],[117.122846,-0.543522,0],[117.122877,-0.543401,0],[117.122922,-0.543276,0],[117.122929,-0.543255,0],[117.122933,-0.543231,0],[117.122935,-0.543195,0],[117.122928,-0.543156,0],[117.122915,-0.543086,0],[117.122875,-0.542961,0],[117.122864,-0.542934,0],[117.122846,-0.542895,0],[117.122824,-0.542865,0],[117.122811,-0.542845,0],[117.122795,-0.542819,0],[117.122718,-0.542649,0],[117.122705,-0.542619,0],[117.122698,-0.542603,0],[117.122695,-0.542595,0],[117.122693,-0.542583,0],[117.122692,-0.542568,0],[117.122692,-0.542546,0],[117.122693,-0.54253,0],[117.122692,-0.542519,0],[117.12269,-0.542503,0],[117.122687,-0.542491,0],[117.12268,-0.542473,0],[117.122661,-0.542437,0],[117.122655,-0.542426,0],[117.122654,-0.542419,0],[117.122653,-0.542408,0],[117.122653,-0.542395,0],[117.122653,-0.542382,0],[117.122654,-0.542366,0],[117.122655,-0.542339,0],[117.122656,-0.542312,0],[117.122657,-0.542298,0],[117.122656,-0.542283,0],[117.122655,-0.542269,0],[117.122654,-0.542253,0],[117.122653,-0.542239,0],[117.122651,-0.542231,0],[117.122648,-0.542219,0],[117.122642,-0.542208,0],[117.122612,-0.542156,0],[117.122557,-0.542069,0],[117.122509,-0.541999,0],[117.122506,-0.54199,0],[117.122504,-0.541982,0],[117.122504,-0.541969,0],[117.122502,-0.541895,0],[117.122498,-0.541795,0],[117.122493,-0.541667,0],[117.122492,-0.541625,0],[117.122494,-0.541592,0],[117.122499,-0.541571,0],[117.12251,-0.541545,0],[117.122523,-0.541525,0],[117.12254,-0.541505,0],[117.122556,-0.541493,0],[117.122572,-0.541485,0],[117.122588,-0.541483,0],[117.12261,-0.541483,0],[117.122656,-0.541486,0],[117.12283,-0.541503,0],[117.122964,-0.541511,0],[117.123142,-0.541525,0],[117.123157,-0.541524,0],[117.123162,-0.541521,0],[117.123169,-0.541441,0],[117.12317,-0.541415,0],[117.123169,-0.541402,0],[117.123166,-0.541397,0],[117.123159,-0.541395,0],[117.12315,-0.541392,0],[117.123145,-0.541387,0],[117.123145,-0.541368,0],[117.123167,-0.541244,0],[117.12319,-0.541164,0],[117.123204,-0.541136,0],[117.123308,-0.540919,0],[117.123376,-0.540795,0],[117.123532,-0.540551,0],[117.123683,-0.540372,0],[117.123926,-0.540252,0],[117.124217,-0.54016,0],[117.124304,-0.54013,0],[117.132216,-0.530121,0],[117.132304,-0.529959,0],[117.132191,-0.529723,0],[117.131871,-0.529042,0],[117.131714,-0.528706,0],[117.131594,-0.528459,0],[117.131561,-0.52839,0],[117.131484,-0.528229,0],[117.131381,-0.528032,0],[117.131327,-0.527948,0],[117.131241,-0.527843,0],[117.131164,-0.527762,0],[117.131097,-0.527697,0],[117.131022,-0.527637,0],[117.130812,-0.527496,0],[117.130419,-0.527252,0],[117.129793,-0.526857,0],[117.129602,-0.526729,0],[117.129273,-0.526505,0],[117.129136,-0.526412,0],[117.129003,-0.526333,0],[117.12889,-0.52627,0],[117.12877,-0.526204,0],[117.128099,-0.525848,0],[117.127629,-0.525583,0]]]]}},{"type":"Feature","properties":{"OBJECTID":47248,"KDPPUM":"64","NAMOBJ":"Kelurahan Mangkupalas","REMARK":null,"KDPBPS":null,"FCODE":"BA03070040","LUASWH":null,"UUPP":"Data RBI Skala 1:5.000 Tahun 2016","SRS_ID":"SRGI 2013","METADATA":"TASWIL1000020200326DATA_BATAS_DESA_KELURAHAN","KDEBPS":null,"KDEPUM":"64.72.02.1009","KDCBPS":null,"KDCPUM":"64.72.02","KDBBPS":null,"WADMKD":"Kelurahan Mangkupalas","WIADKD":null,"WADMKC":"Samarinda Seberang","WIADKC":null,"WADMKK":"Kota Samarinda","WIADKK":null,"WADMPR":"Kalimantan Timur","WIADPR":null,"TIPADM":2,"KDPKAB":"64.72","SHAPE_Leng":0.055536010955305,"SHAPE_Area":0.000108363048612,"visibility":false},"geometry":{"type":"MultiPolygon","coordinates":[[[[117.149839,-0.525271,0],[117.149749,-0.525022,0],[117.149658,-0.524773,0],[117.149651,-0.524755,0],[117.149552,-0.524495,0],[117.149541,-0.524464,0],[117.149482,-0.524306,0],[117.149455,-0.524233,0],[117.149368,-0.524004,0],[117.149355,-0.52397,0],[117.14925,-0.523688,0],[117.149239,-0.523657,0],[117.149239,-0.523657,0],[117.149132,-0.523364,0],[117.149095,-0.52326,0],[117.149041,-0.523112,0],[117.149024,-0.523066,0],[117.14894,-0.522851,0],[117.148909,-0.522768,0],[117.148843,-0.52259,0],[117.148794,-0.522457,0],[117.148746,-0.522327,0],[117.148698,-0.522195,0],[117.148645,-0.522056,0],[117.148599,-0.521933,0],[117.148483,-0.521628,0],[117.148381,-0.521364,0],[117.148277,-0.521092,0],[117.148188,-0.520833,0],[117.148186,-0.520828,0],[117.148184,-0.520821,0],[117.148119,-0.52065,0],[117.148074,-0.520526,0],[117.148014,-0.520367,0],[117.147965,-0.52023,0],[117.147904,-0.520066,0],[117.14788,-0.520001,0],[117.147869,-0.519969,0],[117.147856,-0.519919,0],[117.147844,-0.519872,0],[117.147828,-0.519782,0],[117.147808,-0.519676,0],[117.147785,-0.519593,0],[117.147706,-0.51935,0],[117.147613,-0.519104,0],[117.147594,-0.519049,0],[117.147535,-0.518877,0],[117.147505,-0.518772,0],[117.147469,-0.518649,0],[117.147437,-0.51853,0],[117.147418,-0.518461,0],[117.147411,-0.518432,0],[117.147264,-0.518496,0],[117.146997,-0.518613,0],[117.146852,-0.518675,0],[117.14672,-0.518734,0],[117.146601,-0.51878,0],[117.146483,-0.518826,0],[117.14636,-0.518875,0],[117.146317,-0.518891,0],[117.146311,-0.518893,0],[117.146301,-0.518897,0],[117.14629,-0.518901,0],[117.146277,-0.518906,0],[117.146276,-0.518906,0],[117.14625,-0.518913,0],[117.146211,-0.518929,0],[117.146217,-0.518942,0],[117.146871,-0.520473,0],[117.147508,-0.521966,0],[117.147525,-0.522004,0],[117.144886,-0.525534,0],[117.145211,-0.525862,0],[117.145387,-0.526642,0],[117.145405,-0.526724,0],[117.145411,-0.52675,0],[117.145431,-0.52684,0],[117.145205,-0.526923,0],[117.145207,-0.526928,0],[117.145412,-0.527531,0],[117.145493,-0.52777,0],[117.145569,-0.527994,0],[117.145776,-0.529013,0],[117.145808,-0.529045,0],[117.145873,-0.529091,0],[117.145957,-0.529146,0],[117.146032,-0.529184,0],[117.14611,-0.529216,0],[117.146179,-0.529237,0],[117.146238,-0.529254,0],[117.146291,-0.52927,0],[117.146372,-0.529298,0],[117.146453,-0.529333,0],[117.146504,-0.52937,0],[117.146543,-0.529428,0],[117.146578,-0.529503,0],[117.146617,-0.529585,0],[117.14665,-0.529722,0],[117.146668,-0.529869,0],[117.146681,-0.529977,0],[117.146699,-0.530073,0],[117.146709,-0.530167,0],[117.146723,-0.530208,0],[117.146765,-0.530265,0],[117.14683,-0.530336,0],[117.146892,-0.530385,0],[117.147008,-0.530476,0],[117.146994,-0.530518,0],[117.146985,-0.530579,0],[117.146965,-0.530652,0],[117.146953,-0.530696,0],[117.146941,-0.530737,0],[117.146924,-0.530792,0],[117.14689,-0.530872,0],[117.146839,-0.530955,0],[117.146804,-0.531038,0],[117.146749,-0.531169,0],[117.146677,-0.531295,0],[117.14663,-0.531383,0],[117.146582,-0.53145,0],[117.146528,-0.531506,0],[117.146493,-0.53154,0],[117.14645,-0.531575,0],[117.14642,-0.531597,0],[117.146179,-0.531886,0],[117.146751,-0.537115,0],[117.147208,-0.537129,0],[117.147601,-0.536651,0],[117.147815,-0.536437,0],[117.147965,-0.536052,0],[117.148823,-0.535149,0],[117.15132,-0.534474,0],[117.156038,-0.534838,0],[117.157347,-0.533595,0],[117.158147,-0.53286,0],[117.157734,-0.532453,0],[117.157284,-0.532009,0],[117.156904,-0.531635,0],[117.156587,-0.531188,0],[117.156271,-0.530762,0],[117.155799,-0.530349,0],[117.155283,-0.529674,0],[117.154872,-0.529155,0],[117.154457,-0.528249,0],[117.154232,-0.527592,0],[117.154149,-0.527231,0],[117.153992,-0.526538,0],[117.153894,-0.525854,0],[117.15388,-0.525754,0],[117.153877,-0.525727,0],[117.153829,-0.525227,0],[117.15177,-0.52513,0],[117.151765,-0.52513,0],[117.151558,-0.525128,0],[117.151359,-0.525121,0],[117.15133,-0.525123,0],[117.151286,-0.525128,0],[117.151014,-0.525155,0],[117.15066,-0.525203,0],[117.150404,-0.525235,0],[117.150265,-0.525254,0],[117.150011,-0.525289,0],[117.149851,-0.525304,0],[117.149839,-0.525271,0]]]]}},{"type":"Feature","properties":{"OBJECTID":47249,"KDPPUM":"64","NAMOBJ":"Kelurahan Mesjid","REMARK":null,"KDPBPS":null,"FCODE":"BA03070040","LUASWH":null,"UUPP":"Data RBI Skala 1:5.000 Tahun 2016","SRS_ID":"SRGI 2013","METADATA":"TASWIL1000020200326DATA_BATAS_DESA_KELURAHAN","KDEBPS":null,"KDEPUM":"64.72.02.1003","KDCBPS":null,"KDCPUM":"64.72.02","KDBBPS":null,"WADMKD":"Kelurahan Mesjid","WIADKD":null,"WADMKC":"Samarinda Seberang","WIADKC":null,"WADMKK":"Kota Samarinda","WIADKK":null,"WADMPR":"Kalimantan Timur","WIADPR":null,"TIPADM":2,"KDPKAB":"64.72","SHAPE_Leng":0.037358703441965,"SHAPE_Area":0.000079220850683,"visibility":false},"geometry":{"type":"MultiPolygon","coordinates":[[[[117.154578,-0.512561,0],[117.154472,-0.512363,0],[117.154351,-0.512199,0],[117.154243,-0.512058,0],[117.154114,-0.511919,0],[117.153773,-0.511566,0],[117.153242,-0.511092,0],[117.150927,-0.51328,0],[117.150682,-0.513502,0],[117.150738,-0.513553,0],[117.150695,-0.513595,0],[117.150564,-0.513717,0],[117.150253,-0.513996,0],[117.150116,-0.514113,0],[117.149924,-0.51423,0],[117.149755,-0.514325,0],[117.14942,-0.514507,0],[117.148857,-0.514872,0],[117.148481,-0.515059,0],[117.148315,-0.515146,0],[117.148232,-0.515185,0],[117.1481,-0.515243,0],[117.148038,-0.51527,0],[117.147809,-0.515371,0],[117.147679,-0.515425,0],[117.147532,-0.515494,0],[117.14726,-0.515611,0],[117.147127,-0.515672,0],[117.14727,-0.516168,0],[117.14731,-0.516291,0],[117.147351,-0.516408,0],[117.147377,-0.516483,0],[117.14717,-0.516565,0],[117.147197,-0.516634,0],[117.147038,-0.516699,0],[117.147044,-0.516717,0],[117.147075,-0.516818,0],[117.147102,-0.516922,0],[117.147126,-0.517001,0],[117.147163,-0.517108,0],[117.147205,-0.517241,0],[117.147239,-0.51736,0],[117.147279,-0.51749,0],[117.147332,-0.517655,0],[117.147377,-0.517816,0],[117.147432,-0.517992,0],[117.147472,-0.518123,0],[117.147512,-0.518263,0],[117.147523,-0.518295,0],[117.147526,-0.518302,0],[117.147529,-0.518313,0],[117.147533,-0.518324,0],[117.147534,-0.518328,0],[117.14754,-0.518343,0],[117.147549,-0.518369,0],[117.147411,-0.518432,0],[117.147418,-0.518461,0],[117.147437,-0.51853,0],[117.147469,-0.518649,0],[117.147505,-0.518772,0],[117.147535,-0.518877,0],[117.147594,-0.519049,0],[117.147613,-0.519104,0],[117.147706,-0.51935,0],[117.147785,-0.519593,0],[117.147808,-0.519676,0],[117.147828,-0.519782,0],[117.147844,-0.519872,0],[117.147856,-0.519919,0],[117.147869,-0.519969,0],[117.14788,-0.520001,0],[117.147904,-0.520066,0],[117.147965,-0.52023,0],[117.148014,-0.520367,0],[117.148074,-0.520526,0],[117.148119,-0.52065,0],[117.148184,-0.520821,0],[117.148186,-0.520828,0],[117.148188,-0.520833,0],[117.148277,-0.521092,0],[117.148381,-0.521364,0],[117.148483,-0.521628,0],[117.148599,-0.521933,0],[117.148645,-0.522056,0],[117.148698,-0.522195,0],[117.148746,-0.522327,0],[117.148794,-0.522457,0],[117.148843,-0.52259,0],[117.148909,-0.522768,0],[117.14894,-0.522851,0],[117.149024,-0.523066,0],[117.149041,-0.523112,0],[117.149095,-0.52326,0],[117.149132,-0.523364,0],[117.149239,-0.523657,0],[117.149239,-0.523657,0],[117.14925,-0.523688,0],[117.149355,-0.52397,0],[117.149368,-0.524004,0],[117.149455,-0.524233,0],[117.149482,-0.524306,0],[117.149541,-0.524464,0],[117.149552,-0.524495,0],[117.149651,-0.524755,0],[117.149658,-0.524773,0],[117.149749,-0.525022,0],[117.149839,-0.525271,0],[117.149851,-0.525304,0],[117.150011,-0.525289,0],[117.150265,-0.525254,0],[117.150404,-0.525235,0],[117.15066,-0.525203,0],[117.151014,-0.525155,0],[117.151286,-0.525128,0],[117.15133,-0.525123,0],[117.151359,-0.525121,0],[117.151558,-0.525128,0],[117.151765,-0.52513,0],[117.15177,-0.52513,0],[117.153829,-0.525227,0],[117.153786,-0.524775,0],[117.153748,-0.524325,0],[117.153758,-0.523728,0],[117.153805,-0.523003,0],[117.153818,-0.522884,0],[117.153883,-0.522254,0],[117.1541,-0.521558,0],[117.154183,-0.521293,0],[117.154353,-0.520833,0],[117.154424,-0.520685,0],[117.154509,-0.520527,0],[117.154687,-0.520142,0],[117.154754,-0.520007,0],[117.15483,-0.519825,0],[117.154894,-0.519642,0],[117.154935,-0.519505,0],[117.154995,-0.519342,0],[117.155038,-0.5192,0],[117.155109,-0.518915,0],[117.155183,-0.518603,0],[117.155263,-0.518217,0],[117.155312,-0.51788,0],[117.155322,-0.51771,0],[117.155358,-0.517082,0],[117.155367,-0.516614,0],[117.155372,-0.516169,0],[117.155366,-0.515753,0],[117.155342,-0.515414,0],[117.155317,-0.515066,0],[117.155261,-0.514692,0],[117.155215,-0.514462,0],[117.155164,-0.514207,0],[117.155112,-0.513968,0],[117.155055,-0.51374,0],[117.154947,-0.513387,0],[117.154828,-0.513082,0],[117.154711,-0.512819,0],[117.154578,-0.512561,0]]]]}},{"type":"Feature","properties":{"OBJECTID":47250,"KDPPUM":"64","NAMOBJ":"Kelurahan Tenun Samarinda","REMARK":null,"KDPBPS":null,"FCODE":"BA03070040","LUASWH":null,"UUPP":"Data RBI Skala 1:5.000 Tahun 2016","SRS_ID":"SRGI 2013","METADATA":"TASWIL1000020200326DATA_BATAS_DESA_KELURAHAN","KDEBPS":null,"KDEPUM":"64.72.02.1010","KDCBPS":null,"KDCPUM":"64.72.02","KDBBPS":null,"WADMKD":"Kelurahan Tenun Samarinda","WIADKD":null,"WADMKC":"Samarinda Seberang","WIADKC":null,"WADMKK":"Kota Samarinda","WIADKK":null,"WADMPR":"Kalimantan Timur","WIADPR":null,"TIPADM":2,"KDPKAB":"64.72","SHAPE_Leng":0.029749995009746,"SHAPE_Area":0.000036695892839,"visibility":false},"geometry":{"type":"MultiPolygon","coordinates":[[[[117.151158,-0.509285,0],[117.150787,-0.509057,0],[117.150249,-0.508746,0],[117.14985,-0.508534,0],[117.149409,-0.508304,0],[117.147776,-0.510647,0],[117.147762,-0.510666,0],[117.147733,-0.510715,0],[117.147703,-0.510763,0],[117.147671,-0.510814,0],[117.147642,-0.510868,0],[117.147602,-0.510934,0],[117.147554,-0.511016,0],[117.147506,-0.5111,0],[117.147505,-0.511102,0],[117.147491,-0.511121,0],[117.147477,-0.511142,0],[117.147456,-0.511172,0],[117.147416,-0.511227,0],[117.14737,-0.511281,0],[117.147319,-0.511343,0],[117.147248,-0.511433,0],[117.147186,-0.511507,0],[117.14712,-0.511587,0],[117.147046,-0.511678,0],[117.146998,-0.511736,0],[117.146927,-0.511817,0],[117.14682,-0.511935,0],[117.146812,-0.511944,0],[117.146799,-0.511959,0],[117.146737,-0.512034,0],[117.146736,-0.512034,0],[117.146702,-0.512075,0],[117.146664,-0.512119,0],[117.146601,-0.512197,0],[117.146589,-0.512212,0],[117.146558,-0.512249,0],[117.146544,-0.512266,0],[117.146539,-0.512272,0],[117.146521,-0.512294,0],[117.146505,-0.512312,0],[117.146469,-0.512357,0],[117.146456,-0.512372,0],[117.146408,-0.512431,0],[117.146401,-0.512438,0],[117.146359,-0.512489,0],[117.146351,-0.512499,0],[117.146329,-0.512525,0],[117.146293,-0.512569,0],[117.146257,-0.512612,0],[117.146228,-0.512646,0],[117.146188,-0.512695,0],[117.146173,-0.512713,0],[117.146121,-0.512774,0],[117.14612,-0.512775,0],[117.146106,-0.512792,0],[117.146065,-0.512839,0],[117.146013,-0.5129,0],[117.145998,-0.512918,0],[117.145939,-0.512991,0],[117.145888,-0.513052,0],[117.145872,-0.513071,0],[117.145833,-0.513121,0],[117.145788,-0.513171,0],[117.145768,-0.513194,0],[117.145741,-0.513224,0],[117.145689,-0.513281,0],[117.145661,-0.513312,0],[117.14566,-0.513313,0],[117.14561,-0.513368,0],[117.145582,-0.513398,0],[117.145564,-0.513418,0],[117.145458,-0.513536,0],[117.145412,-0.513585,0],[117.145399,-0.513598,0],[117.145387,-0.513611,0],[117.145315,-0.513688,0],[117.14522,-0.513794,0],[117.14515,-0.513873,0],[117.145096,-0.513933,0],[117.145016,-0.514033,0],[117.14498,-0.514076,0],[117.14497,-0.514087,0],[117.144962,-0.514097,0],[117.144932,-0.514132,0],[117.144861,-0.514218,0],[117.1448,-0.514294,0],[117.14478,-0.514319,0],[117.144728,-0.514385,0],[117.14466,-0.51447,0],[117.144598,-0.514545,0],[117.144578,-0.514568,0],[117.144557,-0.514589,0],[117.14453,-0.51461,0],[117.144501,-0.514637,0],[117.144494,-0.514644,0],[117.144507,-0.514681,0],[117.144511,-0.514692,0],[117.144526,-0.514729,0],[117.144542,-0.514769,0],[117.144565,-0.514819,0],[117.144598,-0.514882,0],[117.144632,-0.51494,0],[117.144652,-0.514982,0],[117.14468,-0.51505,0],[117.144732,-0.5152,0],[117.144842,-0.515505,0],[117.144852,-0.515533,0],[117.144903,-0.515669,0],[117.144942,-0.515773,0],[117.145019,-0.515973,0],[117.145115,-0.516208,0],[117.145126,-0.516233,0],[117.145221,-0.516462,0],[117.145249,-0.51653,0],[117.145313,-0.516683,0],[117.145374,-0.516827,0],[117.145427,-0.516955,0],[117.14549,-0.517108,0],[117.145519,-0.517177,0],[117.145562,-0.517283,0],[117.145602,-0.517382,0],[117.145625,-0.517437,0],[117.145636,-0.517465,0],[117.145642,-0.51748,0],[117.145676,-0.517674,0],[117.145683,-0.51769,0],[117.146211,-0.518929,0],[117.14625,-0.518913,0],[117.146276,-0.518906,0],[117.146277,-0.518906,0],[117.14629,-0.518901,0],[117.146301,-0.518897,0],[117.146311,-0.518893,0],[117.146317,-0.518891,0],[117.14636,-0.518875,0],[117.146483,-0.518826,0],[117.146601,-0.51878,0],[117.14672,-0.518734,0],[117.146852,-0.518675,0],[117.146997,-0.518613,0],[117.147264,-0.518496,0],[117.147411,-0.518432,0],[117.147549,-0.518369,0],[117.14754,-0.518343,0],[117.147534,-0.518328,0],[117.147533,-0.518324,0],[117.147529,-0.518313,0],[117.147526,-0.518302,0],[117.147523,-0.518295,0],[117.147512,-0.518263,0],[117.147472,-0.518123,0],[117.147432,-0.517992,0],[117.147377,-0.517816,0],[117.147332,-0.517655,0],[117.147279,-0.51749,0],[117.147239,-0.51736,0],[117.147205,-0.517241,0],[117.147163,-0.517108,0],[117.147126,-0.517001,0],[117.147102,-0.516922,0],[117.147075,-0.516818,0],[117.147044,-0.516717,0],[117.147038,-0.516699,0],[117.147197,-0.516634,0],[117.14717,-0.516565,0],[117.147377,-0.516483,0],[117.147351,-0.516408,0],[117.14731,-0.516291,0],[117.14727,-0.516168,0],[117.147127,-0.515672,0],[117.14726,-0.515611,0],[117.147532,-0.515494,0],[117.147679,-0.515425,0],[117.147809,-0.515371,0],[117.148038,-0.51527,0],[117.1481,-0.515243,0],[117.148232,-0.515185,0],[117.148315,-0.515146,0],[117.148481,-0.515059,0],[117.148857,-0.514872,0],[117.14942,-0.514507,0],[117.149755,-0.514325,0],[117.149924,-0.51423,0],[117.150116,-0.514113,0],[117.150253,-0.513996,0],[117.150564,-0.513717,0],[117.150695,-0.513595,0],[117.150738,-0.513553,0],[117.150682,-0.513502,0],[117.150927,-0.51328,0],[117.153242,-0.511092,0],[117.152893,-0.51076,0],[117.152368,-0.510273,0],[117.151943,-0.509887,0],[117.151533,-0.509568,0],[117.151158,-0.509285,0]]]]}},{"type":"Feature","properties":{"OBJECTID":47251,"KDPPUM":"64","NAMOBJ":"Kelurahan Selili","REMARK":null,"KDPBPS":null,"FCODE":"BA03070040","LUASWH":null,"UUPP":"Data RBI Skala 1:5.000 Tahun 2016","SRS_ID":"SRGI 2013","METADATA":"TASWIL1000020200326DATA_BATAS_DESA_KELURAHAN","KDEBPS":null,"KDEPUM":"64.72.04.1001","KDCBPS":null,"KDCPUM":"64.72.04","KDBBPS":null,"WADMKD":"Kelurahan Selili","WIADKD":null,"WADMKC":"Samarinda Ilir","WIADKC":null,"WADMKK":"Kota Samarinda","WIADKK":null,"WADMPR":"Kalimantan Timur","WIADPR":null,"TIPADM":2,"KDPKAB":"64.72","SHAPE_Leng":0.063782943037511,"SHAPE_Area":0.000167081471775,"visibility":false},"geometry":{"type":"MultiPolygon","coordinates":[[[[117.159115,-0.508665,0],[117.158922,-0.508452,0],[117.158661,-0.508177,0],[117.158635,-0.508204,0],[117.158577,-0.508255,0],[117.158513,-0.508307,0],[117.158389,-0.50841,0],[117.158259,-0.508516,0],[117.158189,-0.508569,0],[117.15813,-0.50861,0],[117.158101,-0.508626,0],[117.158078,-0.508634,0],[117.158049,-0.508639,0],[117.15799,-0.508641,0],[117.15783,-0.508646,0],[117.15775,-0.508651,0],[117.157647,-0.508664,0],[117.157497,-0.508686,0],[117.157438,-0.508692,0],[117.157402,-0.508693,0],[117.157357,-0.508691,0],[117.157312,-0.508684,0],[117.15726,-0.508675,0],[117.15721,-0.50866,0],[117.15716,-0.508639,0],[117.157127,-0.508622,0],[117.157078,-0.50859,0],[117.157018,-0.508549,0],[117.156977,-0.508517,0],[117.156971,-0.508513,0],[117.156941,-0.50849,0],[117.156791,-0.508377,0],[117.156775,-0.508398,0],[117.156766,-0.50841,0],[117.156726,-0.508463,0],[117.156626,-0.508595,0],[117.156574,-0.508685,0],[117.156519,-0.508794,0],[117.156448,-0.508944,0],[117.156376,-0.509156,0],[117.156294,-0.50937,0],[117.156215,-0.509598,0],[117.154578,-0.512561,0],[117.154711,-0.512819,0],[117.154828,-0.513082,0],[117.154947,-0.513387,0],[117.155055,-0.51374,0],[117.155112,-0.513968,0],[117.155164,-0.514207,0],[117.155215,-0.514462,0],[117.155261,-0.514692,0],[117.155317,-0.515066,0],[117.155342,-0.515414,0],[117.155366,-0.515753,0],[117.155372,-0.516169,0],[117.155367,-0.516614,0],[117.155358,-0.517082,0],[117.155322,-0.51771,0],[117.155312,-0.51788,0],[117.155263,-0.518217,0],[117.155183,-0.518603,0],[117.155109,-0.518915,0],[117.155038,-0.5192,0],[117.154995,-0.519342,0],[117.154935,-0.519505,0],[117.154894,-0.519642,0],[117.15483,-0.519825,0],[117.154754,-0.520007,0],[117.154687,-0.520142,0],[117.154509,-0.520527,0],[117.154424,-0.520685,0],[117.154353,-0.520833,0],[117.154183,-0.521293,0],[117.1541,-0.521558,0],[117.153883,-0.522254,0],[117.153818,-0.522884,0],[117.153805,-0.523003,0],[117.153758,-0.523728,0],[117.153748,-0.524325,0],[117.153786,-0.524775,0],[117.153829,-0.525227,0],[117.153877,-0.525727,0],[117.15388,-0.525754,0],[117.153894,-0.525854,0],[117.153992,-0.526538,0],[117.154149,-0.527231,0],[117.154232,-0.527592,0],[117.154457,-0.528249,0],[117.154872,-0.529155,0],[117.155283,-0.529674,0],[117.155799,-0.530349,0],[117.156271,-0.530762,0],[117.156587,-0.531188,0],[117.156904,-0.531635,0],[117.157284,-0.532009,0],[117.157725,-0.531438,0],[117.157427,-0.531101,0],[117.158101,-0.530519,0],[117.158881,-0.529845,0],[117.159105,-0.529651,0],[117.159402,-0.529268,0],[117.159486,-0.529159,0],[117.159534,-0.529096,0],[117.159549,-0.529065,0],[117.15955,-0.529063,0],[117.159551,-0.529062,0],[117.159554,-0.529042,0],[117.159591,-0.528952,0],[117.159628,-0.528895,0],[117.159677,-0.528858,0],[117.1597,-0.528853,0],[117.159727,-0.528839,0],[117.159781,-0.528831,0],[117.159847,-0.528829,0],[117.159913,-0.528825,0],[117.159962,-0.528817,0],[117.15999,-0.528779,0],[117.159993,-0.528736,0],[117.159992,-0.528732,0],[117.159964,-0.52869,0],[117.159896,-0.528637,0],[117.159819,-0.528587,0],[117.159817,-0.528586,0],[117.159813,-0.528584,0],[117.159775,-0.528539,0],[117.159757,-0.528497,0],[117.159744,-0.528456,0],[117.159763,-0.528427,0],[117.159763,-0.528421,0],[117.159785,-0.528398,0],[117.159815,-0.52838,0],[117.159833,-0.52837,0],[117.159893,-0.52835,0],[117.159968,-0.528334,0],[117.160032,-0.528315,0],[117.160093,-0.528279,0],[117.160152,-0.528225,0],[117.160184,-0.528174,0],[117.160224,-0.528083,0],[117.160238,-0.528005,0],[117.160235,-0.527947,0],[117.160221,-0.5279,0],[117.160192,-0.52786,0],[117.160137,-0.527829,0],[117.160069,-0.527801,0],[117.16001,-0.527792,0],[117.159934,-0.527792,0],[117.159854,-0.527796,0],[117.159774,-0.527793,0],[117.159724,-0.527783,0],[117.159693,-0.527758,0],[117.15969,-0.527754,0],[117.159662,-0.527723,0],[117.159634,-0.52768,0],[117.159623,-0.527646,0],[117.159626,-0.527567,0],[117.159637,-0.527511,0],[117.159672,-0.527424,0],[117.159712,-0.527334,0],[117.159767,-0.527231,0],[117.159774,-0.52711,0],[117.159771,-0.52703,0],[117.159776,-0.526978,0],[117.159804,-0.526933,0],[117.159831,-0.526918,0],[117.159914,-0.526898,0],[117.160022,-0.526868,0],[117.160109,-0.526836,0],[117.160159,-0.526802,0],[117.160168,-0.526795,0],[117.160171,-0.526793,0],[117.160237,-0.526731,0],[117.160256,-0.526661,0],[117.160267,-0.526621,0],[117.160276,-0.526536,0],[117.160267,-0.526489,0],[117.160238,-0.52645,0],[117.160181,-0.526429,0],[117.160182,-0.526378,0],[117.160178,-0.526306,0],[117.160169,-0.52626,0],[117.160163,-0.526189,0],[117.160167,-0.526145,0],[117.160187,-0.52608,0],[117.160211,-0.526052,0],[117.160253,-0.52603,0],[117.160284,-0.526027,0],[117.160312,-0.526031,0],[117.160317,-0.526032,0],[117.160347,-0.526036,0],[117.160384,-0.526051,0],[117.160423,-0.526065,0],[117.160464,-0.526078,0],[117.160497,-0.526109,0],[117.160528,-0.526162,0],[117.160571,-0.526187,0],[117.160609,-0.5262,0],[117.160646,-0.526195,0],[117.160676,-0.526178,0],[117.16069,-0.526155,0],[117.160749,-0.52616,0],[117.160791,-0.526172,0],[117.160848,-0.526195,0],[117.16086,-0.526216,0],[117.160866,-0.526236,0],[117.16088,-0.526271,0],[117.160925,-0.526341,0],[117.160984,-0.52639,0],[117.161057,-0.526422,0],[117.16114,-0.526447,0],[117.16126,-0.526479,0],[117.161348,-0.526509,0],[117.161432,-0.526538,0],[117.161722,-0.52667,0],[117.162065,-0.526809,0],[117.162126,-0.526834,0],[117.162212,-0.5267,0],[117.1623,-0.526557,0],[117.162392,-0.526409,0],[117.1625,-0.526237,0],[117.162676,-0.525965,0],[117.162739,-0.525875,0],[117.162799,-0.525792,0],[117.162836,-0.525742,0],[117.162861,-0.525709,0],[117.162865,-0.525704,0],[117.162877,-0.525692,0],[117.162877,-0.525692,0],[117.162881,-0.525688,0],[117.162905,-0.525669,0],[117.16291,-0.525664,0],[117.162928,-0.525652,0],[117.162939,-0.525643,0],[117.162952,-0.525632,0],[117.162972,-0.525616,0],[117.163007,-0.525585,0],[117.163037,-0.525558,0],[117.163061,-0.525533,0],[117.163083,-0.52551,0],[117.163114,-0.525467,0],[117.163131,-0.525443,0],[117.163139,-0.525432,0],[117.16315,-0.525418,0],[117.163163,-0.525387,0],[117.163177,-0.525383,0],[117.163202,-0.52535,0],[117.163262,-0.525269,0],[117.163302,-0.525213,0],[117.163311,-0.5252,0],[117.16334,-0.525158,0],[117.163371,-0.525113,0],[117.163392,-0.525082,0],[117.16342,-0.525041,0],[117.163456,-0.524987,0],[117.163461,-0.524979,0],[117.163482,-0.52495,0],[117.163488,-0.524938,0],[117.163497,-0.524922,0],[117.163512,-0.524891,0],[117.163536,-0.524834,0],[117.163559,-0.524774,0],[117.16356,-0.524767,0],[117.163562,-0.524755,0],[117.163565,-0.524743,0],[117.163572,-0.524725,0],[117.163592,-0.524679,0],[117.163611,-0.524641,0],[117.163632,-0.524594,0],[117.163647,-0.524553,0],[117.163665,-0.524501,0],[117.163684,-0.524448,0],[117.163694,-0.524425,0],[117.16371,-0.524384,0],[117.163731,-0.524334,0],[117.163747,-0.524288,0],[117.16376,-0.524254,0],[117.163772,-0.524226,0],[117.163791,-0.524191,0],[117.163804,-0.524169,0],[117.163831,-0.524125,0],[117.163857,-0.524094,0],[117.163862,-0.524088,0],[117.163882,-0.524067,0],[117.163927,-0.524021,0],[117.163975,-0.523975,0],[117.16402,-0.523934,0],[117.164061,-0.523902,0],[117.164117,-0.523851,0],[117.164145,-0.523827,0],[117.164177,-0.523797,0],[117.164207,-0.523767,0],[117.164242,-0.523734,0],[117.16426,-0.523718,0],[117.164291,-0.523686,0],[117.164305,-0.523669,0],[117.16432,-0.523647,0],[117.164334,-0.523621,0],[117.16434,-0.523606,0],[117.164345,-0.523591,0],[117.164347,-0.52358,0],[117.16435,-0.523565,0],[117.16435,-0.523549,0],[117.164347,-0.523526,0],[117.164339,-0.523502,0],[117.164327,-0.523473,0],[117.164303,-0.523439,0],[117.164263,-0.52339,0],[117.164202,-0.523314,0],[117.164133,-0.523217,0],[117.164132,-0.523215,0],[117.164057,-0.523118,0],[117.163994,-0.523039,0],[117.163946,-0.522981,0],[117.163908,-0.522932,0],[117.163881,-0.522897,0],[117.163859,-0.522868,0],[117.163838,-0.522838,0],[117.163816,-0.522803,0],[117.163795,-0.522762,0],[117.16378,-0.522731,0],[117.163765,-0.5227,0],[117.163746,-0.522659,0],[117.163743,-0.522653,0],[117.163724,-0.522609,0],[117.163715,-0.522584,0],[117.163691,-0.522525,0],[117.163679,-0.522489,0],[117.163659,-0.522441,0],[117.163658,-0.522432,0],[117.163657,-0.522422,0],[117.163659,-0.522413,0],[117.163664,-0.522399,0],[117.163671,-0.522385,0],[117.163681,-0.522375,0],[117.163704,-0.522358,0],[117.163771,-0.522322,0],[117.163803,-0.522303,0],[117.16387,-0.522262,0],[117.163992,-0.522188,0],[117.164041,-0.522146,0],[117.16408,-0.522114,0],[117.164149,-0.522052,0],[117.1642,-0.522011,0],[117.164239,-0.52198,0],[117.164271,-0.521954,0],[117.164306,-0.521935,0],[117.164371,-0.521901,0],[117.164473,-0.52186,0],[117.16457,-0.521823,0],[117.16461,-0.521809,0],[117.164662,-0.521789,0],[117.164698,-0.521771,0],[117.164736,-0.521753,0],[117.164781,-0.521729,0],[117.164834,-0.521698,0],[117.164928,-0.521631,0],[117.165026,-0.521561,0],[117.165121,-0.521493,0],[117.165192,-0.521434,0],[117.165254,-0.521366,0],[117.165302,-0.521311,0],[117.165355,-0.521252,0],[117.16542,-0.521177,0],[117.165469,-0.521113,0],[117.16549,-0.521086,0],[117.1655,-0.52107,0],[117.165502,-0.521064,0],[117.165508,-0.521053,0],[117.165518,-0.52103,0],[117.165463,-0.521012,0],[117.165373,-0.520965,0],[117.16535,-0.520955,0],[117.165288,-0.520927,0],[117.16522,-0.52089,0],[117.165184,-0.520873,0],[117.165163,-0.520861,0],[117.165142,-0.52085,0],[117.165113,-0.520833,0],[117.165038,-0.520784,0],[117.165037,-0.520783,0],[117.164891,-0.520693,0],[117.164717,-0.520574,0],[117.164486,-0.520442,0],[117.164125,-0.520261,0],[117.164004,-0.520195,0],[117.163955,-0.520154,0],[117.163931,-0.520138,0],[117.163797,-0.52005,0],[117.163789,-0.520045,0],[117.163787,-0.520043,0],[117.16371,-0.519992,0],[117.163552,-0.519893,0],[117.163455,-0.519833,0],[117.163332,-0.519749,0],[117.163209,-0.519668,0],[117.163118,-0.519622,0],[117.163049,-0.519596,0],[117.162984,-0.519575,0],[117.162962,-0.519568,0],[117.162998,-0.519442,0],[117.163031,-0.519314,0],[117.163061,-0.519193,0],[117.163074,-0.519139,0],[117.163089,-0.519075,0],[117.163113,-0.518936,0],[117.16313,-0.518818,0],[117.16314,-0.518699,0],[117.163145,-0.518569,0],[117.16315,-0.518445,0],[117.163163,-0.518256,0],[117.163165,-0.518129,0],[117.16317,-0.518055,0],[117.163176,-0.51798,0],[117.163191,-0.517906,0],[117.163202,-0.517864,0],[117.163218,-0.517824,0],[117.163243,-0.517771,0],[117.163268,-0.517724,0],[117.163302,-0.517675,0],[117.163359,-0.517595,0],[117.163395,-0.517549,0],[117.163467,-0.517452,0],[117.163534,-0.517371,0],[117.163586,-0.517301,0],[117.163624,-0.517249,0],[117.163662,-0.517195,0],[117.163713,-0.517104,0],[117.163867,-0.516814,0],[117.164029,-0.51644,0],[117.164131,-0.516165,0],[117.164167,-0.516048,0],[117.164199,-0.51595,0],[117.164254,-0.515788,0],[117.164283,-0.515695,0],[117.164305,-0.515623,0],[117.16432,-0.515564,0],[117.164326,-0.515526,0],[117.164329,-0.515506,0],[117.164331,-0.515495,0],[117.164333,-0.515478,0],[117.164327,-0.515327,0],[117.16428,-0.515073,0],[117.164196,-0.514835,0],[117.164142,-0.514664,0],[117.164126,-0.514519,0],[117.16412,-0.514386,0],[117.164143,-0.514238,0],[117.164188,-0.514126,0],[117.164191,-0.514123,0],[117.164156,-0.514087,0],[117.164146,-0.514079,0],[117.164098,-0.514058,0],[117.164029,-0.514027,0],[117.163974,-0.514001,0],[117.163914,-0.513971,0],[117.163855,-0.51394,0],[117.16381,-0.513911,0],[117.163774,-0.513885,0],[117.163723,-0.513846,0],[117.163676,-0.513814,0],[117.163641,-0.513785,0],[117.163635,-0.51378,0],[117.163633,-0.513778,0],[117.163587,-0.513735,0],[117.163566,-0.513719,0],[117.163519,-0.513681,0],[117.163495,-0.513662,0],[117.163476,-0.513643,0],[117.163449,-0.513618,0],[117.163412,-0.513587,0],[117.16336,-0.513548,0],[117.163335,-0.513526,0],[117.163309,-0.513507,0],[117.163279,-0.513487,0],[117.163247,-0.51347,0],[117.163198,-0.513447,0],[117.163123,-0.513423,0],[117.163068,-0.513409,0],[117.163003,-0.513401,0],[117.162928,-0.5134,0],[117.162872,-0.513396,0],[117.162816,-0.513381,0],[117.162737,-0.513348,0],[117.162666,-0.513303,0],[117.162631,-0.513268,0],[117.162602,-0.513232,0],[117.162559,-0.513174,0],[117.162517,-0.513132,0],[117.162478,-0.513105,0],[117.162422,-0.51308,0],[117.162373,-0.513073,0],[117.162344,-0.513013,0],[117.162318,-0.512976,0],[117.162284,-0.512933,0],[117.162248,-0.512894,0],[117.162206,-0.512852,0],[117.16217,-0.512814,0],[117.162125,-0.512765,0],[117.162082,-0.512716,0],[117.16205,-0.512684,0],[117.162017,-0.512656,0],[117.161975,-0.51263,0],[117.161928,-0.512607,0],[117.161878,-0.512581,0],[117.161793,-0.51255,0],[117.161741,-0.512525,0],[117.161682,-0.512496,0],[117.161617,-0.512463,0],[117.16155,-0.512417,0],[117.16151,-0.512365,0],[117.161472,-0.512286,0],[117.16143,-0.512166,0],[117.161385,-0.511945,0],[117.161322,-0.511704,0],[117.161277,-0.51144,0],[117.161188,-0.511184,0],[117.161066,-0.511023,0],[117.160889,-0.510876,0],[117.160484,-0.51052,0],[117.160082,-0.51011,0],[117.159941,-0.509977,0],[117.159731,-0.509737,0],[117.159648,-0.509621,0],[117.159604,-0.509508,0],[117.159541,-0.509255,0],[117.159518,-0.50913,0],[117.159492,-0.509046,0],[117.159449,-0.508959,0],[117.159359,-0.508812,0],[117.159351,-0.50879,0],[117.159348,-0.508783,0],[117.159348,-0.508772,0],[117.159352,-0.508757,0],[117.159367,-0.508722,0],[117.159371,-0.508713,0],[117.159371,-0.50871,0],[117.15937,-0.508707,0],[117.159365,-0.508703,0],[117.159281,-0.508654,0],[117.15927,-0.508647,0],[117.159268,-0.508646,0],[117.159266,-0.508647,0],[117.159247,-0.508674,0],[117.159231,-0.508697,0],[117.15921,-0.508709,0],[117.159193,-0.508714,0],[117.159172,-0.508714,0],[117.159151,-0.508701,0],[117.159115,-0.508665,0]]]]}},{"type":"Feature","properties":{"OBJECTID":47252,"KDPPUM":"64","NAMOBJ":"Kelurahan Sungai Keledang","REMARK":null,"KDPBPS":null,"FCODE":"BA03070040","LUASWH":null,"UUPP":"Data RBI Skala 1:5.000 Tahun 2016","SRS_ID":"SRGI 2013","METADATA":"TASWIL1000020200326DATA_BATAS_DESA_KELURAHAN","KDEBPS":null,"KDEPUM":"64.72.02.1001","KDCBPS":null,"KDCPUM":"64.72.02","KDBBPS":null,"WADMKD":"Kelurahan Sungai Keledang","WIADKD":null,"WADMKC":"Samarinda Seberang","WIADKC":null,"WADMKK":"Kota Samarinda","WIADKK":null,"WADMPR":"Kalimantan Timur","WIADPR":null,"TIPADM":2,"KDPKAB":"64.72","SHAPE_Leng":0.082077536190538,"SHAPE_Area":0.000290382741105,"visibility":false},"geometry":{"type":"MultiPolygon","coordinates":[[[[117.139238,-0.515651,0],[117.139099,-0.515685,0],[117.13908,-0.515688,0],[117.138751,-0.51575,0],[117.13874,-0.515752,0],[117.138453,-0.515778,0],[117.138286,-0.515794,0],[117.13825,-0.515797,0],[117.138191,-0.515802,0],[117.138179,-0.515803,0],[117.138172,-0.515804,0],[117.138149,-0.515806,0],[117.138135,-0.515807,0],[117.138077,-0.515809,0],[117.137999,-0.515811,0],[117.137967,-0.515812,0],[117.137936,-0.515813,0],[117.137921,-0.515814,0],[117.137868,-0.515815,0],[117.137808,-0.515817,0],[117.137726,-0.515819,0],[117.137663,-0.515821,0],[117.137628,-0.515818,0],[117.137528,-0.51581,0],[117.137511,-0.515809,0],[117.137419,-0.515801,0],[117.137412,-0.515801,0],[117.137393,-0.515799,0],[117.137128,-0.515777,0],[117.136698,-0.515708,0],[117.136013,-0.515602,0],[117.135882,-0.515546,0],[117.135753,-0.515449,0],[117.13566,-0.515348,0],[117.135388,-0.514798,0],[117.135083,-0.514223,0],[117.134783,-0.513448,0],[117.134754,-0.513432,0],[117.134644,-0.513498,0],[117.134592,-0.513501,0],[117.134541,-0.51344,0],[117.134327,-0.513138,0],[117.134099,-0.512743,0],[117.134064,-0.512657,0],[117.134056,-0.51264,0],[117.134048,-0.512628,0],[117.134034,-0.512621,0],[117.134018,-0.512617,0],[117.133999,-0.512616,0],[117.133989,-0.512616,0],[117.133978,-0.512614,0],[117.133968,-0.512607,0],[117.133957,-0.512595,0],[117.133925,-0.512546,0],[117.133837,-0.512423,0],[117.133743,-0.51231,0],[117.13372,-0.512283,0],[117.134294,-0.511947,0],[117.134278,-0.511918,0],[117.134265,-0.511888,0],[117.134261,-0.51188,0],[117.134254,-0.511866,0],[117.134247,-0.511849,0],[117.134239,-0.511829,0],[117.134203,-0.511739,0],[117.134172,-0.51166,0],[117.13414,-0.511565,0],[117.134111,-0.511469,0],[117.134089,-0.511387,0],[117.134069,-0.511321,0],[117.134043,-0.511211,0],[117.134021,-0.511121,0],[117.133965,-0.510902,0],[117.133931,-0.510756,0],[117.133919,-0.510704,0],[117.133811,-0.510254,0],[117.133654,-0.509601,0],[117.133555,-0.50918,0],[117.133548,-0.509147,0],[117.133544,-0.509126,0],[117.133541,-0.509106,0],[117.133541,-0.509105,0],[117.133538,-0.50909,0],[117.133517,-0.509094,0],[117.133514,-0.509078,0],[117.133514,-0.509076,0],[117.133512,-0.509066,0],[117.13351,-0.509057,0],[117.133509,-0.509048,0],[117.133506,-0.509034,0],[117.133491,-0.508963,0],[117.133446,-0.508774,0],[117.133386,-0.508527,0],[117.133296,-0.508167,0],[117.133203,-0.507806,0],[117.133199,-0.507791,0],[117.133102,-0.507818,0],[117.133008,-0.507848,0],[117.133003,-0.50785,0],[117.132999,-0.507852,0],[117.132977,-0.507864,0],[117.132975,-0.507865,0],[117.132966,-0.50787,0],[117.132943,-0.507885,0],[117.132939,-0.507887,0],[117.132919,-0.507877,0],[117.132894,-0.507862,0],[117.132877,-0.507846,0],[117.132867,-0.50783,0],[117.132857,-0.50781,0],[117.132854,-0.50779,0],[117.132852,-0.507753,0],[117.132852,-0.507735,0],[117.132853,-0.507728,0],[117.132857,-0.507706,0],[117.132861,-0.507677,0],[117.132862,-0.507634,0],[117.132858,-0.507589,0],[117.132851,-0.507551,0],[117.132841,-0.507516,0],[117.132827,-0.507479,0],[117.132813,-0.507444,0],[117.132797,-0.507405,0],[117.132785,-0.507371,0],[117.132772,-0.507335,0],[117.132756,-0.507288,0],[117.132742,-0.507235,0],[117.131806,-0.503445,0],[117.131316,-0.503603,0],[117.130818,-0.503768,0],[117.130423,-0.503918,0],[117.12998,-0.504123,0],[117.129069,-0.504623,0],[117.128577,-0.504906,0],[117.128437,-0.504989,0],[117.128263,-0.505091,0],[117.128163,-0.50515,0],[117.127698,-0.505436,0],[117.127241,-0.505723,0],[117.126739,-0.506074,0],[117.126505,-0.506247,0],[117.126279,-0.506415,0],[117.125983,-0.506658,0],[117.125599,-0.506994,0],[117.125307,-0.507279,0],[117.125087,-0.507494,0],[117.125,-0.507582,0],[117.124855,-0.507728,0],[117.124638,-0.507942,0],[117.124393,-0.508194,0],[117.124165,-0.508444,0],[117.123928,-0.508713,0],[117.123699,-0.508968,0],[117.12349,-0.50921,0],[117.123313,-0.509441,0],[117.123159,-0.509651,0],[117.123051,-0.509801,0],[117.122902,-0.509998,0],[117.122783,-0.510183,0],[117.122616,-0.510445,0],[117.122444,-0.510723,0],[117.122342,-0.510909,0],[117.122243,-0.511091,0],[117.122124,-0.511315,0],[117.121985,-0.511609,0],[117.121846,-0.51188,0],[117.12169,-0.512192,0],[117.121523,-0.51254,0],[117.121313,-0.512973,0],[117.12116,-0.513306,0],[117.121022,-0.513606,0],[117.120909,-0.513864,0],[117.120815,-0.514096,0],[117.120719,-0.514346,0],[117.120625,-0.514574,0],[117.120534,-0.514804,0],[117.120471,-0.51497,0],[117.120239,-0.515736,0],[117.12024,-0.51577,0],[117.120218,-0.515846,0],[117.120184,-0.515959,0],[117.11957,-0.518046,0],[117.119526,-0.518118,0],[117.119466,-0.51835,0],[117.119398,-0.518671,0],[117.119347,-0.518939,0],[117.119303,-0.519228,0],[117.119245,-0.519579,0],[117.119219,-0.519794,0],[117.119202,-0.519937,0],[117.119173,-0.520182,0],[117.11913,-0.52055,0],[117.119108,-0.520789,0],[117.119104,-0.520833,0],[117.119082,-0.521457,0],[117.119045,-0.522016,0],[117.118813,-0.523272,0],[117.118753,-0.523609,0],[117.11858,-0.524585,0],[117.118475,-0.525023,0],[117.118878,-0.525183,0],[117.119277,-0.52532,0],[117.119576,-0.525403,0],[117.119877,-0.525473,0],[117.120343,-0.525587,0],[117.120543,-0.525637,0],[117.120642,-0.525662,0],[117.120715,-0.525672,0],[117.12075,-0.525671,0],[117.120808,-0.525667,0],[117.120908,-0.52564,0],[117.121216,-0.525486,0],[117.121717,-0.525209,0],[117.122014,-0.525052,0],[117.12254,-0.524824,0],[117.122672,-0.524791,0],[117.122734,-0.524783,0],[117.122811,-0.524784,0],[117.123091,-0.524805,0],[117.123675,-0.524858,0],[117.124291,-0.524914,0],[117.125046,-0.524983,0],[117.12568,-0.52504,0],[117.126021,-0.525072,0],[117.126189,-0.52509,0],[117.126324,-0.525111,0],[117.126468,-0.52514,0],[117.126588,-0.525166,0],[117.126686,-0.525191,0],[117.12679,-0.525219,0],[117.126904,-0.52525,0],[117.127053,-0.525303,0],[117.12719,-0.525357,0],[117.127304,-0.525408,0],[117.127629,-0.525583,0],[117.128099,-0.525848,0],[117.12877,-0.526204,0],[117.12889,-0.52627,0],[117.129003,-0.526333,0],[117.129136,-0.526412,0],[117.129273,-0.526505,0],[117.129602,-0.526729,0],[117.129793,-0.526857,0],[117.130419,-0.527252,0],[117.130812,-0.527496,0],[117.131022,-0.527637,0],[117.131097,-0.527697,0],[117.131164,-0.527762,0],[117.131241,-0.527843,0],[117.131327,-0.527948,0],[117.131381,-0.528032,0],[117.131484,-0.528229,0],[117.131561,-0.52839,0],[117.131594,-0.528459,0],[117.131714,-0.528706,0],[117.131871,-0.529042,0],[117.132191,-0.529723,0],[117.132304,-0.529959,0],[117.13382,-0.527192,0],[117.13295,-0.526359,0],[117.133259,-0.52533,0],[117.132661,-0.525255,0],[117.132043,-0.524934,0],[117.131908,-0.524829,0],[117.131887,-0.524749,0],[117.131822,-0.524685,0],[117.13198,-0.524235,0],[117.132404,-0.524051,0],[117.133143,-0.524173,0],[117.136328,-0.520913,0],[117.136327,-0.520833,0],[117.136324,-0.520626,0],[117.136313,-0.520343,0],[117.13631,-0.520152,0],[117.136302,-0.520043,0],[117.136291,-0.519949,0],[117.136275,-0.519822,0],[117.136248,-0.519699,0],[117.13622,-0.519591,0],[117.136205,-0.519515,0],[117.136196,-0.519473,0],[117.136197,-0.519427,0],[117.136203,-0.519402,0],[117.136216,-0.519385,0],[117.13625,-0.519362,0],[117.136307,-0.519333,0],[117.136341,-0.519316,0],[117.136365,-0.519302,0],[117.136399,-0.519285,0],[117.136423,-0.519268,0],[117.136439,-0.519258,0],[117.13645,-0.51925,0],[117.136472,-0.519228,0],[117.136494,-0.51921,0],[117.136518,-0.519186,0],[117.136551,-0.519153,0],[117.136582,-0.519127,0],[117.136603,-0.519113,0],[117.136635,-0.519101,0],[117.136669,-0.519095,0],[117.136717,-0.51909,0],[117.136763,-0.519092,0],[117.13687,-0.519116,0],[117.136954,-0.519138,0],[117.137026,-0.519156,0],[117.137086,-0.519167,0],[117.137136,-0.51917,0],[117.137201,-0.519158,0],[117.13724,-0.519145,0],[117.13724,-0.519144,0],[117.137274,-0.519128,0],[117.137301,-0.519112,0],[117.137317,-0.5191,0],[117.137354,-0.519063,0],[117.137392,-0.519024,0],[117.137431,-0.518987,0],[117.137461,-0.518962,0],[117.137566,-0.518873,0],[117.137682,-0.518781,0],[117.137764,-0.518728,0],[117.137836,-0.518696,0],[117.137906,-0.518662,0],[117.137925,-0.51865,0],[117.137953,-0.518627,0],[117.137962,-0.51861,0],[117.137968,-0.518568,0],[117.137967,-0.518505,0],[117.137972,-0.518441,0],[117.137987,-0.518382,0],[117.138019,-0.518281,0],[117.138044,-0.518204,0],[117.138064,-0.518136,0],[117.138081,-0.518085,0],[117.138126,-0.517955,0],[117.138167,-0.517876,0],[117.138222,-0.517783,0],[117.138261,-0.51772,0],[117.138289,-0.517684,0],[117.138301,-0.517674,0],[117.138328,-0.517668,0],[117.138366,-0.517668,0],[117.138438,-0.517684,0],[117.138489,-0.517699,0],[117.138515,-0.517709,0],[117.138629,-0.51776,0],[117.138753,-0.5178,0],[117.138847,-0.517818,0],[117.13892,-0.517808,0],[117.138996,-0.517771,0],[117.13911,-0.517667,0],[117.139202,-0.517545,0],[117.139289,-0.517432,0],[117.139358,-0.517321,0],[117.139444,-0.517186,0],[117.139505,-0.51709,0],[117.139596,-0.51694,0],[117.139673,-0.516819,0],[117.139731,-0.516737,0],[117.139783,-0.516648,0],[117.139816,-0.516583,0],[117.13985,-0.516509,0],[117.139888,-0.516424,0],[117.139911,-0.516345,0],[117.139944,-0.516229,0],[117.139918,-0.516205,0],[117.13987,-0.51616,0],[117.139805,-0.516102,0],[117.13972,-0.516035,0],[117.139635,-0.515974,0],[117.139513,-0.51589,0],[117.139395,-0.515806,0],[117.139285,-0.515717,0],[117.139238,-0.515651,0]]]]}},{"type":"Feature","properties":{"OBJECTID":47253,"KDPPUM":"64","NAMOBJ":"Kelurahan Baqa","REMARK":null,"KDPBPS":null,"FCODE":"BA03070040","LUASWH":null,"UUPP":"Data RBI Skala 1:5.000 Tahun 2016","SRS_ID":"SRGI 2013","METADATA":"TASWIL1000020200326DATA_BATAS_DESA_KELURAHAN","KDEBPS":null,"KDEPUM":"64.72.02.1002","KDCBPS":null,"KDCPUM":"64.72.02","KDBBPS":null,"WADMKD":"Kelurahan Baqa","WIADKD":null,"WADMKC":"Samarinda Seberang","WIADKC":null,"WADMKK":"Kota Samarinda","WIADKK":null,"WADMPR":"Kalimantan Timur","WIADPR":null,"TIPADM":2,"KDPKAB":"64.72","SHAPE_Leng":0.052839010293813,"SHAPE_Area":0.000142640471507,"visibility":false},"geometry":{"type":"MultiPolygon","coordinates":[[[[117.142441,-0.504911,0],[117.14242,-0.504903,0],[117.141885,-0.504679,0],[117.141657,-0.504589,0],[117.140967,-0.50438,0],[117.140338,-0.504165,0],[117.140278,-0.504149,0],[117.140261,-0.504215,0],[117.140263,-0.504217,0],[117.140261,-0.504225,0],[117.138007,-0.503621,0],[117.137346,-0.503504,0],[117.136731,-0.503438,0],[117.136148,-0.503397,0],[117.135487,-0.503339,0],[117.134809,-0.503289,0],[117.134171,-0.503239,0],[117.133375,-0.503245,0],[117.132776,-0.503266,0],[117.13228,-0.503344,0],[117.131806,-0.503445,0],[117.132742,-0.507235,0],[117.132756,-0.507288,0],[117.132772,-0.507335,0],[117.132785,-0.507371,0],[117.132797,-0.507405,0],[117.132813,-0.507444,0],[117.132827,-0.507479,0],[117.132841,-0.507516,0],[117.132851,-0.507551,0],[117.132858,-0.507589,0],[117.132862,-0.507634,0],[117.132861,-0.507677,0],[117.132857,-0.507706,0],[117.132853,-0.507728,0],[117.132852,-0.507735,0],[117.132852,-0.507753,0],[117.132854,-0.50779,0],[117.132857,-0.50781,0],[117.132867,-0.50783,0],[117.132877,-0.507846,0],[117.132894,-0.507862,0],[117.132919,-0.507877,0],[117.132939,-0.507887,0],[117.132943,-0.507885,0],[117.132966,-0.50787,0],[117.132975,-0.507865,0],[117.132977,-0.507864,0],[117.132999,-0.507852,0],[117.133003,-0.50785,0],[117.133008,-0.507848,0],[117.133102,-0.507818,0],[117.133199,-0.507791,0],[117.133203,-0.507806,0],[117.133296,-0.508167,0],[117.133386,-0.508527,0],[117.133446,-0.508774,0],[117.133491,-0.508963,0],[117.133506,-0.509034,0],[117.133509,-0.509048,0],[117.13351,-0.509057,0],[117.133512,-0.509066,0],[117.133514,-0.509076,0],[117.133514,-0.509078,0],[117.133517,-0.509094,0],[117.133538,-0.50909,0],[117.133541,-0.509105,0],[117.133541,-0.509106,0],[117.133544,-0.509126,0],[117.133548,-0.509147,0],[117.133555,-0.50918,0],[117.133654,-0.509601,0],[117.133811,-0.510254,0],[117.133919,-0.510704,0],[117.133931,-0.510756,0],[117.133965,-0.510902,0],[117.134021,-0.511121,0],[117.134043,-0.511211,0],[117.134069,-0.511321,0],[117.134089,-0.511387,0],[117.134111,-0.511469,0],[117.13414,-0.511565,0],[117.134172,-0.51166,0],[117.134203,-0.511739,0],[117.134239,-0.511829,0],[117.134247,-0.511849,0],[117.134254,-0.511866,0],[117.134261,-0.51188,0],[117.134265,-0.511888,0],[117.134278,-0.511918,0],[117.134294,-0.511947,0],[117.13372,-0.512283,0],[117.133743,-0.51231,0],[117.133837,-0.512423,0],[117.133925,-0.512546,0],[117.133957,-0.512595,0],[117.133968,-0.512607,0],[117.133978,-0.512614,0],[117.133989,-0.512616,0],[117.133999,-0.512616,0],[117.134018,-0.512617,0],[117.134034,-0.512621,0],[117.134048,-0.512628,0],[117.134056,-0.51264,0],[117.134064,-0.512657,0],[117.134099,-0.512743,0],[117.134327,-0.513138,0],[117.134541,-0.51344,0],[117.134592,-0.513501,0],[117.134644,-0.513498,0],[117.134754,-0.513432,0],[117.134783,-0.513448,0],[117.135083,-0.514223,0],[117.135388,-0.514798,0],[117.13566,-0.515348,0],[117.135753,-0.515449,0],[117.135882,-0.515546,0],[117.136013,-0.515602,0],[117.136698,-0.515708,0],[117.137128,-0.515777,0],[117.137393,-0.515799,0],[117.137412,-0.515801,0],[117.137419,-0.515801,0],[117.137511,-0.515809,0],[117.137528,-0.51581,0],[117.137628,-0.515818,0],[117.137663,-0.515821,0],[117.137726,-0.515819,0],[117.137808,-0.515817,0],[117.137868,-0.515815,0],[117.137921,-0.515814,0],[117.137936,-0.515813,0],[117.137967,-0.515812,0],[117.137999,-0.515811,0],[117.138077,-0.515809,0],[117.138135,-0.515807,0],[117.138149,-0.515806,0],[117.138172,-0.515804,0],[117.138179,-0.515803,0],[117.138191,-0.515802,0],[117.13825,-0.515797,0],[117.138286,-0.515794,0],[117.138453,-0.515778,0],[117.13874,-0.515752,0],[117.138751,-0.51575,0],[117.13908,-0.515688,0],[117.139099,-0.515685,0],[117.139238,-0.515651,0],[117.139468,-0.515533,0],[117.139495,-0.515514,0],[117.139746,-0.515342,0],[117.139802,-0.515287,0],[117.13995,-0.515144,0],[117.14027,-0.514832,0],[117.140358,-0.514765,0],[117.140388,-0.514743,0],[117.140451,-0.514721,0],[117.14047,-0.514725,0],[117.140577,-0.514745,0],[117.140632,-0.514767,0],[117.140675,-0.514784,0],[117.140777,-0.514825,0],[117.140846,-0.514853,0],[117.140915,-0.51488,0],[117.141079,-0.514946,0],[117.141091,-0.514951,0],[117.141157,-0.514977,0],[117.141281,-0.515001,0],[117.141331,-0.514994,0],[117.141376,-0.51496,0],[117.141383,-0.514951,0],[117.141433,-0.514887,0],[117.141452,-0.514863,0],[117.141491,-0.514762,0],[117.141547,-0.514629,0],[117.141632,-0.514454,0],[117.141665,-0.514387,0],[117.141671,-0.514375,0],[117.141709,-0.514293,0],[117.141773,-0.514166,0],[117.141834,-0.514042,0],[117.141846,-0.514015,0],[117.141852,-0.514001,0],[117.141897,-0.514043,0],[117.141969,-0.514112,0],[117.141977,-0.514119,0],[117.141995,-0.514136,0],[117.142004,-0.514146,0],[117.142022,-0.514164,0],[117.142089,-0.514228,0],[117.142152,-0.514295,0],[117.142192,-0.514342,0],[117.142212,-0.514367,0],[117.142262,-0.514426,0],[117.142343,-0.514486,0],[117.142399,-0.514514,0],[117.142432,-0.51453,0],[117.14249,-0.514544,0],[117.142496,-0.514544,0],[117.142931,-0.513905,0],[117.143353,-0.513283,0],[117.143654,-0.512841,0],[117.143682,-0.51291,0],[117.143683,-0.512907,0],[117.143693,-0.512891,0],[117.143697,-0.512882,0],[117.143714,-0.512853,0],[117.143731,-0.512823,0],[117.143736,-0.512815,0],[117.143829,-0.512948,0],[117.143883,-0.513046,0],[117.143941,-0.513168,0],[117.144017,-0.513368,0],[117.144086,-0.513556,0],[117.144156,-0.513743,0],[117.144202,-0.513857,0],[117.144236,-0.513924,0],[117.144315,-0.514056,0],[117.144362,-0.514185,0],[117.144389,-0.514268,0],[117.1444,-0.514315,0],[117.144411,-0.514366,0],[117.144435,-0.514471,0],[117.144478,-0.514598,0],[117.144494,-0.514644,0],[117.144501,-0.514637,0],[117.14453,-0.51461,0],[117.144557,-0.514589,0],[117.144578,-0.514568,0],[117.144598,-0.514545,0],[117.14466,-0.51447,0],[117.144728,-0.514385,0],[117.14478,-0.514319,0],[117.1448,-0.514294,0],[117.144861,-0.514218,0],[117.144932,-0.514132,0],[117.144962,-0.514097,0],[117.14497,-0.514087,0],[117.14498,-0.514076,0],[117.145016,-0.514033,0],[117.145096,-0.513933,0],[117.14515,-0.513873,0],[117.14522,-0.513794,0],[117.145315,-0.513688,0],[117.145387,-0.513611,0],[117.145399,-0.513598,0],[117.145412,-0.513585,0],[117.145458,-0.513536,0],[117.145564,-0.513418,0],[117.145582,-0.513398,0],[117.14561,-0.513368,0],[117.14566,-0.513313,0],[117.145661,-0.513312,0],[117.145689,-0.513281,0],[117.145741,-0.513224,0],[117.145768,-0.513194,0],[117.145788,-0.513171,0],[117.145833,-0.513121,0],[117.145872,-0.513071,0],[117.145888,-0.513052,0],[117.145939,-0.512991,0],[117.145998,-0.512918,0],[117.146013,-0.5129,0],[117.146065,-0.512839,0],[117.146106,-0.512792,0],[117.14612,-0.512775,0],[117.146121,-0.512774,0],[117.146173,-0.512713,0],[117.146188,-0.512695,0],[117.146228,-0.512646,0],[117.146257,-0.512612,0],[117.146293,-0.512569,0],[117.146329,-0.512525,0],[117.146351,-0.512499,0],[117.146359,-0.512489,0],[117.146401,-0.512438,0],[117.146408,-0.512431,0],[117.146456,-0.512372,0],[117.146469,-0.512357,0],[117.146505,-0.512312,0],[117.146521,-0.512294,0],[117.146539,-0.512272,0],[117.146544,-0.512266,0],[117.146558,-0.512249,0],[117.146589,-0.512212,0],[117.146601,-0.512197,0],[117.146664,-0.512119,0],[117.146702,-0.512075,0],[117.146736,-0.512034,0],[117.146737,-0.512034,0],[117.146799,-0.511959,0],[117.146812,-0.511944,0],[117.14682,-0.511935,0],[117.146927,-0.511817,0],[117.146998,-0.511736,0],[117.147046,-0.511678,0],[117.14712,-0.511587,0],[117.147186,-0.511507,0],[117.147248,-0.511433,0],[117.147319,-0.511343,0],[117.14737,-0.511281,0],[117.147416,-0.511227,0],[117.147456,-0.511172,0],[117.147477,-0.511142,0],[117.147491,-0.511121,0],[117.147505,-0.511102,0],[117.147506,-0.5111,0],[117.147554,-0.511016,0],[117.147602,-0.510934,0],[117.147642,-0.510868,0],[117.147671,-0.510814,0],[117.147703,-0.510763,0],[117.147733,-0.510715,0],[117.147762,-0.510666,0],[117.147776,-0.510647,0],[117.149409,-0.508304,0],[117.149081,-0.508138,0],[117.148597,-0.507899,0],[117.148149,-0.50768,0],[117.147674,-0.507447,0],[117.147279,-0.507241,0],[117.14694,-0.507085,0],[117.146659,-0.506945,0],[117.146471,-0.506855,0],[117.146242,-0.506752,0],[117.145976,-0.506628,0],[117.145833,-0.506567,0],[117.145467,-0.506379,0],[117.145021,-0.506151,0],[117.144454,-0.50587,0],[117.143986,-0.505628,0],[117.143525,-0.505402,0],[117.143307,-0.505298,0],[117.14307,-0.505185,0],[117.142441,-0.504911,0]]]]}},{"type":"Feature","properties":{"OBJECTID":47254,"KDPPUM":"64","NAMOBJ":"Kelurahan Sungai Dama","REMARK":null,"KDPBPS":null,"FCODE":"BA03070040","LUASWH":null,"UUPP":"Data RBI Skala 1:5.000 Tahun 2016","SRS_ID":"SRGI 2013","METADATA":"TASWIL1000020200326DATA_BATAS_DESA_KELURAHAN","KDEBPS":null,"KDEPUM":"64.72.04.1002","KDCBPS":null,"KDCPUM":"64.72.04","KDBBPS":null,"WADMKD":"Kelurahan Sungai Dama","WIADKD":null,"WADMKC":"Samarinda Ilir","WIADKC":null,"WADMKK":"Kota Samarinda","WIADKK":null,"WADMPR":"Kalimantan Timur","WIADPR":null,"TIPADM":2,"KDPKAB":"64.72","SHAPE_Leng":0.03729905759298,"SHAPE_Area":0.000059972117557,"visibility":false},"geometry":{"type":"MultiPolygon","coordinates":[[[[117.161556,-0.502288,0],[117.161475,-0.502246,0],[117.161403,-0.502207,0],[117.161275,-0.502142,0],[117.161129,-0.502069,0],[117.161019,-0.502019,0],[117.160928,-0.501978,0],[117.160798,-0.50192,0],[117.160665,-0.501853,0],[117.160554,-0.501789,0],[117.160445,-0.50172,0],[117.160372,-0.501678,0],[117.16019,-0.501572,0],[117.160096,-0.501509,0],[117.159991,-0.501444,0],[117.159878,-0.501377,0],[117.159792,-0.50133,0],[117.159735,-0.501304,0],[117.159678,-0.501286,0],[117.159652,-0.501278,0],[117.159288,-0.501164,0],[117.159254,-0.501314,0],[117.159209,-0.501493,0],[117.159163,-0.501679,0],[117.159091,-0.501972,0],[117.159057,-0.50212,0],[117.159026,-0.502271,0],[117.159001,-0.502387,0],[117.158967,-0.502529,0],[117.158938,-0.502651,0],[117.15889,-0.502822,0],[117.158841,-0.502981,0],[117.158815,-0.503061,0],[117.158805,-0.503094,0],[117.158795,-0.503125,0],[117.158793,-0.503132,0],[117.158739,-0.50329,0],[117.158641,-0.503584,0],[117.15859,-0.503718,0],[117.158537,-0.503843,0],[117.158474,-0.503967,0],[117.15839,-0.50412,0],[117.1583,-0.504278,0],[117.158223,-0.504417,0],[117.158165,-0.504527,0],[117.158128,-0.504607,0],[117.158062,-0.504765,0],[117.158029,-0.50486,0],[117.157984,-0.504997,0],[117.157938,-0.505132,0],[117.1579,-0.505263,0],[117.157853,-0.505428,0],[117.157814,-0.505594,0],[117.157782,-0.505723,0],[117.157716,-0.506009,0],[117.157696,-0.506109,0],[117.157658,-0.506265,0],[117.157591,-0.506549,0],[117.157542,-0.506732,0],[117.157481,-0.506931,0],[117.157442,-0.507069,0],[117.157393,-0.507221,0],[117.157342,-0.507355,0],[117.157282,-0.507491,0],[117.157223,-0.507624,0],[117.15716,-0.507758,0],[117.157094,-0.507894,0],[117.157001,-0.508059,0],[117.156913,-0.5082,0],[117.156831,-0.508325,0],[117.156815,-0.508346,0],[117.156808,-0.508355,0],[117.156791,-0.508377,0],[117.156941,-0.50849,0],[117.156971,-0.508513,0],[117.156977,-0.508517,0],[117.157018,-0.508549,0],[117.157078,-0.50859,0],[117.157127,-0.508622,0],[117.15716,-0.508639,0],[117.15721,-0.50866,0],[117.15726,-0.508675,0],[117.157312,-0.508684,0],[117.157357,-0.508691,0],[117.157402,-0.508693,0],[117.157438,-0.508692,0],[117.157497,-0.508686,0],[117.157647,-0.508664,0],[117.15775,-0.508651,0],[117.15783,-0.508646,0],[117.15799,-0.508641,0],[117.158049,-0.508639,0],[117.158078,-0.508634,0],[117.158101,-0.508626,0],[117.15813,-0.50861,0],[117.158189,-0.508569,0],[117.158259,-0.508516,0],[117.158389,-0.50841,0],[117.158513,-0.508307,0],[117.158577,-0.508255,0],[117.158635,-0.508204,0],[117.158661,-0.508177,0],[117.158922,-0.508452,0],[117.159115,-0.508665,0],[117.159151,-0.508701,0],[117.159172,-0.508714,0],[117.159193,-0.508714,0],[117.15921,-0.508709,0],[117.159231,-0.508697,0],[117.159247,-0.508674,0],[117.159266,-0.508647,0],[117.159268,-0.508646,0],[117.15927,-0.508647,0],[117.159281,-0.508654,0],[117.159365,-0.508703,0],[117.15937,-0.508707,0],[117.159371,-0.50871,0],[117.159371,-0.508713,0],[117.159367,-0.508722,0],[117.159352,-0.508757,0],[117.159348,-0.508772,0],[117.159348,-0.508783,0],[117.159351,-0.50879,0],[117.159359,-0.508812,0],[117.159449,-0.508959,0],[117.159492,-0.509046,0],[117.159518,-0.50913,0],[117.159541,-0.509255,0],[117.159604,-0.509508,0],[117.159648,-0.509621,0],[117.159731,-0.509737,0],[117.159941,-0.509977,0],[117.160082,-0.51011,0],[117.160484,-0.51052,0],[117.160889,-0.510876,0],[117.161066,-0.511023,0],[117.161188,-0.511184,0],[117.161277,-0.51144,0],[117.161322,-0.511704,0],[117.161385,-0.511945,0],[117.16143,-0.512166,0],[117.161472,-0.512286,0],[117.16151,-0.512365,0],[117.16155,-0.512417,0],[117.161617,-0.512463,0],[117.161682,-0.512496,0],[117.161741,-0.512525,0],[117.161793,-0.51255,0],[117.161878,-0.512581,0],[117.161928,-0.512607,0],[117.161975,-0.51263,0],[117.162017,-0.512656,0],[117.16205,-0.512684,0],[117.162082,-0.512716,0],[117.162125,-0.512765,0],[117.16217,-0.512814,0],[117.162206,-0.512852,0],[117.162248,-0.512894,0],[117.162284,-0.512933,0],[117.162318,-0.512976,0],[117.162344,-0.513013,0],[117.162373,-0.513073,0],[117.162422,-0.51308,0],[117.162478,-0.513105,0],[117.162517,-0.513132,0],[117.162559,-0.513174,0],[117.162602,-0.513232,0],[117.162631,-0.513268,0],[117.162666,-0.513303,0],[117.162737,-0.513348,0],[117.162816,-0.513381,0],[117.162872,-0.513396,0],[117.162928,-0.5134,0],[117.163003,-0.513401,0],[117.163068,-0.513409,0],[117.163123,-0.513423,0],[117.163198,-0.513447,0],[117.163247,-0.51347,0],[117.163279,-0.513487,0],[117.163309,-0.513507,0],[117.163335,-0.513526,0],[117.16336,-0.513548,0],[117.163412,-0.513587,0],[117.163449,-0.513618,0],[117.163476,-0.513643,0],[117.163495,-0.513662,0],[117.163519,-0.513681,0],[117.163566,-0.513719,0],[117.163587,-0.513735,0],[117.163633,-0.513778,0],[117.163635,-0.51378,0],[117.163641,-0.513785,0],[117.163676,-0.513814,0],[117.163723,-0.513846,0],[117.163774,-0.513885,0],[117.16381,-0.513911,0],[117.163855,-0.51394,0],[117.163914,-0.513971,0],[117.163974,-0.514001,0],[117.164029,-0.514027,0],[117.164098,-0.514058,0],[117.164146,-0.514079,0],[117.164156,-0.514087,0],[117.164191,-0.514123,0],[117.164363,-0.513905,0],[117.164499,-0.51374,0],[117.164539,-0.51369,0],[117.164606,-0.5136,0],[117.164655,-0.513529,0],[117.164688,-0.51347,0],[117.164709,-0.51342,0],[117.164747,-0.513325,0],[117.164773,-0.513239,0],[117.164796,-0.513144,0],[117.164816,-0.513038,0],[117.164827,-0.512976,0],[117.164996,-0.511925,0],[117.165091,-0.511625,0],[117.165094,-0.511613,0],[117.165129,-0.511495,0],[117.165166,-0.511376,0],[117.165233,-0.511183,0],[117.165306,-0.510974,0],[117.165334,-0.510894,0],[117.165423,-0.510646,0],[117.165469,-0.510523,0],[117.165508,-0.510387,0],[117.165553,-0.510222,0],[117.165562,-0.510183,0],[117.165578,-0.510099,0],[117.165593,-0.509993,0],[117.165615,-0.509862,0],[117.165629,-0.509749,0],[117.165632,-0.509717,0],[117.165643,-0.509577,0],[117.16566,-0.508842,0],[117.165671,-0.508801,0],[117.165676,-0.508763,0],[117.165694,-0.508686,0],[117.165722,-0.508586,0],[117.165741,-0.508511,0],[117.165761,-0.508435,0],[117.165779,-0.508357,0],[117.165807,-0.508269,0],[117.165833,-0.508187,0],[117.16584,-0.508158,0],[117.165858,-0.508093,0],[117.165859,-0.508088,0],[117.165865,-0.507774,0],[117.165859,-0.507719,0],[117.165846,-0.507633,0],[117.165845,-0.507615,0],[117.16581,-0.507493,0],[117.165616,-0.50716,0],[117.165426,-0.506929,0],[117.165156,-0.50665,0],[117.165097,-0.506599,0],[117.165044,-0.506542,0],[117.164986,-0.506475,0],[117.164944,-0.506422,0],[117.164898,-0.506353,0],[117.164868,-0.506296,0],[117.16483,-0.506208,0],[117.164829,-0.506204,0],[117.164799,-0.506121,0],[117.164764,-0.506002,0],[117.164746,-0.505945,0],[117.164714,-0.505841,0],[117.164685,-0.505742,0],[117.164662,-0.505668,0],[117.164646,-0.505627,0],[117.164644,-0.505623,0],[117.164634,-0.5056,0],[117.164606,-0.505541,0],[117.164582,-0.505499,0],[117.164543,-0.505442,0],[117.164511,-0.505405,0],[117.164502,-0.505399,0],[117.164462,-0.505371,0],[117.164381,-0.505324,0],[117.16429,-0.50527,0],[117.164171,-0.505207,0],[117.164105,-0.50517,0],[117.164008,-0.505102,0],[117.163907,-0.505034,0],[117.163846,-0.505004,0],[117.163782,-0.504979,0],[117.163679,-0.504964,0],[117.16354,-0.504948,0],[117.163337,-0.504933,0],[117.1633,-0.504931,0],[117.163169,-0.504923,0],[117.162979,-0.504912,0],[117.16282,-0.504906,0],[117.162625,-0.504887,0],[117.162566,-0.504877,0],[117.162456,-0.504844,0],[117.162331,-0.504792,0],[117.162191,-0.504718,0],[117.162092,-0.504663,0],[117.162029,-0.504624,0],[117.162029,-0.504624,0],[117.161903,-0.504547,0],[117.161781,-0.504456,0],[117.161653,-0.504357,0],[117.161514,-0.504248,0],[117.161496,-0.504233,0],[117.161359,-0.504133,0],[117.161189,-0.504023,0],[117.161144,-0.503997,0],[117.16116,-0.503966,0],[117.161179,-0.503929,0],[117.161214,-0.503849,0],[117.161242,-0.503782,0],[117.16128,-0.503689,0],[117.161293,-0.503653,0],[117.161307,-0.503615,0],[117.161315,-0.503575,0],[117.16132,-0.503547,0],[117.161328,-0.503524,0],[117.161345,-0.503489,0],[117.161422,-0.503398,0],[117.161437,-0.503381,0],[117.161515,-0.503288,0],[117.161597,-0.503183,0],[117.161668,-0.503077,0],[117.161773,-0.502921,0],[117.161814,-0.502865,0],[117.161891,-0.502753,0],[117.161954,-0.502662,0],[117.161978,-0.502618,0],[117.162037,-0.502507,0],[117.162113,-0.502356,0],[117.162153,-0.502282,0],[117.162206,-0.50218,0],[117.162266,-0.502052,0],[117.162254,-0.50205,0],[117.162207,-0.502042,0],[117.162128,-0.502026,0],[117.162101,-0.502024,0],[117.162078,-0.502028,0],[117.162052,-0.502043,0],[117.162013,-0.502077,0],[117.161962,-0.502126,0],[117.161921,-0.502156,0],[117.161864,-0.502191,0],[117.161792,-0.502224,0],[117.161706,-0.502268,0],[117.16165,-0.502289,0],[117.161584,-0.502294,0],[117.161556,-0.502288,0]]]]}},{"type":"Feature","properties":{"OBJECTID":47255,"KDPPUM":"64","NAMOBJ":"Kelurahan Karang Mumus","REMARK":null,"KDPBPS":null,"FCODE":"BA03070040","LUASWH":null,"UUPP":"Data RBI Skala 1:5.000 Tahun 2016","SRS_ID":"SRGI 2013","METADATA":"TASWIL1000020200326DATA_BATAS_DESA_KELURAHAN","KDEBPS":null,"KDEPUM":"64.72.09.1001","KDCBPS":null,"KDCPUM":"64.72.09","KDBBPS":null,"WADMKD":"Kelurahan Karang Mumus","WIADKD":null,"WADMKC":"Samarinda Kota","WIADKC":null,"WADMKK":"Kota Samarinda","WIADKK":null,"WADMPR":"Kalimantan Timur","WIADPR":null,"TIPADM":2,"KDPKAB":"64.72","SHAPE_Leng":0.038022042063809,"SHAPE_Area":0.000049052065461,"visibility":false},"geometry":{"type":"MultiPolygon","coordinates":[[[[117.159575,-0.49895,0],[117.159567,-0.49875,0],[117.159547,-0.498384,0],[117.159517,-0.498089,0],[117.159486,-0.497891,0],[117.159448,-0.497725,0],[117.159414,-0.497614,0],[117.159401,-0.497578,0],[117.159149,-0.497659,0],[117.159132,-0.497665,0],[117.158989,-0.497715,0],[117.158878,-0.497752,0],[117.158723,-0.497807,0],[117.158623,-0.497839,0],[117.15849,-0.497873,0],[117.158352,-0.497909,0],[117.158232,-0.497942,0],[117.15809,-0.497975,0],[117.158035,-0.497985,0],[117.157938,-0.498001,0],[117.157895,-0.498005,0],[117.157853,-0.498274,0],[117.157831,-0.498459,0],[117.157807,-0.498629,0],[117.157785,-0.498798,0],[117.157653,-0.498776,0],[117.157515,-0.498753,0],[117.15751,-0.498754,0],[117.157506,-0.498769,0],[117.1575,-0.498787,0],[117.157457,-0.498964,0],[117.157414,-0.49913,0],[117.157147,-0.499086,0],[117.157007,-0.499069,0],[117.156833,-0.499048,0],[117.156823,-0.4992,0],[117.156814,-0.499284,0],[117.156803,-0.499336,0],[117.156782,-0.499406,0],[117.156742,-0.499526,0],[117.156712,-0.499632,0],[117.156687,-0.49975,0],[117.156668,-0.499848,0],[117.1564,-0.499806,0],[117.156359,-0.4998,0],[117.156191,-0.499775,0],[117.155984,-0.49974,0],[117.155966,-0.499737,0],[117.15594,-0.499732,0],[117.155912,-0.499726,0],[117.155888,-0.499798,0],[117.155834,-0.49995,0],[117.155818,-0.5,0],[117.155747,-0.50022,0],[117.155685,-0.500412,0],[117.155578,-0.500753,0],[117.155493,-0.501019,0],[117.155402,-0.501284,0],[117.155316,-0.501526,0],[117.155212,-0.501811,0],[117.155186,-0.5019,0],[117.155185,-0.501901,0],[117.155168,-0.501957,0],[117.155158,-0.501993,0],[117.155204,-0.502008,0],[117.155456,-0.502087,0],[117.155737,-0.502175,0],[117.15599,-0.502249,0],[117.155977,-0.502283,0],[117.155909,-0.502454,0],[117.155805,-0.50268,0],[117.15569,-0.502937,0],[117.15559,-0.503162,0],[117.155435,-0.503492,0],[117.155374,-0.503629,0],[117.155317,-0.503753,0],[117.155159,-0.504049,0],[117.155046,-0.504273,0],[117.15498,-0.504395,0],[117.154961,-0.504429,0],[117.154944,-0.504459,0],[117.154919,-0.504504,0],[117.154738,-0.504795,0],[117.154651,-0.50493,0],[117.154586,-0.505031,0],[117.154415,-0.505288,0],[117.154264,-0.505522,0],[117.154121,-0.505751,0],[117.153991,-0.505957,0],[117.153886,-0.506132,0],[117.153857,-0.506183,0],[117.153856,-0.506185,0],[117.153843,-0.506207,0],[117.153827,-0.506234,0],[117.153798,-0.50628,0],[117.153663,-0.5062,0],[117.153615,-0.506289,0],[117.153503,-0.506491,0],[117.151158,-0.509285,0],[117.151533,-0.509568,0],[117.151943,-0.509887,0],[117.152368,-0.510273,0],[117.152893,-0.51076,0],[117.153242,-0.511092,0],[117.153773,-0.511566,0],[117.154114,-0.511919,0],[117.154243,-0.512058,0],[117.154351,-0.512199,0],[117.154472,-0.512363,0],[117.154578,-0.512561,0],[117.156215,-0.509598,0],[117.156294,-0.50937,0],[117.156376,-0.509156,0],[117.156448,-0.508944,0],[117.156519,-0.508794,0],[117.156574,-0.508685,0],[117.156626,-0.508595,0],[117.156726,-0.508463,0],[117.156766,-0.50841,0],[117.156775,-0.508398,0],[117.156791,-0.508377,0],[117.156808,-0.508355,0],[117.156815,-0.508346,0],[117.156831,-0.508325,0],[117.156913,-0.5082,0],[117.157001,-0.508059,0],[117.157094,-0.507894,0],[117.15716,-0.507758,0],[117.157223,-0.507624,0],[117.157282,-0.507491,0],[117.157342,-0.507355,0],[117.157393,-0.507221,0],[117.157442,-0.507069,0],[117.157481,-0.506931,0],[117.157542,-0.506732,0],[117.157591,-0.506549,0],[117.157658,-0.506265,0],[117.157696,-0.506109,0],[117.157716,-0.506009,0],[117.157782,-0.505723,0],[117.157814,-0.505594,0],[117.157853,-0.505428,0],[117.1579,-0.505263,0],[117.157938,-0.505132,0],[117.157984,-0.504997,0],[117.158029,-0.50486,0],[117.158062,-0.504765,0],[117.158128,-0.504607,0],[117.158165,-0.504527,0],[117.158223,-0.504417,0],[117.1583,-0.504278,0],[117.15839,-0.50412,0],[117.158474,-0.503967,0],[117.158537,-0.503843,0],[117.15859,-0.503718,0],[117.158641,-0.503584,0],[117.158739,-0.50329,0],[117.158793,-0.503132,0],[117.158795,-0.503125,0],[117.158805,-0.503094,0],[117.158815,-0.503061,0],[117.158841,-0.502981,0],[117.15889,-0.502822,0],[117.158938,-0.502651,0],[117.158967,-0.502529,0],[117.159001,-0.502387,0],[117.159026,-0.502271,0],[117.159057,-0.50212,0],[117.159091,-0.501972,0],[117.159163,-0.501679,0],[117.159209,-0.501493,0],[117.159254,-0.501314,0],[117.159288,-0.501164,0],[117.159327,-0.50101,0],[117.159356,-0.500875,0],[117.1594,-0.500691,0],[117.15943,-0.500556,0],[117.159453,-0.500438,0],[117.159473,-0.500329,0],[117.159496,-0.500218,0],[117.159511,-0.500131,0],[117.159529,-0.500033,0],[117.159535,-0.5,0],[117.159552,-0.499917,0],[117.159566,-0.499796,0],[117.159579,-0.499608,0],[117.15958,-0.499397,0],[117.159582,-0.499115,0],[117.159575,-0.49895,0]]]]}},{"type":"Feature","properties":{"OBJECTID":47256,"KDPPUM":"64","NAMOBJ":"Kelurahan Pelabuhan","REMARK":null,"KDPBPS":null,"FCODE":"BA03070040","LUASWH":null,"UUPP":"Data RBI Skala 1:5.000 Tahun 2016","SRS_ID":"SRGI 2013","METADATA":"TASWIL1000020200326DATA_BATAS_DESA_KELURAHAN","KDEBPS":null,"KDEPUM":"64.72.09.1002","KDCBPS":null,"KDCPUM":"64.72.09","KDBBPS":null,"WADMKD":"Kelurahan Pelabuhan","WIADKD":null,"WADMKC":"Samarinda Kota","WIADKC":null,"WADMKK":"Kota Samarinda","WIADKK":null,"WADMPR":"Kalimantan Timur","WIADPR":null,"TIPADM":2,"KDPKAB":"64.72","SHAPE_Leng":0.043229539634008,"SHAPE_Area":0.000078089294256,"visibility":false},"geometry":{"type":"MultiPolygon","coordinates":[[[[117.156833,-0.499048,0],[117.156708,-0.499027,0],[117.156539,-0.499002,0],[117.156392,-0.49898,0],[117.156225,-0.498954,0],[117.15617,-0.498947,0],[117.156142,-0.498943,0],[117.156169,-0.498849,0],[117.156227,-0.498661,0],[117.156254,-0.498568,0],[117.156288,-0.498452,0],[117.156313,-0.498362,0],[117.156285,-0.498357,0],[117.156264,-0.498354,0],[117.156261,-0.498353,0],[117.156042,-0.498313,0],[117.155858,-0.498286,0],[117.155856,-0.49827,0],[117.155857,-0.4982,0],[117.155857,-0.498193,0],[117.155857,-0.498192,0],[117.155873,-0.49805,0],[117.155689,-0.497992,0],[117.155482,-0.497931,0],[117.155309,-0.497881,0],[117.155112,-0.49783,0],[117.155098,-0.497826,0],[117.155159,-0.498083,0],[117.155171,-0.498143,0],[117.155169,-0.498159,0],[117.155164,-0.498171,0],[117.155156,-0.498181,0],[117.155147,-0.498187,0],[117.155132,-0.498192,0],[117.154897,-0.498223,0],[117.154875,-0.498226,0],[117.154826,-0.498379,0],[117.154759,-0.498357,0],[117.154584,-0.498324,0],[117.154552,-0.498128,0],[117.154491,-0.49784,0],[117.15442,-0.497481,0],[117.154302,-0.496942,0],[117.154277,-0.496933,0],[117.154044,-0.496851,0],[117.154,-0.496836,0],[117.154079,-0.496618,0],[117.154097,-0.496575,0],[117.154118,-0.496533,0],[117.154121,-0.496529,0],[117.154152,-0.496484,0],[117.154007,-0.496464,0],[117.153957,-0.496457,0],[117.153782,-0.496429,0],[117.153623,-0.496406,0],[117.153623,-0.496406,0],[117.153433,-0.496378,0],[117.153403,-0.496373,0],[117.153402,-0.496373,0],[117.153304,-0.496357,0],[117.153279,-0.496353,0],[117.153112,-0.496328,0],[117.15295,-0.496303,0],[117.152301,-0.496202,0],[117.152016,-0.496157,0],[117.151728,-0.496113,0],[117.151427,-0.496067,0],[117.151007,-0.495997,0],[117.150728,-0.495952,0],[117.150507,-0.495916,0],[117.150184,-0.495864,0],[117.150133,-0.495855,0],[117.150061,-0.496203,0],[117.149995,-0.496313,0],[117.14985,-0.496566,0],[117.149903,-0.496596,0],[117.149852,-0.496698,0],[117.14988,-0.496713,0],[117.149854,-0.49677,0],[117.149844,-0.496765,0],[117.149706,-0.497053,0],[117.149696,-0.497048,0],[117.149605,-0.49726,0],[117.149531,-0.497221,0],[117.149456,-0.497372,0],[117.149503,-0.497396,0],[117.14941,-0.497598,0],[117.149358,-0.497697,0],[117.149217,-0.498015,0],[117.14903,-0.498425,0],[117.148943,-0.498717,0],[117.148994,-0.498737,0],[117.148996,-0.498741,0],[117.148893,-0.499027,0],[117.148881,-0.499032,0],[117.148872,-0.499032,0],[117.148681,-0.498976,0],[117.14867,-0.498977,0],[117.148666,-0.498978,0],[117.148612,-0.499118,0],[117.148555,-0.499279,0],[117.148194,-0.499139,0],[117.148079,-0.499088,0],[117.148009,-0.499237,0],[117.147954,-0.499355,0],[117.147823,-0.499642,0],[117.147801,-0.499689,0],[117.147895,-0.499723,0],[117.147957,-0.49974,0],[117.148024,-0.499755,0],[117.148141,-0.49978,0],[117.148396,-0.499864,0],[117.148605,-0.499935,0],[117.148804,-0.5,0],[117.14896,-0.500051,0],[117.149164,-0.500119,0],[117.149284,-0.500158,0],[117.149463,-0.500221,0],[117.149453,-0.500251,0],[117.149395,-0.500438,0],[117.149321,-0.500678,0],[117.14923,-0.500989,0],[117.149151,-0.50124,0],[117.14904,-0.501573,0],[117.148967,-0.50178,0],[117.148915,-0.501936,0],[117.148901,-0.501979,0],[117.148856,-0.50208,0],[117.148838,-0.502136,0],[117.148824,-0.502162,0],[117.148792,-0.502191,0],[117.148777,-0.502275,0],[117.148762,-0.502355,0],[117.148741,-0.50241,0],[117.148727,-0.502452,0],[117.148602,-0.502793,0],[117.148508,-0.503082,0],[117.148506,-0.503088,0],[117.148478,-0.503175,0],[117.148408,-0.503365,0],[117.14834,-0.503567,0],[117.148286,-0.503727,0],[117.148247,-0.503838,0],[117.148247,-0.503838,0],[117.148239,-0.503859,0],[117.148227,-0.503893,0],[117.146659,-0.506945,0],[117.14694,-0.507085,0],[117.147279,-0.507241,0],[117.147674,-0.507447,0],[117.148149,-0.50768,0],[117.148597,-0.507899,0],[117.149081,-0.508138,0],[117.149409,-0.508304,0],[117.14985,-0.508534,0],[117.150249,-0.508746,0],[117.150787,-0.509057,0],[117.151158,-0.509285,0],[117.153503,-0.506491,0],[117.153615,-0.506289,0],[117.153663,-0.5062,0],[117.153798,-0.50628,0],[117.153827,-0.506234,0],[117.153843,-0.506207,0],[117.153856,-0.506185,0],[117.153857,-0.506183,0],[117.153886,-0.506132,0],[117.153991,-0.505957,0],[117.154121,-0.505751,0],[117.154264,-0.505522,0],[117.154415,-0.505288,0],[117.154586,-0.505031,0],[117.154651,-0.50493,0],[117.154738,-0.504795,0],[117.154919,-0.504504,0],[117.154944,-0.504459,0],[117.154961,-0.504429,0],[117.15498,-0.504395,0],[117.155046,-0.504273,0],[117.155159,-0.504049,0],[117.155317,-0.503753,0],[117.155374,-0.503629,0],[117.155435,-0.503492,0],[117.15559,-0.503162,0],[117.15569,-0.502937,0],[117.155805,-0.50268,0],[117.155909,-0.502454,0],[117.155977,-0.502283,0],[117.15599,-0.502249,0],[117.155737,-0.502175,0],[117.155456,-0.502087,0],[117.155204,-0.502008,0],[117.155158,-0.501993,0],[117.155168,-0.501957,0],[117.155185,-0.501901,0],[117.155186,-0.5019,0],[117.155212,-0.501811,0],[117.155316,-0.501526,0],[117.155402,-0.501284,0],[117.155493,-0.501019,0],[117.155578,-0.500753,0],[117.155685,-0.500412,0],[117.155747,-0.50022,0],[117.155818,-0.5,0],[117.155834,-0.49995,0],[117.155888,-0.499798,0],[117.155912,-0.499726,0],[117.15594,-0.499732,0],[117.155966,-0.499737,0],[117.155984,-0.49974,0],[117.156191,-0.499775,0],[117.156359,-0.4998,0],[117.1564,-0.499806,0],[117.156668,-0.499848,0],[117.156687,-0.49975,0],[117.156712,-0.499632,0],[117.156742,-0.499526,0],[117.156782,-0.499406,0],[117.156803,-0.499336,0],[117.156814,-0.499284,0],[117.156823,-0.4992,0],[117.156833,-0.499048,0]]]]}},{"type":"Feature","properties":{"OBJECTID":47257,"KDPPUM":"64","NAMOBJ":"Kelurahan Pasar Pagi","REMARK":null,"KDPBPS":null,"FCODE":"BA03070040","LUASWH":null,"UUPP":"Data RBI Skala 1:5.000 Tahun 2016","SRS_ID":"SRGI 2013","METADATA":"TASWIL1000020200326DATA_BATAS_DESA_KELURAHAN","KDEBPS":null,"KDEPUM":"64.72.09.1003","KDCBPS":null,"KDCPUM":"64.72.09","KDBBPS":null,"WADMKD":"Kelurahan Pasar Pagi","WIADKD":null,"WADMKC":"Samarinda Kota","WIADKC":null,"WADMKK":"Kota Samarinda","WIADKK":null,"WADMPR":"Kalimantan Timur","WIADPR":null,"TIPADM":2,"KDPKAB":"64.72","SHAPE_Leng":0.034795662733946,"SHAPE_Area":0.00004202106373,"visibility":false},"geometry":{"type":"MultiPolygon","coordinates":[[[[117.14988,-0.496713,0],[117.149852,-0.496698,0],[117.149903,-0.496596,0],[117.14985,-0.496566,0],[117.149995,-0.496313,0],[117.150061,-0.496203,0],[117.150133,-0.495855,0],[117.150012,-0.495831,0],[117.149896,-0.495806,0],[117.149768,-0.495783,0],[117.1497,-0.495767,0],[117.149653,-0.495747,0],[117.149612,-0.495723,0],[117.149602,-0.495703,0],[117.149591,-0.495687,0],[117.149578,-0.495671,0],[117.149564,-0.495661,0],[117.149395,-0.495552,0],[117.149321,-0.495506,0],[117.149223,-0.495454,0],[117.149136,-0.495415,0],[117.149059,-0.495387,0],[117.149006,-0.49537,0],[117.148992,-0.495366,0],[117.148968,-0.495359,0],[117.148893,-0.495345,0],[117.148866,-0.49534,0],[117.148754,-0.49532,0],[117.148725,-0.495316,0],[117.148641,-0.495305,0],[117.148549,-0.495298,0],[117.148463,-0.495296,0],[117.148367,-0.4953,0],[117.148265,-0.495311,0],[117.148145,-0.495333,0],[117.148157,-0.495399,0],[117.148161,-0.495427,0],[117.148185,-0.49559,0],[117.148207,-0.49573,0],[117.14823,-0.495847,0],[117.147944,-0.495899,0],[117.147656,-0.495993,0],[117.147522,-0.496072,0],[117.14741,-0.49618,0],[117.147081,-0.49653,0],[117.146988,-0.496681,0],[117.146914,-0.496914,0],[117.146901,-0.497105,0],[117.146901,-0.497292,0],[117.146951,-0.497516,0],[117.147042,-0.497794,0],[117.146848,-0.497919,0],[117.146843,-0.498386,0],[117.146841,-0.498588,0],[117.146657,-0.498595,0],[117.146497,-0.498604,0],[117.146365,-0.498611,0],[117.146231,-0.498616,0],[117.146197,-0.498613,0],[117.146185,-0.498607,0],[117.14617,-0.498595,0],[117.14616,-0.498583,0],[117.146152,-0.498572,0],[117.146127,-0.498577,0],[117.146067,-0.498588,0],[117.146013,-0.498602,0],[117.145967,-0.498618,0],[117.145845,-0.498666,0],[117.14575,-0.498712,0],[117.145656,-0.498759,0],[117.145596,-0.498787,0],[117.145578,-0.498797,0],[117.145567,-0.498805,0],[117.145557,-0.498818,0],[117.14553,-0.498862,0],[117.145458,-0.498979,0],[117.145385,-0.499097,0],[117.145357,-0.499142,0],[117.145344,-0.49916,0],[117.145335,-0.49917,0],[117.145326,-0.49918,0],[117.14532,-0.499185,0],[117.145315,-0.499189,0],[117.145306,-0.499194,0],[117.145309,-0.499206,0],[117.145311,-0.49922,0],[117.145311,-0.499243,0],[117.145289,-0.49944,0],[117.145233,-0.499846,0],[117.145206,-0.500007,0],[117.145152,-0.500319,0],[117.145088,-0.500588,0],[117.145054,-0.500712,0],[117.144963,-0.501045,0],[117.144828,-0.501531,0],[117.144556,-0.501457,0],[117.144225,-0.501362,0],[117.143872,-0.501257,0],[117.143721,-0.501213,0],[117.143695,-0.501206,0],[117.143646,-0.501194,0],[117.14361,-0.501309,0],[117.143583,-0.501414,0],[117.143535,-0.501613,0],[117.143453,-0.50195,0],[117.1433,-0.502614,0],[117.142441,-0.504911,0],[117.14307,-0.505185,0],[117.143307,-0.505298,0],[117.143525,-0.505402,0],[117.143986,-0.505628,0],[117.144454,-0.50587,0],[117.145021,-0.506151,0],[117.145467,-0.506379,0],[117.145833,-0.506567,0],[117.145976,-0.506628,0],[117.146242,-0.506752,0],[117.146471,-0.506855,0],[117.146659,-0.506945,0],[117.148227,-0.503893,0],[117.148239,-0.503859,0],[117.148247,-0.503838,0],[117.148247,-0.503838,0],[117.148286,-0.503727,0],[117.14834,-0.503567,0],[117.148408,-0.503365,0],[117.148478,-0.503175,0],[117.148506,-0.503088,0],[117.148508,-0.503082,0],[117.148602,-0.502793,0],[117.148727,-0.502452,0],[117.148741,-0.50241,0],[117.148762,-0.502355,0],[117.148777,-0.502275,0],[117.148792,-0.502191,0],[117.148824,-0.502162,0],[117.148838,-0.502136,0],[117.148856,-0.50208,0],[117.148901,-0.501979,0],[117.148915,-0.501936,0],[117.148967,-0.50178,0],[117.14904,-0.501573,0],[117.149151,-0.50124,0],[117.14923,-0.500989,0],[117.149321,-0.500678,0],[117.149395,-0.500438,0],[117.149453,-0.500251,0],[117.149463,-0.500221,0],[117.149284,-0.500158,0],[117.149164,-0.500119,0],[117.14896,-0.500051,0],[117.148804,-0.5,0],[117.148605,-0.499935,0],[117.148396,-0.499864,0],[117.148141,-0.49978,0],[117.148024,-0.499755,0],[117.147957,-0.49974,0],[117.147895,-0.499723,0],[117.147801,-0.499689,0],[117.147823,-0.499642,0],[117.147954,-0.499355,0],[117.148009,-0.499237,0],[117.148079,-0.499088,0],[117.148194,-0.499139,0],[117.148555,-0.499279,0],[117.148612,-0.499118,0],[117.148666,-0.498978,0],[117.14867,-0.498977,0],[117.148681,-0.498976,0],[117.148872,-0.499032,0],[117.148881,-0.499032,0],[117.148893,-0.499027,0],[117.148996,-0.498741,0],[117.148994,-0.498737,0],[117.148943,-0.498717,0],[117.14903,-0.498425,0],[117.149217,-0.498015,0],[117.149358,-0.497697,0],[117.14941,-0.497598,0],[117.149503,-0.497396,0],[117.149456,-0.497372,0],[117.149531,-0.497221,0],[117.149605,-0.49726,0],[117.149696,-0.497048,0],[117.149706,-0.497053,0],[117.149844,-0.496765,0],[117.149854,-0.49677,0],[117.14988,-0.496713,0]]]]}},{"type":"Feature","properties":{"OBJECTID":47258,"KDPPUM":"64","NAMOBJ":"Kelurahan Sidodamai","REMARK":null,"KDPBPS":null,"FCODE":"BA03070040","LUASWH":null,"UUPP":"Data RBI Skala 1:5.000 Tahun 2016","SRS_ID":"SRGI 2013","METADATA":"TASWIL1000020200326DATA_BATAS_DESA_KELURAHAN","KDEBPS":null,"KDEPUM":"64.72.04.1013","KDCBPS":null,"KDCPUM":"64.72.04","KDBBPS":null,"WADMKD":"Kelurahan Sidodamai","WIADKD":null,"WADMKC":"Samarinda Ilir","WIADKC":null,"WADMKK":"Kota Samarinda","WIADKK":null,"WADMPR":"Kalimantan Timur","WIADPR":null,"TIPADM":2,"KDPKAB":"64.72","SHAPE_Leng":0.057289496266558,"SHAPE_Area":0.000088205940295,"visibility":false},"geometry":{"type":"MultiPolygon","coordinates":[[[[117.171217,-0.491499,0],[117.170965,-0.491468,0],[117.170698,-0.491434,0],[117.169476,-0.491171,0],[117.169459,-0.491259,0],[117.169451,-0.491353,0],[117.16939,-0.491389,0],[117.169329,-0.491432,0],[117.169279,-0.49147,0],[117.169238,-0.491514,0],[117.169201,-0.491571,0],[117.169158,-0.491627,0],[117.169117,-0.491676,0],[117.169066,-0.491732,0],[117.169003,-0.491798,0],[117.168938,-0.491862,0],[117.168877,-0.491925,0],[117.16885,-0.491956,0],[117.168827,-0.491984,0],[117.168798,-0.492013,0],[117.168771,-0.492033,0],[117.168704,-0.492079,0],[117.16868,-0.492094,0],[117.168625,-0.492122,0],[117.168557,-0.492148,0],[117.168517,-0.492159,0],[117.168444,-0.492177,0],[117.168415,-0.49219,0],[117.168391,-0.492206,0],[117.168355,-0.492245,0],[117.168341,-0.492263,0],[117.168304,-0.492328,0],[117.168288,-0.492331,0],[117.16826,-0.492334,0],[117.168269,-0.492599,0],[117.168308,-0.492763,0],[117.168318,-0.492881,0],[117.1683,-0.492994,0],[117.168492,-0.493082,0],[117.168681,-0.493162,0],[117.168842,-0.493228,0],[117.16896,-0.493282,0],[117.169131,-0.493342,0],[117.169193,-0.49337,0],[117.169379,-0.493428,0],[117.169548,-0.493487,0],[117.16954,-0.493636,0],[117.169528,-0.493708,0],[117.16951,-0.493797,0],[117.169493,-0.493903,0],[117.169472,-0.494012,0],[117.169458,-0.494102,0],[117.169451,-0.494203,0],[117.16944,-0.494312,0],[117.169425,-0.494423,0],[117.16942,-0.494463,0],[117.169417,-0.494499,0],[117.169418,-0.494517,0],[117.169421,-0.49453,0],[117.16943,-0.494564,0],[117.169423,-0.494575,0],[117.169418,-0.494591,0],[117.169414,-0.494628,0],[117.169411,-0.494697,0],[117.169406,-0.494752,0],[117.169401,-0.494788,0],[117.169389,-0.49486,0],[117.169371,-0.494945,0],[117.169355,-0.495012,0],[117.16935,-0.495037,0],[117.169348,-0.495056,0],[117.169347,-0.49508,0],[117.169347,-0.495117,0],[117.169351,-0.495177,0],[117.169355,-0.495226,0],[117.169359,-0.495274,0],[117.169365,-0.495326,0],[117.169376,-0.495388,0],[117.169392,-0.495457,0],[117.1694,-0.495489,0],[117.169412,-0.495521,0],[117.169428,-0.495557,0],[117.169431,-0.495562,0],[117.16944,-0.495578,0],[117.169455,-0.495602,0],[117.169413,-0.495693,0],[117.169403,-0.495712,0],[117.169337,-0.495844,0],[117.169256,-0.495999,0],[117.169184,-0.496135,0],[117.169152,-0.496193,0],[117.169129,-0.49623,0],[117.169129,-0.49623,0],[117.169114,-0.496254,0],[117.169096,-0.496281,0],[117.16907,-0.496323,0],[117.169047,-0.496365,0],[117.169031,-0.496397,0],[117.169009,-0.49645,0],[117.168977,-0.496531,0],[117.168947,-0.496608,0],[117.168938,-0.49663,0],[117.16893,-0.496645,0],[117.16892,-0.496657,0],[117.168909,-0.496668,0],[117.168901,-0.496673,0],[117.16891,-0.496687,0],[117.168915,-0.496695,0],[117.16892,-0.496703,0],[117.168931,-0.496722,0],[117.16894,-0.496742,0],[117.168946,-0.496757,0],[117.168949,-0.496775,0],[117.168952,-0.496793,0],[117.168954,-0.49691,0],[117.168956,-0.497066,0],[117.168957,-0.497077,0],[117.168958,-0.497077,0],[117.168961,-0.497085,0],[117.168965,-0.497092,0],[117.16897,-0.497102,0],[117.168973,-0.497111,0],[117.168973,-0.497119,0],[117.168974,-0.497133,0],[117.16897,-0.497224,0],[117.168965,-0.49727,0],[117.168959,-0.497308,0],[117.168944,-0.497373,0],[117.168907,-0.497501,0],[117.168872,-0.497605,0],[117.168836,-0.497707,0],[117.168807,-0.497776,0],[117.168784,-0.497827,0],[117.168769,-0.497858,0],[117.168757,-0.497885,0],[117.168747,-0.49791,0],[117.16874,-0.497933,0],[117.168734,-0.497953,0],[117.168732,-0.497969,0],[117.168729,-0.497999,0],[117.168726,-0.498042,0],[117.168723,-0.498111,0],[117.168722,-0.498153,0],[117.168725,-0.498208,0],[117.168734,-0.498299,0],[117.168741,-0.498377,0],[117.168744,-0.498423,0],[117.168744,-0.498458,0],[117.168743,-0.49849,0],[117.168738,-0.498527,0],[117.168733,-0.498553,0],[117.168725,-0.498593,0],[117.168716,-0.498624,0],[117.168707,-0.498646,0],[117.168697,-0.498666,0],[117.16868,-0.498691,0],[117.168662,-0.498714,0],[117.168618,-0.49877,0],[117.168584,-0.498814,0],[117.168566,-0.498839,0],[117.168551,-0.498864,0],[117.168534,-0.498897,0],[117.168518,-0.498931,0],[117.168498,-0.498972,0],[117.168485,-0.499005,0],[117.16847,-0.499045,0],[117.168446,-0.499117,0],[117.16843,-0.499166,0],[117.168415,-0.499222,0],[117.16841,-0.499239,0],[117.1684,-0.499275,0],[117.168383,-0.499345,0],[117.168371,-0.499394,0],[117.168364,-0.499434,0],[117.168358,-0.499484,0],[117.168355,-0.499522,0],[117.168353,-0.499563,0],[117.168353,-0.499607,0],[117.168355,-0.49966,0],[117.168362,-0.499792,0],[117.168364,-0.499826,0],[117.168371,-0.5,0],[117.168372,-0.500031,0],[117.16837,-0.500141,0],[117.168361,-0.500192,0],[117.168342,-0.500258,0],[117.168328,-0.500292,0],[117.168302,-0.500348,0],[117.168197,-0.500286,0],[117.168163,-0.500269,0],[117.168146,-0.500259,0],[117.168095,-0.500236,0],[117.168066,-0.500222,0],[117.168032,-0.500206,0],[117.167994,-0.500192,0],[117.167954,-0.500179,0],[117.167924,-0.500168,0],[117.167909,-0.500162,0],[117.167899,-0.500157,0],[117.16788,-0.500145,0],[117.167861,-0.500133,0],[117.167848,-0.50012,0],[117.167829,-0.5001,0],[117.167811,-0.50008,0],[117.167801,-0.500065,0],[117.167791,-0.500049,0],[117.16778,-0.500034,0],[117.167763,-0.500019,0],[117.167743,-0.500003,0],[117.167727,-0.499994,0],[117.167718,-0.499986,0],[117.16771,-0.499974,0],[117.167702,-0.499958,0],[117.167696,-0.499939,0],[117.167692,-0.499918,0],[117.16769,-0.499895,0],[117.167684,-0.49987,0],[117.167675,-0.499847,0],[117.167655,-0.499813,0],[117.167644,-0.499796,0],[117.167631,-0.499775,0],[117.167619,-0.499754,0],[117.167609,-0.499736,0],[117.1676,-0.499723,0],[117.167589,-0.499711,0],[117.167573,-0.499695,0],[117.167562,-0.49968,0],[117.167552,-0.499664,0],[117.167545,-0.499655,0],[117.167531,-0.499645,0],[117.167517,-0.499638,0],[117.167495,-0.499633,0],[117.167469,-0.499628,0],[117.167455,-0.499624,0],[117.167445,-0.499617,0],[117.167439,-0.499608,0],[117.167434,-0.49959,0],[117.167428,-0.499573,0],[117.167425,-0.499569,0],[117.167416,-0.499554,0],[117.167399,-0.499534,0],[117.167384,-0.499502,0],[117.16737,-0.499466,0],[117.167352,-0.499434,0],[117.16733,-0.49941,0],[117.167305,-0.499387,0],[117.16728,-0.499359,0],[117.167259,-0.499329,0],[117.16724,-0.499302,0],[117.167223,-0.499273,0],[117.167206,-0.499244,0],[117.167195,-0.499225,0],[117.167177,-0.499197,0],[117.167161,-0.499175,0],[117.167142,-0.499153,0],[117.167125,-0.499137,0],[117.167106,-0.499124,0],[117.167062,-0.499099,0],[117.167035,-0.499084,0],[117.167004,-0.499064,0],[117.166957,-0.499038,0],[117.166911,-0.499008,0],[117.166889,-0.498994,0],[117.166868,-0.498977,0],[117.166851,-0.498967,0],[117.166833,-0.498959,0],[117.166799,-0.498948,0],[117.166765,-0.498938,0],[117.166731,-0.49893,0],[117.166698,-0.498925,0],[117.166667,-0.49892,0],[117.166616,-0.498915,0],[117.166577,-0.498913,0],[117.166533,-0.498915,0],[117.166522,-0.498887,0],[117.166509,-0.498872,0],[117.166485,-0.498862,0],[117.166454,-0.498858,0],[117.166408,-0.498854,0],[117.16637,-0.49885,0],[117.166338,-0.498845,0],[117.166301,-0.498834,0],[117.166252,-0.498817,0],[117.166235,-0.498769,0],[117.166198,-0.49869,0],[117.166166,-0.498627,0],[117.166135,-0.498561,0],[117.166117,-0.498519,0],[117.166097,-0.498473,0],[117.166081,-0.498446,0],[117.166041,-0.498383,0],[117.165993,-0.498329,0],[117.165901,-0.498264,0],[117.165783,-0.49819,0],[117.165745,-0.498173,0],[117.16569,-0.49816,0],[117.165645,-0.498155,0],[117.16559,-0.498164,0],[117.165522,-0.498195,0],[117.165448,-0.498229,0],[117.165424,-0.49824,0],[117.165385,-0.498262,0],[117.165347,-0.49828,0],[117.165307,-0.498298,0],[117.165277,-0.498308,0],[117.16525,-0.498318,0],[117.165233,-0.498327,0],[117.165211,-0.498342,0],[117.165195,-0.498356,0],[117.165176,-0.498382,0],[117.165158,-0.498415,0],[117.165145,-0.498443,0],[117.165133,-0.498478,0],[117.165131,-0.498485,0],[117.165126,-0.498499,0],[117.165114,-0.498545,0],[117.165103,-0.49858,0],[117.165096,-0.49859,0],[117.165089,-0.498597,0],[117.165078,-0.498607,0],[117.165067,-0.498619,0],[117.165061,-0.498628,0],[117.165041,-0.498677,0],[117.16503,-0.498697,0],[117.165011,-0.498715,0],[117.164993,-0.498739,0],[117.164973,-0.498772,0],[117.164956,-0.498793,0],[117.164939,-0.498802,0],[117.164893,-0.498848,0],[117.164841,-0.498889,0],[117.164766,-0.498939,0],[117.164632,-0.499017,0],[117.164494,-0.499089,0],[117.164401,-0.499134,0],[117.164287,-0.499174,0],[117.164164,-0.499209,0],[117.164071,-0.499218,0],[117.164056,-0.499223,0],[117.164049,-0.499235,0],[117.164044,-0.499269,0],[117.164041,-0.499338,0],[117.164037,-0.499373,0],[117.164033,-0.499377,0],[117.164001,-0.49938,0],[117.163969,-0.499385,0],[117.163931,-0.499388,0],[117.163913,-0.499392,0],[117.163896,-0.499399,0],[117.163867,-0.499406,0],[117.163833,-0.499412,0],[117.1638,-0.499418,0],[117.163749,-0.49943,0],[117.163705,-0.499436,0],[117.163644,-0.499442,0],[117.163594,-0.499446,0],[117.163526,-0.499455,0],[117.16345,-0.499468,0],[117.163387,-0.49948,0],[117.163326,-0.499492,0],[117.163245,-0.499504,0],[117.16317,-0.499517,0],[117.163126,-0.499523,0],[117.163101,-0.499526,0],[117.163071,-0.499531,0],[117.163016,-0.499537,0],[117.162959,-0.499539,0],[117.162906,-0.499536,0],[117.162868,-0.499531,0],[117.162856,-0.499529,0],[117.162827,-0.499521,0],[117.162796,-0.499513,0],[117.162719,-0.49949,0],[117.162624,-0.49946,0],[117.162506,-0.499426,0],[117.162421,-0.499399,0],[117.162318,-0.499366,0],[117.162204,-0.499329,0],[117.162078,-0.499289,0],[117.161962,-0.499249,0],[117.161889,-0.499222,0],[117.161809,-0.499191,0],[117.161785,-0.499184,0],[117.161773,-0.49918,0],[117.161761,-0.499176,0],[117.161682,-0.499153,0],[117.161557,-0.499112,0],[117.16143,-0.499074,0],[117.161315,-0.499043,0],[117.161197,-0.499008,0],[117.161057,-0.498973,0],[117.160921,-0.49894,0],[117.160842,-0.498926,0],[117.160817,-0.498925,0],[117.160789,-0.498926,0],[117.160782,-0.498926,0],[117.16076,-0.498928,0],[117.160724,-0.498928,0],[117.160647,-0.498923,0],[117.160531,-0.498917,0],[117.160413,-0.498911,0],[117.160389,-0.498913,0],[117.160356,-0.498918,0],[117.160321,-0.49892,0],[117.160145,-0.498924,0],[117.160127,-0.498925,0],[117.159928,-0.498936,0],[117.159899,-0.498937,0],[117.159575,-0.49895,0],[117.159582,-0.499115,0],[117.15958,-0.499397,0],[117.159579,-0.499608,0],[117.159566,-0.499796,0],[117.159552,-0.499917,0],[117.159535,-0.5,0],[117.159529,-0.500033,0],[117.159511,-0.500131,0],[117.159496,-0.500218,0],[117.159473,-0.500329,0],[117.159453,-0.500438,0],[117.15943,-0.500556,0],[117.1594,-0.500691,0],[117.159356,-0.500875,0],[117.159327,-0.50101,0],[117.159288,-0.501164,0],[117.159652,-0.501278,0],[117.159678,-0.501286,0],[117.159735,-0.501304,0],[117.159792,-0.50133,0],[117.159878,-0.501377,0],[117.159991,-0.501444,0],[117.160096,-0.501509,0],[117.16019,-0.501572,0],[117.160372,-0.501678,0],[117.160445,-0.50172,0],[117.160554,-0.501789,0],[117.160665,-0.501853,0],[117.160798,-0.50192,0],[117.160928,-0.501978,0],[117.161019,-0.502019,0],[117.161129,-0.502069,0],[117.161275,-0.502142,0],[117.161403,-0.502207,0],[117.161475,-0.502246,0],[117.161556,-0.502288,0],[117.161584,-0.502294,0],[117.16165,-0.502289,0],[117.161706,-0.502268,0],[117.161792,-0.502224,0],[117.161864,-0.502191,0],[117.161921,-0.502156,0],[117.161962,-0.502126,0],[117.162013,-0.502077,0],[117.162052,-0.502043,0],[117.162078,-0.502028,0],[117.162101,-0.502024,0],[117.162128,-0.502026,0],[117.162207,-0.502042,0],[117.162254,-0.50205,0],[117.162266,-0.502052,0],[117.162206,-0.50218,0],[117.162153,-0.502282,0],[117.162113,-0.502356,0],[117.162037,-0.502507,0],[117.161978,-0.502618,0],[117.161954,-0.502662,0],[117.161891,-0.502753,0],[117.161814,-0.502865,0],[117.161773,-0.502921,0],[117.161668,-0.503077,0],[117.161597,-0.503183,0],[117.161515,-0.503288,0],[117.161437,-0.503381,0],[117.161422,-0.503398,0],[117.161345,-0.503489,0],[117.161328,-0.503524,0],[117.16132,-0.503547,0],[117.161315,-0.503575,0],[117.161307,-0.503615,0],[117.161293,-0.503653,0],[117.16128,-0.503689,0],[117.161242,-0.503782,0],[117.161214,-0.503849,0],[117.161179,-0.503929,0],[117.16116,-0.503966,0],[117.161144,-0.503997,0],[117.161189,-0.504023,0],[117.161359,-0.504133,0],[117.161496,-0.504233,0],[117.161514,-0.504248,0],[117.161653,-0.504357,0],[117.161781,-0.504456,0],[117.161903,-0.504547,0],[117.162029,-0.504624,0],[117.162029,-0.504624,0],[117.162092,-0.504663,0],[117.162191,-0.504718,0],[117.162331,-0.504792,0],[117.162456,-0.504844,0],[117.162566,-0.504877,0],[117.162625,-0.504887,0],[117.16282,-0.504906,0],[117.162979,-0.504912,0],[117.163169,-0.504923,0],[117.1633,-0.504931,0],[117.163337,-0.504933,0],[117.16354,-0.504948,0],[117.163679,-0.504964,0],[117.163782,-0.504979,0],[117.163846,-0.505004,0],[117.163907,-0.505034,0],[117.164008,-0.505102,0],[117.164105,-0.50517,0],[117.164171,-0.505207,0],[117.16429,-0.50527,0],[117.164381,-0.505324,0],[117.164462,-0.505371,0],[117.164502,-0.505399,0],[117.164639,-0.505352,0],[117.164924,-0.505159,0],[117.165879,-0.505349,0],[117.167064,-0.505297,0],[117.168131,-0.504786,0],[117.168079,-0.504065,0],[117.167793,-0.503279,0],[117.167923,-0.502964,0],[117.168912,-0.502517,0],[117.172677,-0.500131,0],[117.17273,-0.500074,0],[117.172747,-0.50006,0],[117.172761,-0.500047,0],[117.172977,-0.499798,0],[117.173065,-0.499695,0],[117.173258,-0.499565,0],[117.173458,-0.499431,0],[117.173466,-0.499329,0],[117.173501,-0.498949,0],[117.173531,-0.498545,0],[117.173594,-0.497688,0],[117.1736,-0.497603,0],[117.173606,-0.497536,0],[117.173606,-0.497521,0],[117.173608,-0.497446,0],[117.173609,-0.497349,0],[117.173611,-0.497234,0],[117.173613,-0.497116,0],[117.173611,-0.497005,0],[117.173609,-0.496883,0],[117.173605,-0.496701,0],[117.173602,-0.496589,0],[117.173597,-0.496342,0],[117.173595,-0.496242,0],[117.173593,-0.496165,0],[117.173593,-0.496157,0],[117.173593,-0.495938,0],[117.173593,-0.495864,0],[117.173593,-0.495777,0],[117.173593,-0.495711,0],[117.173593,-0.495566,0],[117.173593,-0.495414,0],[117.173593,-0.495374,0],[117.173593,-0.495311,0],[117.173596,-0.495277,0],[117.173606,-0.495141,0],[117.173644,-0.49505,0],[117.173681,-0.494977,0],[117.173688,-0.494965,0],[117.173717,-0.494917,0],[117.173741,-0.49487,0],[117.173745,-0.494858,0],[117.173748,-0.494848,0],[117.17375,-0.494832,0],[117.173752,-0.494793,0],[117.173752,-0.494763,0],[117.173752,-0.494762,0],[117.173753,-0.494736,0],[117.173757,-0.494707,0],[117.173768,-0.494664,0],[117.173778,-0.49462,0],[117.173779,-0.494614,0],[117.173778,-0.494612,0],[117.173765,-0.494592,0],[117.173054,-0.493561,0],[117.171626,-0.491489,0],[117.171616,-0.491475,0],[117.171528,-0.491513,0],[117.171462,-0.491525,0],[117.171374,-0.491539,0],[117.171217,-0.491499,0]]],[[[117.16514,-0.506634,0],[117.164921,-0.506386,0],[117.164829,-0.506204,0],[117.16483,-0.506208,0],[117.164868,-0.506296,0],[117.164898,-0.506353,0],[117.164944,-0.506422,0],[117.164986,-0.506475,0],[117.165044,-0.506542,0],[117.165097,-0.506599,0],[117.165156,-0.50665,0],[117.16514,-0.506634,0]]],[[[117.164645,-0.505625,0],[117.164646,-0.505627,0],[117.164644,-0.505623,0],[117.164645,-0.505625,0]]]]}},{"type":"Feature","properties":{"OBJECTID":47259,"KDPPUM":"64","NAMOBJ":"Kelurahan Bugis","REMARK":null,"KDPBPS":null,"FCODE":"BA03070040","LUASWH":null,"UUPP":"Data RBI Skala 1:5.000 Tahun 2016","SRS_ID":"SRGI 2013","METADATA":"TASWIL1000020200326DATA_BATAS_DESA_KELURAHAN","KDEBPS":null,"KDEPUM":"64.72.09.1004","KDCBPS":null,"KDCPUM":"64.72.09","KDBBPS":null,"WADMKD":"Kelurahan Bugis","WIADKD":null,"WADMKC":"Samarinda Kota","WIADKC":null,"WADMKK":"Kota Samarinda","WIADKK":null,"WADMPR":"Kalimantan Timur","WIADPR":null,"TIPADM":2,"KDPKAB":"64.72","SHAPE_Leng":0.048070219621037,"SHAPE_Area":0.000061437480319,"visibility":false},"geometry":{"type":"MultiPolygon","coordinates":[[[[117.146503,-0.489695,0],[117.146291,-0.489541,0],[117.146141,-0.489584,0],[117.146131,-0.489589,0],[117.146122,-0.489597,0],[117.146086,-0.489628,0],[117.146043,-0.489664,0],[117.146011,-0.489694,0],[117.145907,-0.489806,0],[117.145899,-0.489815,0],[117.145833,-0.489885,0],[117.145803,-0.489917,0],[117.145705,-0.490028,0],[117.145617,-0.490131,0],[117.145568,-0.490195,0],[117.145563,-0.490202,0],[117.145549,-0.490222,0],[117.145528,-0.490257,0],[117.145508,-0.490294,0],[117.145486,-0.490342,0],[117.145451,-0.490425,0],[117.145401,-0.490556,0],[117.14535,-0.490706,0],[117.145309,-0.490828,0],[117.145276,-0.490925,0],[117.145188,-0.491191,0],[117.1451,-0.491461,0],[117.145019,-0.491713,0],[117.145005,-0.491757,0],[117.144973,-0.491854,0],[117.144938,-0.491969,0],[117.144907,-0.492078,0],[117.144888,-0.492147,0],[117.144886,-0.492156,0],[117.144873,-0.492209,0],[117.144858,-0.492271,0],[117.144843,-0.492337,0],[117.144826,-0.492414,0],[117.144803,-0.4925,0],[117.144786,-0.492567,0],[117.144761,-0.492683,0],[117.144715,-0.49282,0],[117.144701,-0.492867,0],[117.144667,-0.492967,0],[117.14466,-0.492988,0],[117.144624,-0.493086,0],[117.144623,-0.49309,0],[117.144583,-0.493207,0],[117.144268,-0.493849,0],[117.144206,-0.493984,0],[117.144123,-0.49418,0],[117.144028,-0.494407,0],[117.143999,-0.49447,0],[117.143929,-0.494623,0],[117.143859,-0.494781,0],[117.143835,-0.49484,0],[117.143814,-0.4949,0],[117.143806,-0.49493,0],[117.143797,-0.494966,0],[117.143782,-0.495025,0],[117.143767,-0.495101,0],[117.143755,-0.495186,0],[117.143748,-0.495242,0],[117.143744,-0.495301,0],[117.143762,-0.495538,0],[117.14381,-0.495848,0],[117.143809,-0.495857,0],[117.143819,-0.49591,0],[117.143829,-0.495968,0],[117.143836,-0.496012,0],[117.143839,-0.496034,0],[117.143845,-0.496078,0],[117.143855,-0.496182,0],[117.143496,-0.49622,0],[117.143391,-0.496205,0],[117.143337,-0.496177,0],[117.143321,-0.496158,0],[117.143232,-0.496154,0],[117.142508,-0.496009,0],[117.142483,-0.495992,0],[117.142481,-0.495993,0],[117.142433,-0.496007,0],[117.142304,-0.496018,0],[117.142208,-0.496021,0],[117.142196,-0.49602,0],[117.142158,-0.49602,0],[117.142143,-0.496019,0],[117.142132,-0.496016,0],[117.142122,-0.496009,0],[117.142114,-0.495996,0],[117.142107,-0.495976,0],[117.142097,-0.495942,0],[117.142089,-0.495907,0],[117.14208,-0.495862,0],[117.14207,-0.495821,0],[117.142058,-0.495785,0],[117.142042,-0.495741,0],[117.142022,-0.495687,0],[117.142011,-0.495658,0],[117.141955,-0.495618,0],[117.141949,-0.495617,0],[117.141916,-0.495609,0],[117.141874,-0.4956,0],[117.141834,-0.49559,0],[117.141798,-0.49558,0],[117.141755,-0.495569,0],[117.141708,-0.495558,0],[117.141671,-0.495547,0],[117.141622,-0.495534,0],[117.141578,-0.495523,0],[117.141553,-0.495519,0],[117.141526,-0.495516,0],[117.141504,-0.495515,0],[117.141481,-0.495511,0],[117.141459,-0.495506,0],[117.141433,-0.495498,0],[117.141408,-0.495491,0],[117.141381,-0.495486,0],[117.141363,-0.495483,0],[117.141345,-0.495482,0],[117.141332,-0.49548,0],[117.141336,-0.495429,0],[117.141341,-0.4954,0],[117.141349,-0.495378,0],[117.14136,-0.495358,0],[117.141377,-0.49533,0],[117.1414,-0.495305,0],[117.141434,-0.495277,0],[117.141453,-0.495264,0],[117.141308,-0.49516,0],[117.141305,-0.495159,0],[117.141283,-0.495144,0],[117.140915,-0.494997,0],[117.140727,-0.49492,0],[117.140703,-0.495929,0],[117.140659,-0.496096,0],[117.140689,-0.496103,0],[117.140716,-0.496119,0],[117.140736,-0.496152,0],[117.14078,-0.496214,0],[117.140782,-0.496265,0],[117.140776,-0.496329,0],[117.140757,-0.496396,0],[117.14075,-0.496449,0],[117.140765,-0.496505,0],[117.140782,-0.496574,0],[117.140799,-0.496655,0],[117.140814,-0.496655,0],[117.140839,-0.496658,0],[117.140921,-0.49667,0],[117.140988,-0.496684,0],[117.141014,-0.49669,0],[117.141035,-0.496692,0],[117.141054,-0.496693,0],[117.141074,-0.496691,0],[117.141099,-0.496684,0],[117.141127,-0.496674,0],[117.141154,-0.496662,0],[117.141175,-0.496648,0],[117.141286,-0.496752,0],[117.141429,-0.496916,0],[117.141575,-0.497096,0],[117.141812,-0.497388,0],[117.141823,-0.497407,0],[117.141833,-0.497429,0],[117.141838,-0.497449,0],[117.141844,-0.497475,0],[117.141847,-0.497502,0],[117.14185,-0.49755,0],[117.141858,-0.497663,0],[117.141868,-0.49777,0],[117.141873,-0.497822,0],[117.14188,-0.497888,0],[117.141884,-0.49792,0],[117.141892,-0.497951,0],[117.141897,-0.497968,0],[117.141905,-0.497986,0],[117.141916,-0.498006,0],[117.141928,-0.498022,0],[117.141942,-0.498037,0],[117.14196,-0.498054,0],[117.141991,-0.49808,0],[117.14201,-0.498095,0],[117.142024,-0.49811,0],[117.142039,-0.498127,0],[117.142053,-0.498145,0],[117.142066,-0.498164,0],[117.142079,-0.498186,0],[117.14209,-0.498213,0],[117.1421,-0.498239,0],[117.142109,-0.498262,0],[117.142116,-0.498288,0],[117.142123,-0.498313,0],[117.142128,-0.498336,0],[117.142128,-0.49834,0],[117.14213,-0.498359,0],[117.142131,-0.498368,0],[117.142131,-0.49838,0],[117.14213,-0.498393,0],[117.142127,-0.498404,0],[117.142123,-0.498418,0],[117.142129,-0.498422,0],[117.142136,-0.498431,0],[117.142145,-0.498446,0],[117.142155,-0.498465,0],[117.142166,-0.498482,0],[117.142181,-0.498504,0],[117.142194,-0.498526,0],[117.142205,-0.498546,0],[117.14221,-0.498563,0],[117.142215,-0.498582,0],[117.142217,-0.498596,0],[117.142217,-0.49862,0],[117.142216,-0.498638,0],[117.142213,-0.498656,0],[117.142208,-0.498675,0],[117.142199,-0.498696,0],[117.142185,-0.498719,0],[117.142161,-0.498747,0],[117.142126,-0.498783,0],[117.142092,-0.498816,0],[117.142066,-0.498844,0],[117.142044,-0.498871,0],[117.142023,-0.498899,0],[117.141993,-0.498943,0],[117.14197,-0.498981,0],[117.141951,-0.499023,0],[117.141935,-0.499065,0],[117.141914,-0.499119,0],[117.141895,-0.499176,0],[117.141881,-0.49922,0],[117.141874,-0.499243,0],[117.141869,-0.499263,0],[117.141867,-0.499279,0],[117.141869,-0.499294,0],[117.141873,-0.499312,0],[117.141878,-0.499324,0],[117.141879,-0.499326,0],[117.141885,-0.499339,0],[117.141895,-0.499356,0],[117.141877,-0.499367,0],[117.141859,-0.499381,0],[117.141844,-0.499397,0],[117.14183,-0.499415,0],[117.141816,-0.499439,0],[117.141798,-0.499473,0],[117.141776,-0.49952,0],[117.141752,-0.49957,0],[117.141713,-0.499648,0],[117.141683,-0.499704,0],[117.14166,-0.499741,0],[117.141606,-0.499823,0],[117.141536,-0.49993,0],[117.141436,-0.500196,0],[117.141275,-0.500734,0],[117.141274,-0.500742,0],[117.141271,-0.500767,0],[117.141268,-0.500805,0],[117.141262,-0.500849,0],[117.141246,-0.500928,0],[117.1412,-0.501139,0],[117.141179,-0.50123,0],[117.141134,-0.501428,0],[117.141083,-0.501647,0],[117.141078,-0.501671,0],[117.141076,-0.501695,0],[117.141075,-0.501713,0],[117.141075,-0.501717,0],[117.141075,-0.501734,0],[117.141075,-0.50174,0],[117.141078,-0.501795,0],[117.140338,-0.504165,0],[117.140967,-0.50438,0],[117.141657,-0.504589,0],[117.141885,-0.504679,0],[117.14242,-0.504903,0],[117.142441,-0.504911,0],[117.1433,-0.502614,0],[117.143453,-0.50195,0],[117.143535,-0.501613,0],[117.143583,-0.501414,0],[117.14361,-0.501309,0],[117.143646,-0.501194,0],[117.143695,-0.501206,0],[117.143721,-0.501213,0],[117.143872,-0.501257,0],[117.144225,-0.501362,0],[117.144556,-0.501457,0],[117.144828,-0.501531,0],[117.144963,-0.501045,0],[117.145054,-0.500712,0],[117.145088,-0.500588,0],[117.145152,-0.500319,0],[117.145206,-0.500007,0],[117.145233,-0.499846,0],[117.145289,-0.49944,0],[117.145311,-0.499243,0],[117.145311,-0.49922,0],[117.145309,-0.499206,0],[117.145306,-0.499194,0],[117.145315,-0.499189,0],[117.14532,-0.499185,0],[117.145326,-0.49918,0],[117.145335,-0.49917,0],[117.145344,-0.49916,0],[117.145357,-0.499142,0],[117.145385,-0.499097,0],[117.145458,-0.498979,0],[117.14553,-0.498862,0],[117.145557,-0.498818,0],[117.145567,-0.498805,0],[117.145578,-0.498797,0],[117.145596,-0.498787,0],[117.145656,-0.498759,0],[117.14575,-0.498712,0],[117.145845,-0.498666,0],[117.145967,-0.498618,0],[117.146013,-0.498602,0],[117.146067,-0.498588,0],[117.146127,-0.498577,0],[117.146152,-0.498572,0],[117.14616,-0.498583,0],[117.14617,-0.498595,0],[117.146185,-0.498607,0],[117.146197,-0.498613,0],[117.146231,-0.498616,0],[117.146365,-0.498611,0],[117.146497,-0.498604,0],[117.146657,-0.498595,0],[117.146841,-0.498588,0],[117.146843,-0.498386,0],[117.146848,-0.497919,0],[117.147042,-0.497794,0],[117.146951,-0.497516,0],[117.146901,-0.497292,0],[117.146901,-0.497105,0],[117.146914,-0.496914,0],[117.146988,-0.496681,0],[117.147081,-0.49653,0],[117.14741,-0.49618,0],[117.147522,-0.496072,0],[117.147656,-0.495993,0],[117.147944,-0.495899,0],[117.14823,-0.495847,0],[117.148207,-0.49573,0],[117.148185,-0.49559,0],[117.148161,-0.495427,0],[117.148157,-0.495399,0],[117.148145,-0.495333,0],[117.148265,-0.495311,0],[117.148367,-0.4953,0],[117.148463,-0.495296,0],[117.148549,-0.495298,0],[117.148641,-0.495305,0],[117.148725,-0.495316,0],[117.148754,-0.49532,0],[117.148866,-0.49534,0],[117.148893,-0.495345,0],[117.148968,-0.495359,0],[117.148992,-0.495366,0],[117.149006,-0.49537,0],[117.149059,-0.495387,0],[117.149136,-0.495415,0],[117.149223,-0.495454,0],[117.149321,-0.495506,0],[117.149395,-0.495552,0],[117.149564,-0.495661,0],[117.149578,-0.495671,0],[117.149591,-0.495687,0],[117.149602,-0.495703,0],[117.149612,-0.495723,0],[117.149653,-0.495747,0],[117.1497,-0.495767,0],[117.149736,-0.495718,0],[117.14978,-0.495662,0],[117.149834,-0.495582,0],[117.150094,-0.495172,0],[117.15026,-0.494913,0],[117.150341,-0.49479,0],[117.15048,-0.494571,0],[117.1505,-0.49454,0],[117.150453,-0.494511,0],[117.150443,-0.494506,0],[117.150443,-0.494505,0],[117.150379,-0.494466,0],[117.150196,-0.494362,0],[117.149906,-0.494205,0],[117.149875,-0.494188,0],[117.149851,-0.494174,0],[117.149844,-0.494169,0],[117.149834,-0.494161,0],[117.149824,-0.494149,0],[117.149815,-0.494135,0],[117.149807,-0.494122,0],[117.149797,-0.494109,0],[117.149788,-0.494101,0],[117.149801,-0.49408,0],[117.14984,-0.494013,0],[117.149922,-0.493878,0],[117.150009,-0.493728,0],[117.15007,-0.49362,0],[117.150083,-0.493591,0],[117.150094,-0.493557,0],[117.150101,-0.49353,0],[117.150106,-0.493503,0],[117.150114,-0.49345,0],[117.150125,-0.493331,0],[117.150134,-0.493184,0],[117.150138,-0.493031,0],[117.150141,-0.492881,0],[117.150141,-0.492836,0],[117.15014,-0.492801,0],[117.150133,-0.492766,0],[117.150118,-0.492721,0],[117.1501,-0.492677,0],[117.150087,-0.492625,0],[117.150078,-0.492575,0],[117.15007,-0.492492,0],[117.150066,-0.492392,0],[117.15007,-0.492329,0],[117.150077,-0.492296,0],[117.150083,-0.49228,0],[117.150083,-0.49228,0],[117.150092,-0.492259,0],[117.150101,-0.492237,0],[117.150115,-0.492204,0],[117.149016,-0.491454,0],[117.148354,-0.491006,0],[117.147519,-0.490439,0],[117.146853,-0.489984,0],[117.146665,-0.489858,0],[117.146625,-0.489827,0],[117.146509,-0.489702,0],[117.146503,-0.489695,0]]]]}},{"type":"Feature","properties":{"OBJECTID":47260,"KDPPUM":"64","NAMOBJ":"Kelurahan Sidomulyo","REMARK":null,"KDPBPS":null,"FCODE":"BA03070040","LUASWH":null,"UUPP":"Data RBI Skala 1:5.000 Tahun 2016","SRS_ID":"SRGI 2013","METADATA":"TASWIL1000020200326DATA_BATAS_DESA_KELURAHAN","KDEBPS":null,"KDEPUM":"64.72.04.1003","KDCBPS":null,"KDCPUM":"64.72.04","KDBBPS":null,"WADMKD":"Kelurahan Sidomulyo","WIADKD":null,"WADMKC":"Samarinda Ilir","WIADKC":null,"WADMKK":"Kota Samarinda","WIADKK":null,"WADMPR":"Kalimantan Timur","WIADPR":null,"TIPADM":2,"KDPKAB":"64.72","SHAPE_Leng":0.04294665838584,"SHAPE_Area":0.000086224389157,"visibility":false},"geometry":{"type":"MultiPolygon","coordinates":[[[[117.162477,-0.489589,0],[117.162465,-0.489581,0],[117.162459,-0.489503,0],[117.162451,-0.489414,0],[117.162449,-0.489398,0],[117.162406,-0.489404,0],[117.162363,-0.489409,0],[117.162175,-0.489423,0],[117.16195,-0.489441,0],[117.16181,-0.489451,0],[117.161804,-0.489452,0],[117.161757,-0.489457,0],[117.161665,-0.489472,0],[117.161626,-0.489481,0],[117.161601,-0.489488,0],[117.161574,-0.489501,0],[117.161572,-0.489501,0],[117.161498,-0.48954,0],[117.161415,-0.489587,0],[117.161405,-0.489592,0],[117.16141,-0.489599,0],[117.161401,-0.489606,0],[117.161276,-0.489697,0],[117.161213,-0.489735,0],[117.161202,-0.489739,0],[117.161191,-0.489742,0],[117.161178,-0.489743,0],[117.161078,-0.489741,0],[117.161062,-0.489741,0],[117.161048,-0.489744,0],[117.16103,-0.489752,0],[117.161027,-0.489753,0],[117.160889,-0.489814,0],[117.160772,-0.489871,0],[117.160868,-0.490086,0],[117.160878,-0.490103,0],[117.160832,-0.490116,0],[117.160657,-0.490133,0],[117.160535,-0.490152,0],[117.160535,-0.490165,0],[117.160478,-0.490169,0],[117.160432,-0.490172,0],[117.160428,-0.490176,0],[117.160436,-0.490314,0],[117.160427,-0.490315,0],[117.160341,-0.490317,0],[117.160313,-0.490321,0],[117.160255,-0.490334,0],[117.160197,-0.490352,0],[117.160132,-0.490371,0],[117.160077,-0.49038,0],[117.159957,-0.490393,0],[117.159937,-0.490394,0],[117.159924,-0.490414,0],[117.159914,-0.490422,0],[117.1598,-0.490485,0],[117.159708,-0.490498,0],[117.159708,-0.490607,0],[117.159707,-0.490698,0],[117.159699,-0.490771,0],[117.159693,-0.490867,0],[117.1597,-0.490996,0],[117.159384,-0.491021,0],[117.15914,-0.491043,0],[117.159126,-0.490997,0],[117.158953,-0.491047,0],[117.158969,-0.491116,0],[117.158901,-0.491129,0],[117.158843,-0.491143,0],[117.158827,-0.491054,0],[117.158707,-0.491073,0],[117.158701,-0.491032,0],[117.158582,-0.491052,0],[117.158604,-0.491178,0],[117.158547,-0.491191,0],[117.158545,-0.491183,0],[117.15853,-0.491186,0],[117.158529,-0.49118,0],[117.158454,-0.491196,0],[117.158443,-0.491112,0],[117.158439,-0.491112,0],[117.158343,-0.491127,0],[117.158302,-0.491134,0],[117.158251,-0.491152,0],[117.158186,-0.49118,0],[117.158138,-0.491202,0],[117.15809,-0.491227,0],[117.157994,-0.491282,0],[117.157899,-0.49134,0],[117.157799,-0.491397,0],[117.157733,-0.491286,0],[117.157694,-0.491204,0],[117.157672,-0.491151,0],[117.157583,-0.491194,0],[117.157484,-0.491249,0],[117.157397,-0.491299,0],[117.157393,-0.491293,0],[117.157311,-0.491348,0],[117.157327,-0.491449,0],[117.157334,-0.491504,0],[117.157386,-0.491772,0],[117.157453,-0.491777,0],[117.157521,-0.49179,0],[117.157577,-0.491807,0],[117.157633,-0.491829,0],[117.157678,-0.491863,0],[117.157737,-0.491924,0],[117.157796,-0.491994,0],[117.15785,-0.49206,0],[117.157899,-0.492123,0],[117.157964,-0.492215,0],[117.157995,-0.49227,0],[117.158023,-0.492326,0],[117.158051,-0.492392,0],[117.158081,-0.492456,0],[117.158119,-0.492524,0],[117.15817,-0.492594,0],[117.158255,-0.492696,0],[117.158318,-0.492761,0],[117.158394,-0.492826,0],[117.158456,-0.492868,0],[117.158537,-0.492903,0],[117.15866,-0.492954,0],[117.158776,-0.492999,0],[117.158928,-0.493059,0],[117.159041,-0.493132,0],[117.1591,-0.493186,0],[117.159154,-0.493255,0],[117.159198,-0.49335,0],[117.159217,-0.493436,0],[117.159223,-0.49353,0],[117.159212,-0.493631,0],[117.159191,-0.493712,0],[117.159148,-0.493782,0],[117.159098,-0.49385,0],[117.159027,-0.493922,0],[117.158933,-0.494014,0],[117.158851,-0.494119,0],[117.158825,-0.494167,0],[117.158816,-0.4942,0],[117.158816,-0.494201,0],[117.158809,-0.494222,0],[117.158802,-0.494247,0],[117.158795,-0.494271,0],[117.158788,-0.494295,0],[117.158787,-0.494297,0],[117.158779,-0.494371,0],[117.158782,-0.49443,0],[117.158803,-0.494497,0],[117.158836,-0.494541,0],[117.158942,-0.494664,0],[117.159082,-0.494813,0],[117.159205,-0.494963,0],[117.159293,-0.495082,0],[117.159345,-0.495162,0],[117.159389,-0.495231,0],[117.159451,-0.495353,0],[117.159477,-0.495451,0],[117.15948,-0.495556,0],[117.159473,-0.495681,0],[117.15945,-0.49579,0],[117.159411,-0.495906,0],[117.159347,-0.496046,0],[117.159249,-0.496199,0],[117.159192,-0.496303,0],[117.159153,-0.496404,0],[117.159132,-0.49651,0],[117.159131,-0.496613,0],[117.159138,-0.496729,0],[117.159164,-0.496847,0],[117.159231,-0.497093,0],[117.159232,-0.497094,0],[117.159244,-0.497133,0],[117.159257,-0.497172,0],[117.159297,-0.497292,0],[117.159353,-0.497449,0],[117.159386,-0.497536,0],[117.159401,-0.497578,0],[117.159414,-0.497614,0],[117.159448,-0.497725,0],[117.159486,-0.497891,0],[117.159517,-0.498089,0],[117.159547,-0.498384,0],[117.159567,-0.49875,0],[117.159575,-0.49895,0],[117.159899,-0.498937,0],[117.159928,-0.498936,0],[117.160127,-0.498925,0],[117.160145,-0.498924,0],[117.160321,-0.49892,0],[117.160356,-0.498918,0],[117.160389,-0.498913,0],[117.160413,-0.498911,0],[117.160531,-0.498917,0],[117.160647,-0.498923,0],[117.160724,-0.498928,0],[117.16076,-0.498928,0],[117.160782,-0.498926,0],[117.160789,-0.498926,0],[117.160817,-0.498925,0],[117.160842,-0.498926,0],[117.160921,-0.49894,0],[117.161057,-0.498973,0],[117.161197,-0.499008,0],[117.161315,-0.499043,0],[117.16143,-0.499074,0],[117.161557,-0.499112,0],[117.161682,-0.499153,0],[117.161761,-0.499176,0],[117.161773,-0.49918,0],[117.161785,-0.499184,0],[117.161809,-0.499191,0],[117.161889,-0.499222,0],[117.161962,-0.499249,0],[117.162078,-0.499289,0],[117.162204,-0.499329,0],[117.162318,-0.499366,0],[117.162421,-0.499399,0],[117.162506,-0.499426,0],[117.162624,-0.49946,0],[117.162719,-0.49949,0],[117.162796,-0.499513,0],[117.162827,-0.499521,0],[117.162856,-0.499529,0],[117.162868,-0.499531,0],[117.162906,-0.499536,0],[117.162959,-0.499539,0],[117.163016,-0.499537,0],[117.163071,-0.499531,0],[117.163101,-0.499526,0],[117.163126,-0.499523,0],[117.16317,-0.499517,0],[117.163245,-0.499504,0],[117.163326,-0.499492,0],[117.163387,-0.49948,0],[117.16345,-0.499468,0],[117.163526,-0.499455,0],[117.163594,-0.499446,0],[117.163644,-0.499442,0],[117.163705,-0.499436,0],[117.163749,-0.49943,0],[117.1638,-0.499418,0],[117.163833,-0.499412,0],[117.163867,-0.499406,0],[117.163896,-0.499399,0],[117.163913,-0.499392,0],[117.163931,-0.499388,0],[117.163969,-0.499385,0],[117.164001,-0.49938,0],[117.164033,-0.499377,0],[117.164037,-0.499373,0],[117.164041,-0.499338,0],[117.164044,-0.499269,0],[117.164049,-0.499235,0],[117.164056,-0.499223,0],[117.164071,-0.499218,0],[117.164164,-0.499209,0],[117.164287,-0.499174,0],[117.164401,-0.499134,0],[117.164494,-0.499089,0],[117.164632,-0.499017,0],[117.164766,-0.498939,0],[117.164841,-0.498889,0],[117.164893,-0.498848,0],[117.164939,-0.498802,0],[117.164956,-0.498793,0],[117.164973,-0.498772,0],[117.164993,-0.498739,0],[117.165011,-0.498715,0],[117.16503,-0.498697,0],[117.165041,-0.498677,0],[117.165061,-0.498628,0],[117.165067,-0.498619,0],[117.165078,-0.498607,0],[117.165089,-0.498597,0],[117.165096,-0.49859,0],[117.165103,-0.49858,0],[117.165114,-0.498545,0],[117.165126,-0.498499,0],[117.165131,-0.498485,0],[117.165133,-0.498478,0],[117.165145,-0.498443,0],[117.165158,-0.498415,0],[117.165176,-0.498382,0],[117.165195,-0.498356,0],[117.165211,-0.498342,0],[117.165233,-0.498327,0],[117.16525,-0.498318,0],[117.165277,-0.498308,0],[117.165307,-0.498298,0],[117.165347,-0.49828,0],[117.165385,-0.498262,0],[117.165424,-0.49824,0],[117.165448,-0.498229,0],[117.165522,-0.498195,0],[117.16559,-0.498164,0],[117.165645,-0.498155,0],[117.16569,-0.49816,0],[117.165745,-0.498173,0],[117.165783,-0.49819,0],[117.165901,-0.498264,0],[117.165993,-0.498329,0],[117.166041,-0.498383,0],[117.166081,-0.498446,0],[117.166097,-0.498473,0],[117.166117,-0.498519,0],[117.166135,-0.498561,0],[117.166166,-0.498627,0],[117.166198,-0.49869,0],[117.166235,-0.498769,0],[117.166252,-0.498817,0],[117.166301,-0.498834,0],[117.166338,-0.498845,0],[117.16637,-0.49885,0],[117.166408,-0.498854,0],[117.166454,-0.498858,0],[117.166485,-0.498862,0],[117.166509,-0.498872,0],[117.166522,-0.498887,0],[117.166533,-0.498915,0],[117.166577,-0.498913,0],[117.166616,-0.498915,0],[117.166667,-0.49892,0],[117.166698,-0.498925,0],[117.166731,-0.49893,0],[117.166765,-0.498938,0],[117.166799,-0.498948,0],[117.166833,-0.498959,0],[117.166851,-0.498967,0],[117.166868,-0.498977,0],[117.166889,-0.498994,0],[117.166911,-0.499008,0],[117.166957,-0.499038,0],[117.167004,-0.499064,0],[117.167035,-0.499084,0],[117.167062,-0.499099,0],[117.167106,-0.499124,0],[117.167125,-0.499137,0],[117.167142,-0.499153,0],[117.167161,-0.499175,0],[117.167177,-0.499197,0],[117.167195,-0.499225,0],[117.167206,-0.499244,0],[117.167223,-0.499273,0],[117.16724,-0.499302,0],[117.167259,-0.499329,0],[117.16728,-0.499359,0],[117.167305,-0.499387,0],[117.16733,-0.49941,0],[117.167352,-0.499434,0],[117.16737,-0.499466,0],[117.167384,-0.499502,0],[117.167399,-0.499534,0],[117.167416,-0.499554,0],[117.167425,-0.499569,0],[117.167428,-0.499573,0],[117.167434,-0.49959,0],[117.167439,-0.499608,0],[117.167445,-0.499617,0],[117.167455,-0.499624,0],[117.167469,-0.499628,0],[117.167495,-0.499633,0],[117.167517,-0.499638,0],[117.167531,-0.499645,0],[117.167545,-0.499655,0],[117.167552,-0.499664,0],[117.167562,-0.49968,0],[117.167573,-0.499695,0],[117.167589,-0.499711,0],[117.1676,-0.499723,0],[117.167609,-0.499736,0],[117.167619,-0.499754,0],[117.167631,-0.499775,0],[117.167644,-0.499796,0],[117.167655,-0.499813,0],[117.167675,-0.499847,0],[117.167684,-0.49987,0],[117.16769,-0.499895,0],[117.167692,-0.499918,0],[117.167696,-0.499939,0],[117.167702,-0.499958,0],[117.16771,-0.499974,0],[117.167718,-0.499986,0],[117.167727,-0.499994,0],[117.167743,-0.500003,0],[117.167763,-0.500019,0],[117.16778,-0.500034,0],[117.167791,-0.500049,0],[117.167801,-0.500065,0],[117.167811,-0.50008,0],[117.167829,-0.5001,0],[117.167848,-0.50012,0],[117.167861,-0.500133,0],[117.16788,-0.500145,0],[117.167899,-0.500157,0],[117.167909,-0.500162,0],[117.167924,-0.500168,0],[117.167954,-0.500179,0],[117.167994,-0.500192,0],[117.168032,-0.500206,0],[117.168066,-0.500222,0],[117.168095,-0.500236,0],[117.168146,-0.500259,0],[117.168163,-0.500269,0],[117.168197,-0.500286,0],[117.168302,-0.500348,0],[117.168328,-0.500292,0],[117.168342,-0.500258,0],[117.168361,-0.500192,0],[117.16837,-0.500141,0],[117.168372,-0.500031,0],[117.168371,-0.5,0],[117.168364,-0.499826,0],[117.168362,-0.499792,0],[117.168355,-0.49966,0],[117.168353,-0.499607,0],[117.168353,-0.499563,0],[117.168355,-0.499522,0],[117.168358,-0.499484,0],[117.168364,-0.499434,0],[117.168371,-0.499394,0],[117.168383,-0.499345,0],[117.1684,-0.499275,0],[117.16841,-0.499239,0],[117.168415,-0.499222,0],[117.16843,-0.499166,0],[117.168446,-0.499117,0],[117.16847,-0.499045,0],[117.168485,-0.499005,0],[117.168498,-0.498972,0],[117.168518,-0.498931,0],[117.168534,-0.498897,0],[117.168551,-0.498864,0],[117.168566,-0.498839,0],[117.168584,-0.498814,0],[117.168618,-0.49877,0],[117.168662,-0.498714,0],[117.16868,-0.498691,0],[117.168697,-0.498666,0],[117.168707,-0.498646,0],[117.168716,-0.498624,0],[117.168725,-0.498593,0],[117.168733,-0.498553,0],[117.168738,-0.498527,0],[117.168743,-0.49849,0],[117.168744,-0.498458,0],[117.168744,-0.498423,0],[117.168741,-0.498377,0],[117.168734,-0.498299,0],[117.168725,-0.498208,0],[117.168722,-0.498153,0],[117.168723,-0.498111,0],[117.168726,-0.498042,0],[117.168729,-0.497999,0],[117.168732,-0.497969,0],[117.168734,-0.497953,0],[117.16874,-0.497933,0],[117.168747,-0.49791,0],[117.168757,-0.497885,0],[117.168769,-0.497858,0],[117.168784,-0.497827,0],[117.168807,-0.497776,0],[117.168836,-0.497707,0],[117.168872,-0.497605,0],[117.168907,-0.497501,0],[117.168944,-0.497373,0],[117.168959,-0.497308,0],[117.168965,-0.49727,0],[117.16897,-0.497224,0],[117.168974,-0.497133,0],[117.168973,-0.497119,0],[117.168973,-0.497111,0],[117.16897,-0.497102,0],[117.168965,-0.497092,0],[117.168961,-0.497085,0],[117.168958,-0.497077,0],[117.168957,-0.497077,0],[117.168956,-0.497066,0],[117.168954,-0.49691,0],[117.168952,-0.496793,0],[117.168949,-0.496775,0],[117.168946,-0.496757,0],[117.16894,-0.496742,0],[117.168931,-0.496722,0],[117.16892,-0.496703,0],[117.168915,-0.496695,0],[117.16891,-0.496687,0],[117.168901,-0.496673,0],[117.168909,-0.496668,0],[117.16892,-0.496657,0],[117.16893,-0.496645,0],[117.168938,-0.49663,0],[117.168947,-0.496608,0],[117.168977,-0.496531,0],[117.169009,-0.49645,0],[117.169031,-0.496397,0],[117.169047,-0.496365,0],[117.16907,-0.496323,0],[117.169096,-0.496281,0],[117.169114,-0.496254,0],[117.169129,-0.49623,0],[117.169129,-0.49623,0],[117.169152,-0.496193,0],[117.169184,-0.496135,0],[117.169256,-0.495999,0],[117.169337,-0.495844,0],[117.169403,-0.495712,0],[117.169413,-0.495693,0],[117.169455,-0.495602,0],[117.16944,-0.495578,0],[117.169431,-0.495562,0],[117.169428,-0.495557,0],[117.169412,-0.495521,0],[117.1694,-0.495489,0],[117.169392,-0.495457,0],[117.169376,-0.495388,0],[117.169365,-0.495326,0],[117.169359,-0.495274,0],[117.169355,-0.495226,0],[117.169351,-0.495177,0],[117.169347,-0.495117,0],[117.169347,-0.49508,0],[117.169348,-0.495056,0],[117.16935,-0.495037,0],[117.169355,-0.495012,0],[117.169371,-0.494945,0],[117.169389,-0.49486,0],[117.169401,-0.494788,0],[117.169406,-0.494752,0],[117.169411,-0.494697,0],[117.169414,-0.494628,0],[117.169418,-0.494591,0],[117.169423,-0.494575,0],[117.16943,-0.494564,0],[117.169421,-0.49453,0],[117.169418,-0.494517,0],[117.169417,-0.494499,0],[117.16942,-0.494463,0],[117.169425,-0.494423,0],[117.16944,-0.494312,0],[117.169451,-0.494203,0],[117.169458,-0.494102,0],[117.169472,-0.494012,0],[117.169493,-0.493903,0],[117.16951,-0.493797,0],[117.169528,-0.493708,0],[117.16954,-0.493636,0],[117.169548,-0.493487,0],[117.169379,-0.493428,0],[117.169193,-0.49337,0],[117.169131,-0.493342,0],[117.16896,-0.493282,0],[117.168842,-0.493228,0],[117.168681,-0.493162,0],[117.168492,-0.493082,0],[117.1683,-0.492994,0],[117.168318,-0.492881,0],[117.168308,-0.492763,0],[117.168269,-0.492599,0],[117.16826,-0.492334,0],[117.168223,-0.492334,0],[117.168179,-0.492312,0],[117.16814,-0.492244,0],[117.168092,-0.492179,0],[117.168049,-0.492124,0],[117.167986,-0.492053,0],[117.167951,-0.492004,0],[117.167922,-0.49194,0],[117.16789,-0.491891,0],[117.167856,-0.491849,0],[117.167826,-0.491821,0],[117.167764,-0.491775,0],[117.167704,-0.491742,0],[117.167611,-0.491699,0],[117.167491,-0.491648,0],[117.167374,-0.491602,0],[117.167196,-0.491501,0],[117.167128,-0.491439,0],[117.167079,-0.49139,0],[117.16703,-0.491343,0],[117.167011,-0.491312,0],[117.166999,-0.491268,0],[117.166991,-0.491205,0],[117.16698,-0.491101,0],[117.16697,-0.49104,0],[117.166968,-0.490994,0],[117.16697,-0.490957,0],[117.166907,-0.490949,0],[117.166834,-0.490937,0],[117.166746,-0.490919,0],[117.166667,-0.490898,0],[117.166655,-0.490895,0],[117.166582,-0.490872,0],[117.166501,-0.490841,0],[117.166423,-0.4908,0],[117.166347,-0.490747,0],[117.166259,-0.490681,0],[117.166187,-0.490618,0],[117.166133,-0.490557,0],[117.166092,-0.490495,0],[117.166082,-0.490475,0],[117.162478,-0.489854,0],[117.162477,-0.489589,0]]]]}},{"type":"Feature","properties":{"OBJECTID":47261,"KDPPUM":"64","NAMOBJ":"Kelurahan Sungai Pinang Luar","REMARK":null,"KDPBPS":null,"FCODE":"BA03070040","LUASWH":null,"UUPP":"Data RBI Skala 1:5.000 Tahun 2016","SRS_ID":"SRGI 2013","METADATA":"TASWIL1000020200326DATA_BATAS_DESA_KELURAHAN","KDEBPS":null,"KDEPUM":"64.72.09.1005","KDCBPS":null,"KDCPUM":"64.72.09","KDBBPS":null,"WADMKD":"Kelurahan Sungai Pinang Luar","WIADKD":null,"WADMKC":"Samarinda Kota","WIADKC":null,"WADMKK":"Kota Samarinda","WIADKK":null,"WADMPR":"Kalimantan Timur","WIADPR":null,"TIPADM":2,"KDPKAB":"64.72","SHAPE_Leng":0.041621414263897,"SHAPE_Area":0.000060218343883,"visibility":false},"geometry":{"type":"MultiPolygon","coordinates":[[[[117.152172,-0.48974,0],[117.152149,-0.489621,0],[117.151739,-0.4886,0],[117.151564,-0.488659,0],[117.151438,-0.488694,0],[117.151296,-0.488735,0],[117.151164,-0.488767,0],[117.151007,-0.488807,0],[117.151003,-0.488808,0],[117.1509,-0.488835,0],[117.150863,-0.488841,0],[117.150839,-0.488842,0],[117.150824,-0.488841,0],[117.150804,-0.48884,0],[117.150691,-0.488821,0],[117.150609,-0.488813,0],[117.150586,-0.488814,0],[117.150568,-0.488816,0],[117.150557,-0.488818,0],[117.150438,-0.488826,0],[117.150341,-0.488833,0],[117.150115,-0.48886,0],[117.149875,-0.488887,0],[117.14987,-0.488887,0],[117.149839,-0.488891,0],[117.148681,-0.489035,0],[117.148141,-0.489086,0],[117.148136,-0.489093,0],[117.148129,-0.489112,0],[117.148326,-0.489518,0],[117.148389,-0.489641,0],[117.148457,-0.489754,0],[117.148528,-0.489873,0],[117.148602,-0.489995,0],[117.148631,-0.490044,0],[117.148737,-0.490204,0],[117.148733,-0.490221,0],[117.148738,-0.490229,0],[117.148758,-0.490284,0],[117.148763,-0.490298,0],[117.148767,-0.490325,0],[117.148766,-0.49035,0],[117.148764,-0.490367,0],[117.148758,-0.490383,0],[117.148747,-0.490409,0],[117.148728,-0.49044,0],[117.148703,-0.49048,0],[117.148667,-0.490535,0],[117.148598,-0.490637,0],[117.148385,-0.490958,0],[117.148372,-0.490978,0],[117.148354,-0.491006,0],[117.149016,-0.491454,0],[117.150115,-0.492204,0],[117.150101,-0.492237,0],[117.150092,-0.492259,0],[117.150083,-0.49228,0],[117.150083,-0.49228,0],[117.150077,-0.492296,0],[117.15007,-0.492329,0],[117.150066,-0.492392,0],[117.15007,-0.492492,0],[117.150078,-0.492575,0],[117.150087,-0.492625,0],[117.1501,-0.492677,0],[117.150118,-0.492721,0],[117.150133,-0.492766,0],[117.15014,-0.492801,0],[117.150141,-0.492836,0],[117.150141,-0.492881,0],[117.150138,-0.493031,0],[117.150134,-0.493184,0],[117.150125,-0.493331,0],[117.150114,-0.49345,0],[117.150106,-0.493503,0],[117.150101,-0.49353,0],[117.150094,-0.493557,0],[117.150083,-0.493591,0],[117.15007,-0.49362,0],[117.150009,-0.493728,0],[117.149922,-0.493878,0],[117.14984,-0.494013,0],[117.149801,-0.49408,0],[117.149788,-0.494101,0],[117.149797,-0.494109,0],[117.149807,-0.494122,0],[117.149815,-0.494135,0],[117.149824,-0.494149,0],[117.149834,-0.494161,0],[117.149844,-0.494169,0],[117.149851,-0.494174,0],[117.149875,-0.494188,0],[117.149906,-0.494205,0],[117.150196,-0.494362,0],[117.150379,-0.494466,0],[117.150443,-0.494505,0],[117.150443,-0.494506,0],[117.150453,-0.494511,0],[117.1505,-0.49454,0],[117.15048,-0.494571,0],[117.150341,-0.49479,0],[117.15026,-0.494913,0],[117.150094,-0.495172,0],[117.149834,-0.495582,0],[117.14978,-0.495662,0],[117.149736,-0.495718,0],[117.1497,-0.495767,0],[117.149768,-0.495783,0],[117.149896,-0.495806,0],[117.150012,-0.495831,0],[117.150133,-0.495855,0],[117.150184,-0.495864,0],[117.150507,-0.495916,0],[117.150728,-0.495952,0],[117.151007,-0.495997,0],[117.151427,-0.496067,0],[117.151728,-0.496113,0],[117.152016,-0.496157,0],[117.152301,-0.496202,0],[117.15295,-0.496303,0],[117.153112,-0.496328,0],[117.153279,-0.496353,0],[117.153304,-0.496357,0],[117.153402,-0.496373,0],[117.153403,-0.496373,0],[117.153433,-0.496378,0],[117.153623,-0.496406,0],[117.153623,-0.496406,0],[117.153782,-0.496429,0],[117.153957,-0.496457,0],[117.154007,-0.496464,0],[117.154152,-0.496484,0],[117.154121,-0.496529,0],[117.154118,-0.496533,0],[117.154097,-0.496575,0],[117.154079,-0.496618,0],[117.154,-0.496836,0],[117.154044,-0.496851,0],[117.154277,-0.496933,0],[117.154302,-0.496942,0],[117.15442,-0.497481,0],[117.154491,-0.49784,0],[117.154552,-0.498128,0],[117.154584,-0.498324,0],[117.154759,-0.498357,0],[117.154826,-0.498379,0],[117.154875,-0.498226,0],[117.154897,-0.498223,0],[117.155132,-0.498192,0],[117.155147,-0.498187,0],[117.155156,-0.498181,0],[117.155164,-0.498171,0],[117.155169,-0.498159,0],[117.155171,-0.498143,0],[117.155159,-0.498083,0],[117.155098,-0.497826,0],[117.155112,-0.49783,0],[117.155309,-0.497881,0],[117.155482,-0.497931,0],[117.155689,-0.497992,0],[117.155873,-0.49805,0],[117.155857,-0.498192,0],[117.155857,-0.498193,0],[117.155857,-0.4982,0],[117.155856,-0.49827,0],[117.155858,-0.498286,0],[117.156042,-0.498313,0],[117.156261,-0.498353,0],[117.156264,-0.498354,0],[117.156285,-0.498357,0],[117.156313,-0.498362,0],[117.156288,-0.498452,0],[117.156254,-0.498568,0],[117.156227,-0.498661,0],[117.156169,-0.498849,0],[117.156142,-0.498943,0],[117.15617,-0.498947,0],[117.156225,-0.498954,0],[117.156392,-0.49898,0],[117.156539,-0.499002,0],[117.156708,-0.499027,0],[117.156833,-0.499048,0],[117.157007,-0.499069,0],[117.157147,-0.499086,0],[117.157414,-0.49913,0],[117.157457,-0.498964,0],[117.1575,-0.498787,0],[117.157506,-0.498769,0],[117.15751,-0.498754,0],[117.157515,-0.498753,0],[117.157653,-0.498776,0],[117.157785,-0.498798,0],[117.157807,-0.498629,0],[117.157831,-0.498459,0],[117.157853,-0.498274,0],[117.157895,-0.498005,0],[117.157938,-0.498001,0],[117.158035,-0.497985,0],[117.15809,-0.497975,0],[117.158232,-0.497942,0],[117.158352,-0.497909,0],[117.15849,-0.497873,0],[117.158623,-0.497839,0],[117.158723,-0.497807,0],[117.158878,-0.497752,0],[117.158989,-0.497715,0],[117.159132,-0.497665,0],[117.159149,-0.497659,0],[117.159401,-0.497578,0],[117.159386,-0.497536,0],[117.159353,-0.497449,0],[117.159297,-0.497292,0],[117.159257,-0.497172,0],[117.159244,-0.497133,0],[117.159232,-0.497094,0],[117.159231,-0.497093,0],[117.159164,-0.496847,0],[117.159138,-0.496729,0],[117.159131,-0.496613,0],[117.159132,-0.49651,0],[117.159153,-0.496404,0],[117.159192,-0.496303,0],[117.159249,-0.496199,0],[117.159347,-0.496046,0],[117.159411,-0.495906,0],[117.15945,-0.49579,0],[117.159473,-0.495681,0],[117.15948,-0.495556,0],[117.159477,-0.495451,0],[117.159451,-0.495353,0],[117.159389,-0.495231,0],[117.159345,-0.495162,0],[117.159293,-0.495082,0],[117.159205,-0.494963,0],[117.159082,-0.494813,0],[117.158942,-0.494664,0],[117.158836,-0.494541,0],[117.158803,-0.494497,0],[117.158782,-0.49443,0],[117.158779,-0.494371,0],[117.158787,-0.494297,0],[117.158788,-0.494295,0],[117.158795,-0.494271,0],[117.158802,-0.494247,0],[117.158809,-0.494222,0],[117.158816,-0.494201,0],[117.158816,-0.4942,0],[117.158825,-0.494167,0],[117.158851,-0.494119,0],[117.158933,-0.494014,0],[117.159027,-0.493922,0],[117.159098,-0.49385,0],[117.159148,-0.493782,0],[117.159191,-0.493712,0],[117.159212,-0.493631,0],[117.159223,-0.49353,0],[117.159217,-0.493436,0],[117.159198,-0.49335,0],[117.159154,-0.493255,0],[117.1591,-0.493186,0],[117.159041,-0.493132,0],[117.158928,-0.493059,0],[117.158776,-0.492999,0],[117.15866,-0.492954,0],[117.158537,-0.492903,0],[117.158456,-0.492868,0],[117.158394,-0.492826,0],[117.158318,-0.492761,0],[117.158255,-0.492696,0],[117.15817,-0.492594,0],[117.158119,-0.492524,0],[117.158081,-0.492456,0],[117.158051,-0.492392,0],[117.158023,-0.492326,0],[117.157995,-0.49227,0],[117.157964,-0.492215,0],[117.157899,-0.492123,0],[117.15785,-0.49206,0],[117.157796,-0.491994,0],[117.157737,-0.491924,0],[117.157678,-0.491863,0],[117.157633,-0.491829,0],[117.157577,-0.491807,0],[117.157521,-0.49179,0],[117.157453,-0.491777,0],[117.157386,-0.491772,0],[117.157343,-0.491775,0],[117.157319,-0.491777,0],[117.157272,-0.491782,0],[117.157207,-0.491798,0],[117.157141,-0.491818,0],[117.157084,-0.491838,0],[117.156979,-0.491885,0],[117.1568,-0.491974,0],[117.156678,-0.492043,0],[117.156638,-0.492066,0],[117.156611,-0.492089,0],[117.156588,-0.492116,0],[117.156557,-0.492147,0],[117.156514,-0.492174,0],[117.156454,-0.492197,0],[117.156312,-0.49224,0],[117.156227,-0.492257,0],[117.156145,-0.492266,0],[117.156076,-0.492264,0],[117.156017,-0.492257,0],[117.155954,-0.492244,0],[117.155922,-0.492236,0],[117.155902,-0.492231,0],[117.155876,-0.492222,0],[117.155845,-0.492211,0],[117.155815,-0.492201,0],[117.155791,-0.492192,0],[117.155739,-0.492172,0],[117.155688,-0.492148,0],[117.155642,-0.492123,0],[117.155594,-0.492092,0],[117.155532,-0.492044,0],[117.155454,-0.491986,0],[117.155376,-0.491932,0],[117.155293,-0.491872,0],[117.155209,-0.491808,0],[117.15508,-0.491719,0],[117.154971,-0.49166,0],[117.154835,-0.491589,0],[117.154753,-0.491556,0],[117.154657,-0.49153,0],[117.154515,-0.491504,0],[117.15431,-0.491484,0],[117.15406,-0.491459,0],[117.15385,-0.491446,0],[117.153734,-0.491442,0],[117.153559,-0.491429,0],[117.153369,-0.491407,0],[117.153242,-0.491391,0],[117.153012,-0.491356,0],[117.152988,-0.491353,0],[117.152871,-0.491336,0],[117.15279,-0.49132,0],[117.152727,-0.491302,0],[117.152724,-0.491301,0],[117.152682,-0.491281,0],[117.152648,-0.491259,0],[117.152626,-0.491246,0],[117.152626,-0.491246,0],[117.15257,-0.49121,0],[117.152561,-0.491204,0],[117.15256,-0.491204,0],[117.152554,-0.4912,0],[117.152553,-0.491199,0],[117.152536,-0.491187,0],[117.152507,-0.491167,0],[117.15247,-0.491138,0],[117.152408,-0.491066,0],[117.152363,-0.490993,0],[117.152328,-0.490924,0],[117.152306,-0.490857,0],[117.152305,-0.490852,0],[117.152299,-0.49084,0],[117.152296,-0.490794,0],[117.152295,-0.490791,0],[117.152285,-0.490697,0],[117.152277,-0.490601,0],[117.152272,-0.490483,0],[117.15227,-0.490371,0],[117.152261,-0.490268,0],[117.152246,-0.490157,0],[117.152228,-0.490044,0],[117.152207,-0.489931,0],[117.152184,-0.489808,0],[117.152172,-0.48974,0]]]]}},{"type":"Feature","properties":{"OBJECTID":47262,"KDPPUM":"64","NAMOBJ":"Kelurahan Pelita","REMARK":null,"KDPBPS":null,"FCODE":"BA03070040","LUASWH":null,"UUPP":"Data RBI Skala 1:5.000 Tahun 2016","SRS_ID":"SRGI 2013","METADATA":"TASWIL1000020200326DATA_BATAS_DESA_KELURAHAN","KDEBPS":null,"KDEPUM":"64.72.04.1014","KDCBPS":null,"KDCPUM":"64.72.04","KDBBPS":null,"WADMKD":"Kelurahan Pelita","WIADKD":null,"WADMKC":"Samarinda Ilir","WIADKC":null,"WADMKK":"Kota Samarinda","WIADKK":null,"WADMPR":"Kalimantan Timur","WIADPR":null,"TIPADM":2,"KDPKAB":"64.72","SHAPE_Leng":0.032131183416524,"SHAPE_Area":0.000049422472931,"visibility":false},"geometry":{"type":"MultiPolygon","coordinates":[[[[117.159264,-0.482088,0],[117.159261,-0.482085,0],[117.15917,-0.482015,0],[117.159159,-0.482008,0],[117.157782,-0.484055,0],[117.157474,-0.484513,0],[117.157434,-0.484575,0],[117.157356,-0.484696,0],[117.157285,-0.484805,0],[117.15725,-0.484856,0],[117.157202,-0.484928,0],[117.157132,-0.485035,0],[117.15706,-0.48515,0],[117.156977,-0.485276,0],[117.156873,-0.48543,0],[117.156795,-0.485548,0],[117.156715,-0.485669,0],[117.15664,-0.485781,0],[117.156564,-0.485895,0],[117.156496,-0.485993,0],[117.15643,-0.486091,0],[117.156345,-0.486218,0],[117.156283,-0.486314,0],[117.156204,-0.486435,0],[117.156117,-0.486566,0],[117.156021,-0.486707,0],[117.155949,-0.486817,0],[117.155889,-0.486902,0],[117.155796,-0.487044,0],[117.15573,-0.487146,0],[117.155634,-0.487293,0],[117.155544,-0.487428,0],[117.155454,-0.487567,0],[117.155369,-0.487697,0],[117.155298,-0.487802,0],[117.155238,-0.487898,0],[117.155187,-0.487975,0],[117.155123,-0.488072,0],[117.155063,-0.488168,0],[117.155003,-0.488263,0],[117.15493,-0.488375,0],[117.154825,-0.48853,0],[117.154734,-0.488665,0],[117.154726,-0.488671,0],[117.15472,-0.488673,0],[117.154713,-0.488672,0],[117.154704,-0.488672,0],[117.154694,-0.488672,0],[117.154688,-0.488675,0],[117.154681,-0.488679,0],[117.154663,-0.488696,0],[117.154078,-0.489333,0],[117.153752,-0.489718,0],[117.153739,-0.489705,0],[117.153704,-0.489765,0],[117.15364,-0.489871,0],[117.153512,-0.490072,0],[117.153435,-0.490176,0],[117.153377,-0.490259,0],[117.153376,-0.49026,0],[117.153375,-0.490261,0],[117.153369,-0.490269,0],[117.153361,-0.49028,0],[117.153338,-0.490311,0],[117.153329,-0.490323,0],[117.153298,-0.490365,0],[117.153297,-0.490366,0],[117.153215,-0.490488,0],[117.153157,-0.490586,0],[117.153118,-0.490651,0],[117.153112,-0.490661,0],[117.153106,-0.490671,0],[117.153058,-0.490751,0],[117.152957,-0.490903,0],[117.152945,-0.490921,0],[117.152941,-0.490927,0],[117.152898,-0.490994,0],[117.152888,-0.491009,0],[117.152878,-0.491024,0],[117.152851,-0.491064,0],[117.152784,-0.491181,0],[117.152724,-0.491301,0],[117.152727,-0.491302,0],[117.15279,-0.49132,0],[117.152871,-0.491336,0],[117.152988,-0.491353,0],[117.153012,-0.491356,0],[117.153242,-0.491391,0],[117.153369,-0.491407,0],[117.153559,-0.491429,0],[117.153734,-0.491442,0],[117.15385,-0.491446,0],[117.15406,-0.491459,0],[117.15431,-0.491484,0],[117.154515,-0.491504,0],[117.154657,-0.49153,0],[117.154753,-0.491556,0],[117.154835,-0.491589,0],[117.154971,-0.49166,0],[117.15508,-0.491719,0],[117.155209,-0.491808,0],[117.155293,-0.491872,0],[117.155376,-0.491932,0],[117.155454,-0.491986,0],[117.155532,-0.492044,0],[117.155594,-0.492092,0],[117.155642,-0.492123,0],[117.155688,-0.492148,0],[117.155739,-0.492172,0],[117.155791,-0.492192,0],[117.155815,-0.492201,0],[117.155845,-0.492211,0],[117.155876,-0.492222,0],[117.155902,-0.492231,0],[117.155922,-0.492236,0],[117.155954,-0.492244,0],[117.156017,-0.492257,0],[117.156076,-0.492264,0],[117.156145,-0.492266,0],[117.156227,-0.492257,0],[117.156312,-0.49224,0],[117.156454,-0.492197,0],[117.156514,-0.492174,0],[117.156557,-0.492147,0],[117.156588,-0.492116,0],[117.156611,-0.492089,0],[117.156638,-0.492066,0],[117.156678,-0.492043,0],[117.1568,-0.491974,0],[117.156979,-0.491885,0],[117.157084,-0.491838,0],[117.157141,-0.491818,0],[117.157207,-0.491798,0],[117.157272,-0.491782,0],[117.157319,-0.491777,0],[117.157343,-0.491775,0],[117.157386,-0.491772,0],[117.157334,-0.491504,0],[117.157327,-0.491449,0],[117.157311,-0.491348,0],[117.157393,-0.491293,0],[117.157397,-0.491299,0],[117.157484,-0.491249,0],[117.157583,-0.491194,0],[117.157672,-0.491151,0],[117.157694,-0.491204,0],[117.157733,-0.491286,0],[117.157799,-0.491397,0],[117.157899,-0.49134,0],[117.157994,-0.491282,0],[117.15809,-0.491227,0],[117.158138,-0.491202,0],[117.158186,-0.49118,0],[117.158251,-0.491152,0],[117.158302,-0.491134,0],[117.158343,-0.491127,0],[117.158439,-0.491112,0],[117.158443,-0.491112,0],[117.158454,-0.491196,0],[117.158529,-0.49118,0],[117.15853,-0.491186,0],[117.158545,-0.491183,0],[117.158547,-0.491191,0],[117.158604,-0.491178,0],[117.158582,-0.491052,0],[117.158701,-0.491032,0],[117.158707,-0.491073,0],[117.158827,-0.491054,0],[117.158843,-0.491143,0],[117.158901,-0.491129,0],[117.158969,-0.491116,0],[117.158953,-0.491047,0],[117.159126,-0.490997,0],[117.15914,-0.491043,0],[117.159384,-0.491021,0],[117.1597,-0.490996,0],[117.159693,-0.490867,0],[117.159699,-0.490771,0],[117.159707,-0.490698,0],[117.159708,-0.490607,0],[117.159708,-0.490498,0],[117.1598,-0.490485,0],[117.159914,-0.490422,0],[117.159924,-0.490414,0],[117.159937,-0.490394,0],[117.159957,-0.490393,0],[117.160077,-0.49038,0],[117.160132,-0.490371,0],[117.160197,-0.490352,0],[117.160255,-0.490334,0],[117.160313,-0.490321,0],[117.160341,-0.490317,0],[117.160427,-0.490315,0],[117.160436,-0.490314,0],[117.160428,-0.490176,0],[117.160432,-0.490172,0],[117.160478,-0.490169,0],[117.160535,-0.490165,0],[117.160535,-0.490152,0],[117.160657,-0.490133,0],[117.160832,-0.490116,0],[117.160878,-0.490103,0],[117.160868,-0.490086,0],[117.160772,-0.489871,0],[117.160889,-0.489814,0],[117.161027,-0.489753,0],[117.16103,-0.489752,0],[117.161048,-0.489744,0],[117.161062,-0.489741,0],[117.161078,-0.489741,0],[117.161178,-0.489743,0],[117.161191,-0.489742,0],[117.161202,-0.489739,0],[117.161213,-0.489735,0],[117.161276,-0.489697,0],[117.161401,-0.489606,0],[117.16141,-0.489599,0],[117.161405,-0.489592,0],[117.161415,-0.489587,0],[117.161498,-0.48954,0],[117.161572,-0.489501,0],[117.161574,-0.489501,0],[117.161601,-0.489488,0],[117.161626,-0.489481,0],[117.161665,-0.489472,0],[117.161757,-0.489457,0],[117.161804,-0.489452,0],[117.16181,-0.489451,0],[117.16195,-0.489441,0],[117.162175,-0.489423,0],[117.162363,-0.489409,0],[117.162406,-0.489404,0],[117.162449,-0.489398,0],[117.162433,-0.489293,0],[117.162415,-0.489198,0],[117.162382,-0.489058,0],[117.162312,-0.488728,0],[117.162206,-0.488235,0],[117.1622,-0.488198,0],[117.162167,-0.488059,0],[117.161932,-0.486902,0],[117.161839,-0.486349,0],[117.161645,-0.485735,0],[117.161468,-0.485339,0],[117.161158,-0.484728,0],[117.16109,-0.484575,0],[117.161061,-0.48452,0],[117.160949,-0.484315,0],[117.160831,-0.484096,0],[117.160755,-0.483967,0],[117.160739,-0.483939,0],[117.160676,-0.483832,0],[117.16052,-0.483571,0],[117.160504,-0.483545,0],[117.160375,-0.483337,0],[117.160334,-0.483276,0],[117.160196,-0.483101,0],[117.1599,-0.482789,0],[117.159577,-0.482428,0],[117.159264,-0.482088,0]]]]}}]}